tree
version=v4
num_class=1
num_tree_per_iteration=1
label_index=0
max_feature_idx=16
objective=binary sigmoid:1
feature_names=ret_1 ret_3 log_ret body_size wick_ratio ema_diff rsi_14 trend_strength atr_ratio bb_width ttm_squeeze volatility_slope vol_z whale_z flow_imbalance cvd_slope efficiency_ratio
feature_infos=[-0.18035574156421652:0.33606304079110028] [-0.22481969659288747:0.59363411619283091] [-0.19888486403168254:0.28972726022210271] [0:5223.8000000000029] [0:681500000000] [-0.11924600734804339:0.13248398806511005] [0:100] [-1:1] [0:5.9339301897356949] [0:0.87643002054622621] [0:1] [-64.894360339377783:570.30247479376737] [-2.4183608997732939:4.2449190777105725] [-1.2739161666028089:6.9296464552374557] [-0.51031607117756195:0.53832402627131626] [-0.80666099375581579:0.92234782097451506] [0:0.67895379702597247]
tree_sizes=3388 3399 3423 3422 3436 3460 3462 3463 3460 3441 3451 3468 3458 3456 3450 3473 3466 3462 3460 3475 3467 3471 3464 3461 3466 3471 3457 3458 3476 3454 3457 3470 3442 3466 3471 3464 3476 3482 3456 3490 3497 3481 3460 3499 3476 3457 3471 3461 3484 3466 3486 3483 3470 3496 3483 3466 3498 3502 3516 3482 3491 3495 3492 3474 3462 3483 3492 3502 3482 3490 3486 3508 3483 3491 3496 3489 3496 3495 3477 3464 3506 3490 3469 3509 3534 3474 3480 3487 3484 3468 3487 3474 3466 3500 3490 3489 3505 3484 3488 3474 3481 3504 3437 3486 3473 3501 3488 3487 3489 3479 3476 3470 3486 3476 3472 3482 3493 3490 3478 3463 3484 3471 3479 3487 3472 3488 3489 3486 3469 3500 3456 3466 3479 3449 3447 3475 3484 3478 3514 3491 3489 3502 3483 3467 3475 3474 3538 3489 3462 3480 3469 3476 3502 3432 3456 3473 3500 3472 3487 3473 3457 3461 3461 3464 3471 3499 3501 3492 3466 3489 3456 3478 3469 3461 3466 3499 3462 3479 3478 3447 3484 3456 3493 3475

Tree=0
num_leaves=31
num_cat=0
split_feature=16 9 6 8 6 12 9 8 5 5 7 6 3 8 8 12 12 8 5 5 8 10 12 1 8 5 15 3 12 1
split_gain=57254.5 1635.61 1323.19 957.268 561.031 341.798 339.445 338.483 492.93 327.762 282.605 282.34 300.715 248.247 281.775 286.343 193.007 176.911 173.073 170.016 164.738 146.147 136.599 129.926 169.25 136.369 129.843 125.421 124.297 121.41
threshold=0.099609374708175838 0.048962892742632873 70.301072804120309 0.94708936094204133 70.585089489189258 -0.18070019753406449 0.19942808896615341 0.51283230772526311 -0.0073932152861536666 -0.063005129673424379 0.75000000000000011 84.121153414220373 35.259999999999998 2.0686321759855786 1.1340704209444838 -0.28227557393826458 -0.19913332006271958 0.90226874493682729 0.034521243015698359 0.020751539889932526 1.0000000180025095e-35 1.0000000180025095e-35 0.76679999662947751 -0.016706978437194705 1.1061785254898213 -0.002072968179730694 -0.18589463873865056 0.3099999999999597 2.9271253411639004 0.0038821627657326112
decision_type=2 2 2 2 2 2 2 2 2 2 2 2 2 2 2 2 2 2 2 2 2 2 2 2 2 2 2 2 2 2
left_child=-1 4 3 7 5 17 11 8 -3 -5 13 12 16 14 15 -11 -4 -2 -8 27 -7 -19 -9 24 25 -22 -15 -12 -25 -16
right_child=1 2 6 9 -6 20 18 22 -10 10 19 -13 -14 26 29 -17 -18 21 -20 -21 23 -23 -24 28 -26 -27 -28 -29 -30 -31
leaf_value=-2.0534703930695257 -1.9000052934975513 -1.794952163102296 -1.9098429364274663 -1.8574223815060507 -1.8711336945467556 -2.0030328543923748 -2.0451842260358339 -1.9155556302494468 -1.982300859820221 -1.9524554897876942 -1.9247158885827911 -1.867147360105935 -1.9757272169838958 -1.9681716141289411 -1.9509588101171973 -1.9158903280127593 -1.885038841453949 -1.909265781753495 -1.9304333660151793 -1.9002042945463624 -1.8758856667533239 -1.9334120854268135 -1.8911829404300993 -1.8905989129863685 -1.9452815685113876 -1.9254684417833967 -1.8652248100341113 -1.9666503620073261 -1.8628225226055053 -1.9736839060170199
leaf_weight=3052.5918404757977 1310.7214713990688 50.47999931871891 510.69622844457626 44.376884922385216 731.33933992683887 11.895901724696158 18.102459222078323 1063.7004901915789 16.861147627234459 363.80770570039749 306.3970489948988 314.77589964866638 44.376885443925858 14.068196773529051 864.78032959997654 409.94311414659023 631.41376762092113 765.57885082066059 34.136065572500229 214.3331141024828 127.54475340247154 319.8445902466774 256.95147439837456 2093.3683522939682 85.96081979572773 82.029999956488609 50.997212782502174 81.202459305524826 155.78458911180496 280.12262414395809
leaf_count=29510 7307 140 2981 197 3514 99 171 6371 131 2537 1910 1479 337 104 5996 2459 3268 4457 218 1196 629 2068 1372 11145 583 513 237 597 714 2112
internal_value=-1.93824 -1.90698 -1.91853 -1.92762 -1.89566 -1.89928 -1.89502 -1.90747 -1.84186 -1.93826 -1.93965 -1.89241 -1.89911 -1.94511 -1.94707 -1.93308 -1.89613 -1.90742 -1.9702 -1.92165 -1.89165 -1.91638 -1.91081 -1.89113 -1.90983 -1.89529 -1.88748 -1.9335 -1.88868 -1.95652
internal_weight=14308.2 11255.6 5571.52 4018.02 5684.07 4952.73 1553.5 1387.99 67.3411 2630.03 2585.65 1501.26 1186.49 1983.72 1918.65 773.751 1142.11 2396.14 52.2385 601.933 2556.58 1085.42 1320.65 2544.69 295.536 209.575 65.0654 387.6 2249.15 1144.9
internal_count=94352 64842 33813 25359 31029 27515 8454 8014 271 17345 17148 8065 6586 13445 13104 4996 6249 13832 389 3703 13683 6525 7743 13584 1725 1142 341 2507 11859 8108
is_linear=0
shrinkage=1


Tree=1
num_leaves=31
num_cat=0
split_feature=16 9 8 7 8 7 8 1 16 8 8 3 16 5 5 5 8 12 8 8 12 3 16 9 8 5 11 9 8 8
split_gain=47707.6 1183.82 668.684 903.665 527.48 295.634 306.297 275.869 269.987 268.009 220.123 209.069 202.871 193.738 191.92 188.385 177.996 183.904 160.285 149.731 135.658 128.193 128.603 125.169 120.76 116.96 114.47 113.033 110.773 102.34
threshold=0.099609374708175838 0.048962892742632873 0.74528864523312632 0.75000000000000011 1.0959722503162082 0.75000000000000011 1.3290299210568131 -0.017164599800655041 0.25822407639140038 1.946074217491047 1.4202043193558205 0.18750000000000003 0.14630442501377891 -0.063005129673424379 0.0064505061223347065 -0.018636780631645974 1.0000000180025095e-35 1.0603533525111974 0.52998045767908752 0.89692998397996004 0.40554806668421467 0.32349999999999929 0.37117013023397821 0.019631364409815333 0.84993570738780511 0.019663011120225483 44.980734828677662 0.06437801344216719 0.65947314000141144 0.91506021331603116
decision_type=2 2 2 2 2 2 2 2 2 2 2 2 2 2 2 2 2 2 2 2 2 2 2 2 2 2 2 2 2 2
left_child=-1 5 -3 4 7 6 16 -4 11 13 21 14 -7 -6 -5 -9 -2 19 -14 28 25 22 -10 -21 -17 -13 -11 -27 -18 -20
right_child=1 2 3 8 9 12 -8 15 10 26 -12 20 18 -15 -16 24 17 -19 29 23 -22 -23 -24 -25 -26 27 -28 -29 -30 -31
leaf_value=-0.033848667757876746 -0.034135902583381471 0.12055015876472572 0.1115233817012366 0.068168738214105948 0.15121947931149665 0.10434156618808711 0.070279297032965149 0.059847611136950009 0.11736065732121365 0.11816489823377399 0.086142177149350005 0.038758502122688665 0.040265549665310152 0.059374359527076592 0.10582011758038039 0.10394780434429199 0.096136932222875518 0.11933643180460246 0.13423631754433984 0.12360530706426351 0.10200288630305575 0.10039630921136034 0.1464471687241993 0.092066276750598572 0.081591155412915298 0.14553951541037652 0.018133885251939069 0.063222808474301506 0.11316024448889225 0.11830221235775554
leaf_weight=2973.8406693190336 8.0815274417400342 603.65154573321342 370.97802652418613 146.19867802411318 20.983201034367085 649.30207319557667 221.9991951584816 269.0293857306242 385.21071385592222 104.1210106536746 210.15569848567247 125.16081344336271 20.077685482800007 1385.699593834579 731.38641279190779 303.49103482067585 460.3816569969058 828.5880489423871 670.08349324762821 126.21608305722475 83.557836063206196 209.06899148225784 212.15364272892475 1102.546390093863 766.95320983231068 20.83363626152277 11.42575717717409 53.73770921677351 1361.1419601142406 791.01451282948256
leaf_count=29510 76 2827 1859 904 77 3322 1354 1745 1835 489 1184 889 139 9268 3755 1582 2445 3860 2846 589 442 1097 831 6069 4521 85 87 336 6622 3707
internal_value=0.07394 0.1001 0.0906021 0.0872606 0.0771979 0.109255 0.104553 0.08863 0.1022 0.0643521 0.113488 0.0923143 0.118324 0.0607444 0.0995477 0.0822895 0.10651 0.106803 0.124453 0.103399 0.0699063 0.120615 0.127691 0.0953059 0.0879297 0.0564787 0.108273 0.0862203 0.108858 0.12561
internal_weight=15227.1 12253.2 6013.8 5410.15 3232.68 6239.43 4108.95 1710.45 2177.46 1522.23 1016.59 1160.88 2130.48 1406.68 877.585 1339.47 3886.96 3878.87 1481.18 3050.29 283.29 806.433 597.364 1228.76 1070.44 199.732 115.547 74.5713 1821.52 1461.1
internal_count=94352 64842 33813 30986 19628 31029 21015 9707 11358 9921 4947 6411 10014 9345 4659 7848 19661 19585 6692 15725 1752 3763 2666 6658 6103 1310 576 421 9067 6553
is_linear=0
shrinkage=0.03


Tree=2
num_leaves=31
num_cat=0
split_feature=16 9 6 8 6 8 5 12 9 8 3 16 7 5 8 6 5 8 12 5 11 8 5 16 9 9 6 5 8 8
split_gain=40488.2 901.464 721.341 473.604 397.041 278.178 302.815 243.437 225.497 201.513 187.462 192.047 157.499 164.273 146.307 157.815 152.785 144.602 141.758 143.394 141.528 132.829 131.612 126.64 122.921 122.39 122.297 115.404 113.235 111.897
threshold=0.099609374708175838 0.052743838403906555 70.895702022950204 1.130477991924516 70.301072804120309 0.52998045767908752 -0.0067587640420748761 -0.18070019753406449 0.22312426493641338 1.946074217491047 0.32349999999999929 0.21311772499310516 0.75000000000000011 -0.063005129673424379 1.3939597158606996 80.081724563594875 0.011042495727252695 1.0021803773572473 -0.16239051220183315 -0.0035159765716661381 -16.864875650492674 0.7161654683222124 0.0093207174844457067 0.37117013023397821 0.067707820545920325 0.026088886279966989 90.569935385323291 0.020751539889932526 1.0000000180025095e-35 1.4116621191253855
decision_type=2 2 2 2 2 2 2 2 2 2 2 2 2 2 2 2 2 2 2 2 2 2 2 2 2 2 2 2 2 2
left_child=-1 4 3 5 7 6 -3 17 10 12 14 -12 13 -5 15 22 -16 -2 19 20 -7 -13 23 -4 -21 29 -10 -14 -9 -19
right_child=1 2 8 9 -6 18 -8 28 26 -11 11 21 27 -15 16 -17 -18 25 -20 24 -22 -23 -24 -25 -26 -27 -28 -29 -30 -31
leaf_value=-0.033720574997229608 0.092541170006701437 0.16244867526134157 0.07601374844292963 0.13756850671468962 0.11412618491123819 0.097132096598037371 0.0198306496772442 0.011782586009446377 -0.0070139389508574084 0.096972823665322117 0.03665386302085534 0.15327164928642203 0.061829705213756116 0.052522049813668752 0.015330620981099741 0.12510970802050564 0.092507057771364351 0.10756763825155566 0.089532400990754921 0.098298976371161237 0.059833354232256455 0.085753822640143459 0.11271798488650703 0.13537535533488548 0.071195795374313878 0.07309408433932732 0.1321056980433972 0.09439211919988115 0.10027751570976484 0.026878921438830184
leaf_weight=2896.7472925782204 2102.0192009285092 71.211403883993626 223.03988300263882 20.807429790496826 1055.9787914380431 108.00946571677923 16.504367977380753 13.065292425453661 27.176934942603111 140.90235809981823 69.279512360692024 28.662603169679642 228.24089202284813 1160.023650676012 26.849374152719975 393.99676702916622 164.71755795180798 169.53977470099926 1029.500467069447 316.61171496659517 601.12100011110306 308.21289099007845 353.25244264304638 37.830847047269344 287.22073505073786 761.62205498665571 7.191960208117961 171.6058637201786 3270.0787998586893 17.020947307348251
leaf_count=29510 10075 165 1175 64 4225 529 117 107 216 652 452 86 1340 7533 185 1460 789 766 5123 1529 3590 1549 1473 132 1598 4185 29 815 14768 115
internal_value=0.0678324 0.0901499 0.0812884 0.074634 0.0970957 0.0831622 0.135614 0.0942562 0.0981324 0.0625956 0.0997597 0.0821434 0.0595312 0.0540207 0.105724 0.110291 0.0816903 0.0881541 0.081198 0.074663 0.0655144 0.0914985 0.100783 0.0846222 0.085407 0.0784285 0.0220979 0.0758048 0.0999253 0.100206
internal_weight=16078 13181.3 5791.97 4151.76 7389.32 2430.18 87.7158 6333.35 1640.21 1721.58 1605.84 406.155 1580.68 1180.83 1199.69 1008.12 191.567 3050.2 2342.46 1312.96 709.13 336.875 614.123 260.871 603.832 948.183 34.3689 399.847 3283.14 186.561
internal_count=94352 64842 30601 23055 34241 12651 282 30016 7546 10404 7301 2087 9752 7597 5214 4240 974 15141 12369 7246 4119 1635 2780 1307 3127 5066 245 2155 14875 881
is_linear=0
shrinkage=0.03


Tree=3
num_leaves=31
num_cat=0
split_feature=16 8 7 9 9 6 12 12 6 12 12 8 9 8 3 0 8 6 9 6 8 11 8 9 8 9 4 6 0 9
split_gain=34867.6 726.52 805.106 387.138 271.249 271.276 244.839 218.127 201.128 194.93 169.922 166.912 170.122 154.319 137.591 123.976 129.752 119.922 115.977 114.6 147.897 106.77 104.996 97.7767 96.8832 137.863 93.4436 90.924 90.5025 90.1401
threshold=0.099609374708175838 0.99103870453598708 0.75000000000000011 0.046811677096801889 0.15517203536867427 74.056288951659909 0.021020531466634133 -0.20781227510139522 55.110828697387412 -0.46812409540814076 0.33846878365630567 1.1825366146137448 0.12657912707229704 2.0686321759855786 0.064649999999999888 0.0096056698947276659 1.8608848829211784 56.12042962858775 0.18558449077028022 44.697981049410132 1.0000000180025095e-35 39.443713586965529 1.3290299210568131 0.026890100803305863 0.52998045767908752 0.071563024156912833 5.3293669492254567 90.569935385323291 0.010389016757720861 0.026088886279966989
decision_type=2 2 2 2 2 2 2 2 2 2 2 2 2 2 2 2 2 2 2 2 2 2 2 2 2 2 2 2 2 2
left_child=-1 4 3 22 5 10 8 17 15 -10 19 12 -8 26 -9 16 -5 -4 -19 24 -21 -15 29 -16 25 -2 -13 -20 -12 -3
right_child=1 2 7 6 -6 -7 11 14 9 -11 28 13 -14 21 23 -17 -18 18 27 20 -22 -23 -24 -25 -26 -27 -28 -29 -30 -31
leaf_value=-0.033597207672953253 0.075413561254137729 0.097291909418808206 0.050770756615750028 0.054138326027163473 0.014845951006820575 0.10471118206509646 0.076636784809167011 0.1023593412135458 -0.0022693044706802146 0.063053585009025706 0.095889853010680606 0.058387089152979785 0.13658401859049685 0.12552170225075765 0.10903366858184048 0.018503542767088595 0.096601741710395761 0.082133778626129514 0.010619495400904131 -0.034937931430078409 0.0879486235409601 0.026054415044917151 0.059889106757751193 0.080973854140513765 0.07627067796426612 0.14764758198489486 0.020608603987628291 0.14965671513870132 0.075123179462520562 0.077256994295944029
leaf_weight=2821.3018162548542 54.180904224514961 266.52920199930668 141.16115421801805 992.79969489574432 44.91082126647234 853.43118949979544 378.16500755399466 814.38244893401861 119.38657283037901 62.710103780031204 1881.148155592382 455.30297607928514 48.014932788908482 46.525868102908134 131.64144448935986 81.451896786689758 69.282316848635674 1015.7721298485994 32.835054561495781 8.8443658351898176 2603.219599917531 12.274949491024016 231.83218349516392 740.24587074667215 1798.802900634706 42.380132734775543 67.685276560485363 4.8596066683530799 209.95257688313723 836.1967536509037
leaf_count=29510 266 1086 783 5938 296 3156 1873 3159 882 348 7609 2677 161 148 476 561 290 4678 227 74 11396 80 1249 3337 8594 86 470 13 963 3966
internal_value=0.062644 0.0819752 0.0746753 0.0653535 0.0883523 0.0887953 0.0579832 0.0865444 0.0495097 0.0202265 0.0867368 0.0691271 0.0833907 0.0586785 0.0934925 0.0541728 0.0569083 0.0767369 0.0802163 0.0834578 0.0875325 0.104757 0.0782412 0.0852105 0.0778422 0.107117 0.0534978 0.0285442 0.0938048 0.0820994
internal_weight=16867.2 14045.9 6549.06 3668.16 7496.87 7451.96 2333.6 2880.9 1325.63 182.097 6598.53 1007.97 426.18 581.789 1686.27 1143.53 1062.08 1194.63 1053.47 4507.43 2612.06 58.8008 1334.56 871.887 1895.36 96.561 522.988 37.6947 2091.1 1102.73
internal_count=94352 64842 32402 19729 32440 32144 13428 12673 8019 1230 28988 5409 2034 3375 6972 6789 6228 5701 4918 20416 11470 228 6301 3813 8946 352 3147 240 8572 5052
is_linear=0
shrinkage=0.03


Tree=4
num_leaves=31
num_cat=0
split_feature=16 9 6 8 12 7 9 5 8 6 3 16 8 16 8 6 8 8 5 8 8 9 12 6 13 9 5 4 14 0
split_gain=30385.6 621.097 551.965 432.886 219.037 190.32 169.904 169.704 177.323 207.52 134.644 134.494 128.741 121.23 118.866 116.951 110.825 105.501 252.949 103.162 102.724 101.185 94.1456 93.3562 91.693 91.2817 90.2846 87.8268 84.4952 106.457
threshold=0.099609374708175838 0.045951712221032615 70.895702022950204 0.94708936094204133 -0.29811598459392485 0.75000000000000011 0.22312426493641338 -0.051750064509624188 1.2211942170876977 64.429658311555798 0.32349999999999929 0.21468553721433983 1.0396048138680272 0.14630442501377891 1.4292726857673548 80.081724563594875 1.0000000180025095e-35 0.51283230772526311 -0.0070647351575685311 1.946074217491047 0.52998045767908752 0.13297823188937399 1.5063325482141534 90.569935385323291 -0.4063282746615558 0.028540622691819884 0.012287614819948079 91.126877509599908 0.040969451308111728 0.006493347983852261
decision_type=2 2 2 2 2 2 2 2 2 2 2 2 2 2 2 2 2 2 2 2 2 2 2 2 2 2 2 2 2 2
left_child=-1 5 3 17 -5 12 10 -6 27 19 14 -12 16 -7 15 -4 -2 18 -3 -10 -15 28 -18 -8 25 -14 -16 -9 -19 -30
right_child=1 2 6 4 7 13 23 8 9 -11 11 -13 24 20 26 -17 22 21 -20 -21 -22 -23 -24 -25 -26 -27 -28 -29 29 -31
leaf_value=-0.033478359021323081 -0.034361387924426764 0.13014124441413127 0.084167175035630037 0.049561631805624291 0.10790818588038366 0.078266168795193422 -0.0081190073028543936 0.071737750384459675 0.04277761342297124 0.08494716878780903 0.039629772233076649 0.077818860730728606 0.11043086814430898 0.029789835295622402 0.018243275791613986 0.10232914697335262 0.078910290930666122 0.078114804484772968 0.013834305099812644 0.080545153451198503 0.093658687595704213 0.034592415899132034 0.092477494384705539 0.10545666074107843 0.0640041725291699 0.072146532910184469 0.074783690620118887 -0.035630012814947133 0.073758733199700915 0.041130879320627735
leaf_weight=2747.4923675507307 7.5105346962809554 78.785596027970314 834.35102047026157 1543.3143698871136 78.080557636916637 744.29048184305429 28.068985104560852 1064.4453307911754 671.73407525569201 151.60866159945726 101.72403220832348 450.85940560698509 83.041619092226028 22.975694693624973 30.645793281495571 516.71002850681543 2986.3859086632729 1535.9580542445183 21.400505632162094 72.075967021286488 1670.7877368330956 57.680478997528553 544.20594115555286 8.4817204326391202 818.89924693107605 172.45198868215084 148.99639754742384 6.9012602865695944 264.25088839232922 136.48316106200218
leaf_count=29510 68 145 3272 8664 256 3093 216 4961 3985 637 569 1899 283 137 188 1645 12334 6587 142 298 5931 327 1950 29 3843 789 639 52 1177 726
internal_value=0.0581715 0.0751247 0.0692931 0.0644197 0.0580936 0.0815782 0.0823574 0.0645329 0.0628109 0.0529577 0.0834824 0.0707887 0.0779948 0.0883578 0.0880648 0.0911132 0.0807567 0.075257 0.105297 0.0464373 0.0927923 0.0737479 0.0810015 0.0182366 0.0688995 0.0845899 0.0651383 0.0710461 0.0749141 0.0626462
internal_weight=17600.6 14853.1 7802.56 5682.72 3588.16 7050.55 2119.84 2044.85 1966.77 895.419 2083.29 552.583 4612.5 2438.05 1530.7 1351.06 3538.1 2094.56 100.186 743.81 1693.76 1994.37 3530.59 36.5507 1074.39 255.494 179.642 1071.35 1936.69 400.734
internal_count=94352 64842 36414 27957 18853 28428 8457 10189 9933 4920 8212 2468 19267 9161 5744 4917 14352 9104 287 4283 6068 8817 14284 245 4915 1072 827 5013 8490 1903
is_linear=0
shrinkage=0.03


Tree=5
num_leaves=31
num_cat=0
split_feature=16 9 6 8 8 8 7 5 8 9 1 3 10 11 0 7 15 5 11 5 8 8 12 11 15 15 5 11 3 1
split_gain=26700.2 542.855 373.95 396.784 145.248 142.012 141.191 134.032 127.389 123.665 160.846 118.936 112.575 108.804 132.04 104.651 101.794 101.102 100.176 108.159 120.725 96.9389 94.0924 87.374 104.593 87.5882 85.4579 84.0412 82.5087 79.234
threshold=0.099609374708175838 0.045951712221032615 74.407582938388728 1.130477991924516 1.0000000180025095e-35 1.540761654126501 -0.74999999999999989 0.021374329171348086 0.78153287650927616 0.076063440208331445 -0.014185430797424235 35.259999999999998 1.0000000180025095e-35 44.980734828677662 -0.016781267414660125 1.0000000180025095e-35 -0.0030236748395634848 0.011042495727252695 -0.23013320445742222 -0.0019581452321761304 1.4729576447514412 1.323207627880219 3.14602506932416 -16.864875650492674 0.22977115785836225 -0.015735415522094894 -0.018226548538744402 21.011259811925857 0.01590000000000014 -0.030899046089928769
decision_type=2 2 2 2 2 2 2 2 2 2 2 2 2 2 2 2 2 2 2 2 2 2 2 2 2 2 2 2 2 2
left_child=-1 4 3 8 -2 11 -5 13 27 26 -11 -4 15 14 -8 18 -7 -13 19 20 -6 -20 -14 -12 25 -25 29 -3 -9 -10
right_child=1 2 5 6 12 16 7 28 9 10 23 17 22 -15 -16 -17 -18 -19 21 -21 -22 -23 -24 24 -26 -27 -28 -29 -30 -31
leaf_value=-0.033363836652899242 -0.015736863216769138 0.077279445125772034 0.081132984144242679 0.030763359553727165 0.052573081359467609 0.02181343437166957 0.07717140656609052 0.091239575289810262 0.11083506740886134 0.074269146984929174 0.073510528650733015 -0.0039000433288306634 0.068048268301211579 0.0018440339490946188 0.049232183902480811 0.081408844723823801 0.069755101743442322 0.079450835558061858 0.081211710133611295 0.074123158963669541 0.14813748634986082 0.052233922774739351 0.099147545947502899 0.035068613510813085 -0.035867579480030769 0.058169571268831037 0.069459924520080388 -0.0080251380468398231 0.059316704788797935 0.041484198929181482
leaf_weight=2674.1269859075546 15.814818412065504 901.1938027665019 1440.2184717804193 272.1394337117672 443.23363640904427 67.353840515017509 167.41327767819166 122.22816789150238 16.312895685434341 275.60695918649435 98.65413486212492 27.919177703559399 2013.1310328841209 40.147799342870712 1679.2654391974211 2924.6562938392162 97.648431904613972 24.670738279819489 1178.4282787591219 663.53446435928345 12.225445732474325 113.94486857950687 91.539500057697296 342.35093417018652 14.733572967350481 259.82428283989429 1942.4869567602873 10.515452086925505 180.44119834154844 162.76576489955187
leaf_count=29497 129 3418 5097 1634 1999 380 752 430 50 1132 427 175 8173 267 8907 10398 412 101 4335 2616 29 556 273 1850 108 1240 8278 65 803 849
internal_value=0.0542216 0.069235 0.0638801 0.0606301 0.0750835 0.0765957 0.0511427 0.0536757 0.0664333 0.0635446 0.0547963 0.0795149 0.0752765 0.0507028 0.0517651 0.077594 0.0501853 0.0352011 0.0729671 0.0663958 0.0551382 0.0786568 0.0694009 0.047296 0.0431039 0.0450361 0.0676318 0.0762956 0.0722082 0.0478016
internal_weight=18274.5 15600.4 8143.89 6486.08 7456.51 1657.81 2461.64 2189.5 4024.44 3112.74 991.17 1492.81 7440.69 1886.83 1846.68 5336.02 165.002 52.5899 2411.37 1118.99 455.459 1292.37 2104.67 715.563 616.909 602.175 2121.57 911.709 302.669 179.079
internal_count=94380 64883 36375 30210 28508 6165 12793 11159 17417 13934 4757 5373 28379 9926 9659 19933 792 276 9535 4644 2028 4891 8446 3625 3198 3090 9177 3483 1233 899
is_linear=0
shrinkage=0.03


Tree=6
num_leaves=31
num_cat=0
split_feature=16 9 6 8 8 16 8 12 8 7 8 8 8 12 11 3 6 3 6 0 7 16 11 9 10 11 16 7 12 12
split_gain=23698.5 466.734 258.373 234.906 190.313 178.062 164.993 141.318 139.936 127.075 107.548 106.581 103.61 92.3638 89.6279 92.2421 88.3187 88.1715 87.3382 83.9598 85.3224 82.7314 78.7999 81.7115 77.647 74.5297 73.4758 81.2846 73.2281 71.5517
threshold=0.1005052292243241 0.061673012145457805 74.407582938388728 0.59630451259640005 1.0000000180025095e-35 0.099609374708175838 0.89416406014995675 -0.18999467351629859 1.6128561836170705 0.75000000000000011 1.2163947014692102 0.76565934514040601 1.3290299210568131 -0.63917982758377845 -0.23013320445742222 0.0035999999999999648 80.736207714749966 0.32349999999999929 90.569935385323291 0.0078472386460457528 0.75000000000000011 0.42746104639429644 0.45315514467392243 0.030404832262809021 1.0000000180025095e-35 1.9397516809292361 0.41611121479074542 -0.74999999999999989 -1.0006991016312807 -1.3734552238411337
decision_type=2 2 2 2 2 2 2 2 2 2 2 2 2 2 2 2 2 2 2 2 2 2 2 2 2 2 2 2 2 2
left_child=5 4 3 -3 -2 -1 16 11 17 12 -9 25 13 14 15 -8 28 21 -10 29 -21 -4 -11 -24 -25 -5 27 -12 -6 -13
right_child=1 2 8 7 6 -7 9 10 18 22 26 19 -14 -15 -16 -17 -18 -19 -20 20 -22 -23 23 24 -26 -27 -28 -29 -30 -31
leaf_value=-0.033253458895888224 -0.016400880567797215 0.092128343523233139 0.072180233552832901 0.072964031854615863 0.058583739285079948 0.015665906810067645 0.019132914919088563 0.063739837919776179 0.024094390413695529 0.061986987152938787 0.017465155622114027 -0.0019376039573617461 0.046810219020661611 0.065991189811962378 0.068482994578592152 0.052531608523153243 0.092854474005204427 0.056665337331639275 0.099172401954922551 0.015333861537500496 0.053297582401226194 0.096190220994470263 0.085287896357636409 0.072580114126508083 0.046967659854887205 -0.0017014402696228688 0.015964201433979003 0.05492391500509048 0.07239176417998576 0.04791582179837782
leaf_weight=2603.5782506167889 23.962082229554653 138.04283735901117 784.82143320143223 181.82601837813854 373.65537284314632 68.733451426029205 91.822561100125313 1194.0242742374539 89.307924970984459 709.38818475604057 56.691623568534851 26.330924905836582 408.78230623155832 2205.6504219993949 244.48978473246098 392.77920852601528 178.14699971675873 269.48642814904451 16.525486037135124 158.60284917801619 80.233926743268967 154.60391339659691 423.38179017603397 959.9490060955286 119.82557563483715 12.884440809488295 55.167079336941242 648.9107224419713 4614.6836815774441 1622.0157774165273
leaf_count=29497 185 351 2696 681 1495 366 499 4881 479 2778 356 164 2012 8694 1005 1774 481 1118 48 967 361 402 1310 3408 522 75 337 3067 16333 8038
internal_value=0.0507897 0.0644155 0.0572987 0.0536462 0.0680508 -0.0319952 0.0682396 0.0523302 0.0688964 0.064651 0.058123 0.0468911 0.0609603 0.0629313 0.0536744 0.0462032 0.0720987 0.0717923 0.0358175 0.0447108 0.0280873 0.0761316 0.0702283 0.0741177 0.0697378 0.0680232 0.0493074 0.0519143 0.0713575 0.0471195
internal_weight=18908.3 16236 5489.48 4174.73 10746.5 2672.31 10722.6 4036.69 1314.75 5556.07 1954.79 2081.89 3343.52 2934.74 729.092 484.602 5166.49 1208.91 105.833 1887.18 238.837 939.425 2212.54 1503.16 1079.77 194.71 760.769 705.602 4988.34 1648.35
internal_count=94380 64517 24021 19278 40496 29863 40311 18927 4743 22002 8641 10286 13984 11972 3278 2273 18309 4216 527 9530 1328 3098 8018 5240 3930 756 3760 3423 17828 8202
is_linear=0
shrinkage=0.03


Tree=7
num_leaves=31
num_cat=0
split_feature=6 6 10 1 9 8 8 6 9 12 11 8 5 7 11 12 12 8 6 3 10 8 8 5 8 11 4 3 5 5
split_gain=1405.52 811.785 426.591 314.15 239.365 202.785 191.591 170.04 178.502 207.529 158.465 143.908 135.636 135.04 133.116 125.151 118.432 105.671 105.604 103.823 102.004 90.9516 90.5204 124.122 89.106 81.3622 80.6239 122.206 82.8637 79.285
threshold=65.352029254795539 38.847990072290173 1.0000000180025095e-35 0.0011149814965624174 0.046811677096801889 1.1904719624824727 0.85258909368206492 77.777777777777914 0.055084713842677185 -0.474332400615391 0.70410141241676893 0.59630451259640005 -0.012185311421196084 1.0000000180025095e-35 44.980734828677662 -0.63917982758377845 -0.18070019753406449 2.0686321759855786 58.765587002638831 4.0889999999999711 1.0000000180025095e-35 1.8608848829211784 0.93134992811146866 0.006304482314272236 1.540761654126501 -16.864875650492674 4.5714277006802897 0.012049999999999896 0.020187218564022748 0.0021550460831073711
decision_type=2 2 2 2 2 2 2 2 2 2 2 2 2 2 2 2 2 2 2 2 2 2 2 2 2 2 2 2 2 2
left_child=1 3 4 5 11 15 -4 8 20 22 19 -3 25 -14 17 -1 -8 -7 -13 -6 29 26 -10 -24 -9 -5 27 28 -11 -2
right_child=7 2 6 12 10 14 16 24 9 21 -12 18 13 -15 -16 -17 -18 -19 -20 -21 -22 -23 23 -25 -26 -27 -28 -29 -30 -31
leaf_value=0.045989428573145211 0.057854041761877244 0.020593359111325531 0.037546083332446425 0.093158084942567165 0.043669162009870734 0.042913440538806552 0.014443990550010891 0.07140874421140346 0.051901404950791021 0.067228660714634736 0.026006909632501532 0.045252624209799634 0.049120203334518463 -0.0049453732714033003 -0.011906066050492577 0.06109569513923474 0.029576407570458596 0.081662401298143186 0.057687867845414936 0.011949183174890089 0.041894269628363956 0.0003507779581197143 -0.0038441836815306194 0.036462657227874923 0.047102817198431464 0.022152247348424078 0.039481882386202906 0.055122137121037251 0.1023039922557458 0.070351420552401539
leaf_weight=593.84839294850826 767.49262078851461 168.48636728525162 1135.8637579977512 15.033069998025892 1322.0316805914044 933.34155532717705 943.10336215794086 1442.4537633880973 182.44300864636898 176.69474671781063 1034.1455801799893 1975.3253171145916 661.87186902761459 44.364827856421471 37.665375456213951 2923.4168669730425 919.10767374932766 67.951441928744316 892.25865176320076 99.885402113199234 183.93305140733719 24.511865094304085 93.143584750592709 262.64980074763298 149.84706328809261 428.64067450165749 164.45671801269054 632.78983600437641 92.274628475308418 1128.8648883625865
leaf_count=2887 2959 1024 6620 53 6894 4905 6753 4545 808 668 6551 10179 3210 351 255 11568 5797 213 3823 626 850 153 604 1330 655 2614 751 2622 245 3867
internal_value=0.0477406 0.0428184 0.0369372 0.0515691 0.0419056 0.0551054 0.0278356 0.0609212 0.057401 0.0499638 0.0349423 0.0475387 0.0375574 0.0457239 0.0434604 0.0585452 0.0219127 0.0455431 0.0491219 0.0414409 0.0632246 0.0574858 0.0347206 0.0259107 0.0691214 0.0245581 0.0587993 0.0623223 0.0792619 0.0652935
internal_weight=19497.9 14196.3 8490.21 5706.13 5492.13 4556.22 2998.07 5301.56 3709.25 1628.96 2456.06 3036.07 1149.91 706.237 1038.96 3517.27 1862.21 1001.29 2867.58 1421.92 2080.29 1090.73 538.236 355.793 1592.3 443.674 1066.22 901.759 268.969 1896.36
internal_count=94380 74323 48267 26056 29097 19828 19170 20057 14857 7181 14071 15026 6228 3561 5373 14455 12550 5118 14002 7520 7676 4439 2742 1934 5200 2667 4286 3535 913 6826
is_linear=0
shrinkage=0.03


Tree=8
num_leaves=31
num_cat=0
split_feature=6 6 10 1 9 8 8 8 6 9 12 8 3 11 3 6 7 12 8 9 12 1 9 11 8 7 8 8 9 8
split_gain=1219.01 706.328 372.936 279.857 198.251 187.347 174.168 151.219 145.504 153.134 179.921 130.755 128.17 118.792 118.72 110.917 108.185 102.845 102.255 113.669 97.2211 89.4068 89.1 85.5209 84.7628 77.5752 79.2194 85.3143 77.261 75.969
threshold=65.352029254795539 39.047952280982315 1.0000000180025095e-35 0.00032466314981516314 0.046811677096801889 1.1904719624824727 0.85258909368206492 0.76565934514040601 77.777777777777914 0.055084713842677185 -0.18999467351629859 0.51283230772526311 4.0889999999999711 44.980734828677662 0.053999999999998945 58.16850176633141 1.0000000180025095e-35 -0.18070019753406449 0.79037046848157499 0.083573892242793171 -0.60862787103685412 0.0054737834446029207 0.013528172453849721 0.28968025034525896 2.0686321759855786 0.75000000000000011 0.97429598166259812 0.65947314000141144 0.091307354332788207 1.540761654126501
decision_type=2 2 2 2 2 2 2 2 2 2 2 2 2 2 2 2 2 2 2 2 2 2 2 2 2 2 2 2 2 2
left_child=1 3 4 5 11 20 -4 -6 9 22 14 -3 23 24 -11 -13 18 -8 28 -20 -1 -17 -2 -9 -7 26 27 -24 -5 -10
right_child=8 2 6 16 7 13 17 12 29 10 -12 15 -14 -15 -16 21 -18 -19 19 -21 -22 -23 25 -25 -26 -27 -28 -29 -30 -31
leaf_value=0.044344444132428523 0.018616498820064463 -0.0046734157533272098 0.035604427444536284 0.04681461578185582 0.051299005267345051 0.040289522012106664 0.013864698355898483 0.038159145472925635 0.066470358664222642 0.046120229684290463 0.056733883720896307 0.041195909109441028 0.0044017884494889437 -0.01173545739850987 0.022903163042478723 0.046608627332727262 -0.0040616393554573638 0.027903968639236231 0.041074432173423429 0.020056054006624344 0.057377042323254059 0.064785841494320831 0.03566590943573611 0.025640080104701393 0.074711499228122605 0.063749413462149962 0.030188116140346031 0.063808906059538914 0.088152757364254403 0.044362786348159704
leaf_weight=624.03866274654865 47.941043674945831 47.777089975774288 1156.6057271510363 203.24159804731607 356.0953611433506 944.45015977323055 949.68044728785753 1045.4860890284181 1502.1690494567156 509.94127464294434 845.31095937639475 2000.0662359148264 160.52315289527178 37.502978459000587 324.27216249704361 668.46734606474638 57.351976655423641 928.98324079066515 672.15219540148973 353.28850503265858 2952.5920732542872 383.10444197803736 130.64060740172863 926.14281512051821 69.093885824084282 1475.8570061698556 128.65281596034765 375.85835202783346 50.877503208816051 154.25897316634655
leaf_count=2931 241 339 6580 900 1613 4823 6735 5458 4545 2267 3194 10150 1098 256 1720 3044 445 5759 3398 2117 11204 1376 571 5754 208 4961 597 1306 135 655
internal_value=0.0449373 0.040401 0.0349106 0.0483382 0.0395089 0.051831 0.0264456 0.0332021 0.0569801 0.0537732 0.0469795 0.0445721 0.0301798 0.040696 0.0370954 0.0453431 0.0362481 0.020807 0.0380549 0.0338331 0.0551032 0.0532309 0.0590583 0.0322785 0.0426361 0.0599767 0.0512103 0.05655 0.055091 0.0644115
internal_weight=20082.4 14587.5 8622.93 5964.59 5587.66 4627.68 3035.27 2488.25 5494.9 3838.47 1679.52 3099.42 2132.15 1051.05 834.213 3051.64 1336.91 1878.66 1279.56 1025.44 3576.63 1051.57 2158.95 1971.63 1013.54 2111.01 635.152 506.499 254.119 1656.43
internal_count=94380 74323 47906 26417 28832 19422 19074 13923 20057 14857 7181 14909 12310 5287 3987 14570 6995 12494 6550 5515 14135 4420 7676 11212 5031 7435 2474 1877 1035 5200
is_linear=0
shrinkage=0.03


Tree=9
num_leaves=31
num_cat=0
split_feature=16 9 8 7 8 3 12 5 16 5 6 8 5 11 5 0 3 5 3 6 8 16 6 9 0 5 3 11 15 12
split_gain=19686.7 385.916 228.567 177.039 207.723 126.046 121.459 115.89 115.821 104.837 111.586 102.697 95.0899 89.691 86.4818 87.6895 84.967 84.7401 85.9656 94.5447 90.7537 72.9797 69.7953 80.166 68.3632 68.1035 67.4448 66.0505 67.6798 62.4762
threshold=0.099609374708175838 0.045951712221032615 0.74176344198532662 0.75000000000000011 1.1708639587216001 35.259999999999998 -0.75344641068201412 -0.016698155645339989 0.32158409015208778 0.0020423189581493775 52.901999373721488 1.0000000180025095e-35 -0.0077266420814351517 44.980734828677662 -0.051750064509624188 0.0096056698947276659 1.6300000000000099 0.0047736615394154804 0.14699999999999894 47.214418921513676 2.0686321759855786 0.1005052292243241 83.16173287749892 0.15015777647295353 -0.01412899844314036 0.0087500581842370716 24.199999999998457 -19.040559233770534 -0.37030379952299181 2.827190661129126
decision_type=2 2 2 2 2 2 2 2 2 2 2 2 2 2 2 2 2 2 2 2 2 2 2 2 2 2 2 2 2 2
left_child=-1 11 22 4 6 17 7 -4 -7 10 13 -2 -12 14 -6 -16 27 -5 19 -19 -21 -13 23 -3 -8 -10 -18 -9 -29 -23
right_child=1 2 3 5 9 8 24 16 25 -11 12 21 -14 -15 15 -17 26 18 -20 20 -22 29 -24 -25 -26 -27 -28 28 -30 -31
leaf_value=-0.033381470513391236 -0.016682425674813137 0.06176234796216102 0.014551376268174966 0.04114305547995617 0.07022299490399618 -0.0056524099612679495 0.064299341270784155 0.081002486602640575 0.0051681632286782811 0.016174173341368801 -0.014471938717798194 0.020843239577120403 0.034725299489381606 -0.0078928011157599308 0.042878460691836047 0.013772636393349049 -0.025816147562328924 0.0048943683960268264 0.047901802965359008 0.060539366461969141 -0.015835694086169097 0.058042195662538106 0.088532424023936782 -0.0032219553281325245 0.049724780058242664 0.076606992624670536 0.054039557919416017 0.10478798433353696 0.041624088890716414 0.069244470642647007
leaf_weight=2683.553794875741 16.400262735784054 908.3219401165843 154.98148776590824 394.5237529873848 94.154928147792816 61.90724740922451 332.83370804786682 48.071672648191452 17.563927575945854 217.73614105582237 62.263082928955555 46.166456207633018 81.828004464507103 32.523124471306801 1066.1611270755529 102.07983854413033 26.527620539069176 28.399873569607735 845.9373454451561 2025.1669666916132 14.09993529319763 8074.0492510348558 87.766007125377655 17.412560865283012 2232.4621355682611 37.980874165892601 14.845727384090422 15.84744633734226 417.08409717679024 474.39550432562828
leaf_count=29497 129 2841 829 1574 297 349 1102 148 90 1236 408 214 394 223 5083 589 164 148 3224 6578 84 26836 177 92 8701 115 62 42 1825 1329
internal_value=0.042406 0.0537367 0.0495126 0.047875 0.0442169 0.053107 0.0486323 0.0373331 0.0225662 0.0355749 0.0385104 0.0583176 0.0134667 0.0412971 0.0425644 0.0403352 0.0440922 0.0541913 0.0559582 0.0592542 0.0600113 0.0584607 0.0629641 0.06054 0.0516158 0.0540172 0.00283795 0.0476406 0.0439362 0.0586639
internal_weight=20633 17949.5 9338.48 8324.98 4899.4 3425.58 3242.65 677.358 117.452 1656.75 1439.01 8611.01 144.091 1294.92 1262.4 1168.24 522.377 3308.13 2913.6 2067.67 2039.27 8594.61 1013.5 925.735 2565.3 55.5448 41.3733 481.003 432.932 8548.44
internal_count=94380 64883 36375 33265 21103 12162 12873 3070 554 8230 6994 28508 802 6192 5969 5672 2241 11608 10034 6810 6662 28379 3110 2933 9803 205 226 2015 1867 28165
is_linear=0
shrinkage=0.03


Tree=10
num_leaves=31
num_cat=0
split_feature=16 9 8 5 12 8 7 11 1 5 8 9 6 1 11 9 6 3 11 3 6 16 3 9 4 1 6 14 5 1
split_gain=18077.8 252.075 184.024 172.867 149.572 119.922 127.143 113.811 104.846 96.3961 132.729 82.5968 74.9297 70.3913 79.776 70.1636 79.6313 68.8981 78.707 62.4826 62.4811 79.1391 64.6417 77.4438 73.2334 61.5457 74.0472 72.9378 64.4664 63.6446
threshold=0.099609374708175838 0.038545130039632808 0.74176344198532662 0.019663011120225483 -0.71431621465560935 1.2071267963384515 -0.74999999999999989 -31.657689551277418 -0.015213063391250945 -0.0017378786505419322 0.51283230772526311 0.060500286933218635 35.183974326831525 -0.0054918103964497469 9.3469189419893812 0.22312426493641338 90.569935385323291 0.27999999999998521 -19.667984861667527 0.022000000000000134 43.127767050884536 0.15749770652215941 0.0071000000000007732 0.063900175106367293 0.68749995703125288 -0.029304925570076242 75.18058864212712 0.14310652739714641 -0.0023082851804722151 0.0011149814965624174
decision_type=2 2 2 2 2 2 2 2 2 2 2 2 2 2 2 2 2 2 2 2 2 2 2 2 2 2 2 2 2 2
left_child=-1 9 7 4 11 25 -7 -3 -5 12 -11 -4 -2 -12 -15 20 -17 19 -19 -13 21 -10 -22 -24 -25 28 27 -27 -6 -28
right_child=1 2 3 8 5 6 -8 -9 15 10 13 17 -14 14 -16 16 -18 18 -20 -21 22 -23 23 24 -26 26 29 -29 -30 -31
leaf_value=-0.033269938897233835 0.059896576748478522 -0.014945460309121536 0.044227225128261063 0.03134023757166219 0.068735823629302736 0.017279428715475723 0.043702273803367983 0.059682686852645703 -0.020951644354142193 0.020602385411164027 0.051464605232674335 0.027223043444270404 0.0478328261906509 0.058664500474506082 0.069849267784309554 -0.0089566521878313328 0.083085311615495885 0.072639248204702675 0.0056059724163046469 0.045352363428203091 0.072653981362178835 0.052404041705414531 0.072194214919219388 0.0641433223283049 0.043815271383711489 0.048113243999738639 0.076307901701367836 0.02435766989770748 0.036823389577509046 0.053585222174131017
leaf_weight=2606.8833347633481 623.90785998106003 18.640548497438431 827.21721784770489 134.84721918404102 275.29054416716099 178.06957986950874 2059.6458185836673 1377.3594780787826 18.460448727011681 81.963695921003819 856.0960298627615 399.18684525042772 1800.8874177113175 2638.694543838501 733.46642327308655 27.196425899863243 12.27925983071327 17.748452425003052 141.01366268098354 299.43708353489637 352.05816282331944 46.772625431418419 236.78825953602791 271.22446708381176 387.203663662076 3829.5947636589408 134.85019932687283 119.96652807295322 71.838133975863457 625.65809504687786
leaf_count=29434 1897 93 3236 598 808 954 8551 4093 111 382 2843 1855 6260 8097 1923 167 29 62 772 1262 950 186 668 822 1387 14025 331 520 280 1850
internal_value=0.0407158 0.0510867 0.048455 0.0470903 0.0455215 0.0473821 0.0415996 0.0586862 0.0565652 0.055722 0.058414 0.0374643 0.0509369 0.0591469 0.0610973 0.0590812 0.0196738 0.0309394 0.0130998 0.0349934 0.0602664 0.031645 0.0617633 0.0574804 0.0521889 0.0499407 0.0490423 0.0473917 0.0621316 0.0576143
internal_weight=21204.2 18597.4 11862.3 10466.3 8979.52 7294.91 2237.72 1396 1486.83 6735.02 4310.22 1684.6 2424.8 4228.26 3372.16 1351.98 39.4757 857.386 158.762 698.624 1312.51 65.2331 1247.27 895.216 658.428 5057.2 4710.07 3949.56 347.129 760.508
internal_count=94446 65012 43610 39424 34506 27319 9505 4186 4918 21402 13245 7187 8157 12863 10020 4320 196 3951 834 3117 4124 297 3827 2877 2209 17814 16726 14545 1088 2181
is_linear=0
shrinkage=0.03


Tree=11
num_leaves=31
num_cat=0
split_feature=16 9 8 6 8 12 11 6 5 0 5 12 9 8 11 1 7 8 15 8 5 1 1 5 5 6 12 8 8 12
split_gain=16466.6 228.799 147.642 147.04 123.943 112.339 109.666 97.039 88.8327 87.0437 111.455 88.2035 75.3347 111.481 82.0558 71.7133 68.525 99.0917 97.7094 68.0192 85.7416 87.9057 62.6004 60.5214 68.2274 66.4911 66.2627 55.8629 87.7912 55.0475
threshold=0.099609374708175838 0.062078259512435709 0.60381963137791728 85.12447712056894 1.0000000180025095e-35 -0.7466939501185218 -19.040559233770534 72.406920324937559 -0.011731680582251372 -0.016032791840664581 0.0097283696206610908 3.7086084809737097 0.033581999440356801 0.99103870453598708 -28.211146844058863 0.001897183701607297 -0.74999999999999989 1.2646279063917736 -0.33166935845681594 1.0793057109962507 -0.019126020217481696 -0.030899046089928769 0.020361082997276906 -0.018226548538744402 -0.041455098547742313 36.082581861783751 -1.3734552238411337 1.4292726857673548 1.126993245359549 1.8746035514143411
decision_type=2 2 2 2 2 2 2 2 2 2 2 2 2 2 2 2 2 2 2 2 2 2 2 2 2 2 2 2 2 2
left_child=-1 4 -3 5 -2 6 -4 8 -6 11 15 -7 27 14 -14 19 17 18 -15 -11 29 -22 23 24 -8 -26 -25 28 -10 -21
right_child=1 2 3 -5 7 9 22 -9 12 10 -12 -13 13 16 -16 -17 -18 -19 -20 20 21 -23 -24 26 25 -27 -28 -29 -30 -31
leaf_value=-0.033162953131533418 -0.013733514787404427 0.067794635248058857 0.063203847339249275 0.059854986823600666 0.041932982926697289 0.057953673132961923 0.057338667386477103 0.057615811954627297 0.052267847229063448 0.048384645994254113 0.04835028885918928 -0.01129564979067723 -0.008770890968598722 -0.023296482400841222 0.052444729992413695 0.032267631949592153 0.045736368452136626 0.0092821432739109751 0.045290039399202071 0.0492731931206115 -0.0085298402146146979 0.032477217643289848 0.059925154339747419 -0.010656777584353634 0.022309149216769859 -0.022055514335293392 0.032611013121835605 0.033937509114684516 0.064575360981182411 -0.013830896643884228
leaf_weight=2537.8763457611203 26.986863322556019 218.03623653948307 91.633168190717697 418.01883388310671 1200.0049326866865 459.53452288359404 22.172142639756203 1567.3126610964537 3962.2600814551115 819.20120175182819 1564.013255417347 17.172385811805725 19.842694714665413 19.889600351452827 2888.3928833752871 1074.0462520495057 1890.5654799342155 119.37151299417019 310.97389186918736 363.19795536994934 52.700405955314636 438.66519922018051 54.073769368231297 33.558223620057106 60.780367106199265 60.835889153182507 627.76009306311607 129.91127482056618 600.69834378361702 12.882569402456282
leaf_count=29434 188 501 297 1102 4358 1562 86 4222 12243 2856 5250 98 96 109 9048 4560 6816 622 1170 1465 307 1998 212 188 305 382 2673 495 1727 76
internal_value=0.038638 0.0481661 0.0435329 0.0426756 0.0504901 0.0414272 0.032006 0.0506265 0.0496433 0.0432928 0.0419518 0.0554591 0.0505739 0.0481047 0.0520271 0.0383268 0.0432315 0.0327133 0.041167 0.0421852 0.0363306 0.0280791 0.0286787 0.0265801 0.00894031 0.00011669 0.0304154 0.0533358 0.0538881 0.0471116
internal_weight=21662.4 19124.5 6388.28 6170.25 12736.2 5752.23 950.814 12709.2 11141.9 4801.41 4324.71 476.707 9941.91 5249.04 2908.24 2760.69 2340.8 450.235 330.863 1686.65 867.446 491.366 859.18 805.107 143.788 121.616 661.318 4692.87 4562.96 376.081
internal_count=94446 65012 23918 23417 41094 22315 4143 40906 36684 18172 16512 1660 32326 17861 9144 11262 8717 1901 1279 6702 3846 2305 3846 3634 773 687 2861 14465 13970 1541
is_linear=0
shrinkage=0.03


Tree=12
num_leaves=31
num_cat=0
split_feature=16 9 8 6 8 12 11 3 6 5 0 5 3 12 6 9 8 11 8 6 16 16 1 12 5 8 11 5 8 12
split_gain=15056.4 202.523 131.093 130.865 111.249 99.4802 96.2485 106.126 86.9302 78.0434 75.4879 99.0973 192.595 78.3268 67.0575 66.387 98.6342 73.4002 63.8625 62.1388 78.5483 61.8995 61.3942 54.7433 56.335 53.6747 53.3057 52.479 83.7457 61.6388
threshold=0.099609374708175838 0.062078259512435709 0.60381963137791728 85.12447712056894 1.0000000180025095e-35 -0.7466939501185218 -19.040559233770534 0.27999999999998521 72.406920324937559 -0.011731680582251372 -0.016032791840664581 0.0097283696206610908 0.069999999999994969 3.7086084809737097 26.624555330978364 0.033581999440356801 0.99103870453598708 -28.211146844058863 1.0793057109962507 30.964736153651547 0.2017206995554626 0.40722131728508287 -0.0082705157704152082 -1.3734552238411337 -0.013967492159471942 1.946074217491047 -4.3032092005712279 -0.0010383166355617322 0.52998045767908752 -1.0472291235071618
decision_type=2 2 2 2 2 2 2 2 2 2 2 2 2 2 2 2 2 2 2 2 2 2 2 2 2 2 2 2 2 2
left_child=-1 4 -3 5 -2 6 -4 23 9 -6 13 18 25 -7 -9 27 17 -17 22 20 -18 26 -12 -8 -25 -13 -20 29 -29 -11
right_child=1 2 3 -5 8 10 7 14 -10 15 11 12 -14 -15 -16 16 19 -19 21 -21 -22 -23 -24 24 -26 -27 -28 28 -30 -31
leaf_value=-0.033059793394438132 -0.013447169810378088 0.063725450899586894 0.059152911269995431 0.056389308039754824 0.039743012331948241 0.054401969879587099 -0.005709457020256551 0.055013497516940867 0.054331838430907053 0.021202154986484211 0.049236962029888566 0.054477242171498776 0.031939088695517377 -0.011032976453008967 -0.0049515325771818828 -0.0085487800127179159 0.070366528528061897 0.049479277806334702 0.018616160123077426 0.038770719725830037 0.042215607422817332 0.010204650721062775 0.036138850504494141 0.019729511855823719 0.038877868444900952 0.002694968502597879 0.036104652053620276 0.019913474823866423 0.053446232505931578 0.047453835974226359
leaf_weight=2470.439710482955 26.738483153283596 224.89029386639595 94.918491870164871 430.20427770912647 1227.7065512686968 474.60875236988068 33.23497499525547 19.501314789056778 1611.4795659929514 84.521846979856491 509.11580508947372 1003.1004867702723 583.1972891241312 17.055584371089935 120.45052434504032 19.748935267329216 134.86519852280617 2968.3846887350082 181.75242321193218 1999.1425789743662 263.49118842184544 109.12837107479572 876.64925134927034 189.58729987591505 510.95660480856895 18.345135688781738 1145.3017168045044 68.571702808141708 2980.526758223772 1690.6371157318354
leaf_count=29434 188 501 297 1102 4358 1562 185 77 4222 337 1652 2955 2205 98 668 96 391 9048 874 7362 964 535 3286 935 1981 90 4915 276 8589 5263
internal_value=0.0367377 0.0455272 0.0412178 0.0404166 0.0476832 0.0392493 0.0304617 0.0273449 0.0478085 0.0468894 0.04098 0.0397413 0.0456939 0.0521321 0.00340418 0.0477487 0.0454592 0.0490958 0.0363566 0.0409267 0.0517462 0.0319234 0.040951 0.031911 0.0336958 0.0535472 0.0337094 0.0503047 0.0526921 0.0462039
internal_weight=22088.3 19617.8 6542 6317.11 13075.8 5886.9 968.649 873.731 13049.1 11437.6 4918.25 4426.59 1604.64 491.664 139.952 10209.9 5385.63 2988.13 2821.95 2397.5 398.356 1436.18 1385.77 733.779 700.544 1021.45 1327.05 4824.26 3049.1 1775.16
internal_count=94446 65012 23918 23417 41094 22315 4143 3846 40906 36684 18172 16512 5250 1660 745 32326 17861 9144 11262 8717 1355 6324 4938 3101 2916 3045 5789 14465 8865 5600
is_linear=0
shrinkage=0.03


Tree=13
num_leaves=31
num_cat=0
split_feature=16 8 12 15 5 5 6 8 8 7 12 8 7 12 1 0 15 5 4 14 5 8 4 3 8 1 4 3 8 15
split_gain=13814.4 165.31 164.861 92.7161 136.589 78.1856 74.0938 188.759 71.4078 72.0522 68.7857 64.886 80.5763 73.2552 64.2341 62.7051 69.697 58.5728 58.1418 54.7658 52.9641 103.469 84.9347 79.6169 96.3769 58.3425 51.0973 47.689 47.6269 46.3688
threshold=0.099609374708175838 0.84181546863187606 -0.18999467351629859 -0.01727900386486508 -0.0042940979512945321 -0.0017378786505419322 54.910128870529483 0.94708936094204133 1.2257913591511083 -0.74999999999999989 -0.9122281359516925 1.2211942170876977 1.0000000180025095e-35 -1.1053621015913488 -0.0048099547048354166 0.010665167956113055 -0.12968793194304332 -0.051750064509624188 8.719712052679025 -0.16352329406329791 -0.0021869346309839918 0.51283230772526311 0.59183633208414987 0.039800000000000287 0.4888415077034558 -0.034927342550665312 3.9991905195170845 0.11100000000000244 0.73077073477783017 0.1896359330473186
decision_type=2 2 2 2 2 2 2 2 2 2 2 2 2 2 2 2 2 2 2 2 2 2 2 2 2 2 2 2 2 2
left_child=-1 20 5 8 -5 6 15 10 17 -10 -8 -7 13 -13 -12 -3 -17 -4 19 -14 22 -22 25 24 -24 -2 -21 -6 -23 -25
right_child=1 2 3 4 27 11 7 -9 9 -11 14 12 18 -15 -16 16 -18 -19 -20 26 21 28 23 29 -26 -27 -28 -29 -30 -31
leaf_value=-0.03296030401993557 -0.021532014276487821 0.037573433047281238 0.082447009624069104 0.03562112214363946 0.055605210916982756 0.042999361887056983 0.015349464567594605 0.010647653268177047 0.017046178873617104 0.03829669930767083 -0.013907062461450582 0.074479709394130997 -0.011772708150485907 0.012290021618297777 0.057869420908783963 0.057061783076896667 -0.0075530565885198585 0.043560464551600474 0.057874376601719228 0.039437227739725113 0.0230767866152203 0.054225991442295562 0.072769043196305075 0.054660992655851788 0.038889686923681582 0.036483539665052245 0.013097555571973741 0.047256152975642216 0.047137122490338149 0.025131527823252189
leaf_weight=2404.5543538108468 15.951692834496496 1906.227509111166 35.269703730940819 613.20735967159271 1235.565050676465 2651.9991581737995 55.353913828730583 359.07326660305262 164.08829270303249 1149.9921545237303 11.975539639592169 18.682454511523247 21.684662684798241 194.71454374492168 178.17316457629204 20.561228916049004 55.791213482618332 3008.2720514088869 118.29599641263485 623.77288095653057 127.88696201890707 1650.1882267147303 81.772361174225807 958.301753282547 996.18670696020126 708.60005454719067 74.167131334543228 1227.3567877560854 1765.6516938656569 50.373967200517654
leaf_count=29434 76 7491 66 2224 3263 8694 238 1692 777 4268 60 58 104 945 503 75 319 9379 337 2152 531 4372 147 2624 3192 2286 307 3570 5085 177
internal_value=0.0349926 0.0431303 0.041278 0.0443026 0.0482903 0.0377036 0.0337021 0.0245084 0.0414877 0.0356432 0.0447811 0.0404991 0.0341921 0.0177346 0.0533489 0.0365057 0.00984731 0.0440111 0.0383835 0.0351794 0.0471305 0.0495699 0.0440555 0.0471283 0.0414597 0.0352063 0.0366382 0.0514446 0.0505617 0.0531863
internal_weight=22483.7 20079.1 13724.2 7433.75 3076.13 6290.47 2587.16 604.576 4357.62 1314.08 245.503 3703.32 1051.32 213.397 190.149 1982.58 76.3524 3043.54 837.921 719.625 6354.91 3543.73 2811.19 2086.63 1077.96 724.552 697.94 2462.92 3415.84 1008.68
internal_count=94446 65012 46522 23547 9057 22975 10378 2493 14490 5045 801 12597 3903 1003 563 7885 394 9445 2900 2563 18490 9988 8502 6140 3339 2362 2459 6833 9457 2801
is_linear=0
shrinkage=0.03


Tree=14
num_leaves=31
num_cat=0
split_feature=16 8 12 15 5 5 11 6 8 8 7 11 12 1 8 14 7 11 3 12 1 1 15 5 5 4 0 1 4 4
split_gain=12712.7 148.962 148.208 82.7908 121.689 70.536 66.2109 65.7102 170.527 64.3179 64.6208 65.3393 61.1426 58.092 57.6819 75.1292 67.7239 67.3154 67.8421 63.1886 57.5284 52.5293 71.4994 51.4581 49.7086 48.2937 46.8921 46.2699 46.1798 45.6693
threshold=0.099609374708175838 0.84181546863187606 -0.18999467351629859 -0.01727900386486508 -0.0042940979512945321 -0.0017378786505419322 -24.487076457424862 54.910128870529483 0.94708936094204133 1.2257913591511083 -0.74999999999999989 44.980734828677662 -0.9122281359516925 0.00061660922200890156 1.2211942170876977 -0.18463589638926811 1.0000000180025095e-35 -4.3032092005712279 19.600000000002868 -1.1053621015913488 -0.0048099547048354166 -0.02293804710961694 -0.23528587925604774 -0.063005129673424379 0.0549780009298056 8.719712052679025 -0.01533301442957846 0.0044592945531974912 3.9991905195170845 2.387096196670321
decision_type=2 2 2 2 2 2 2 2 2 2 2 2 2 2 2 2 2 2 2 2 2 2 2 2 2 2 2 2 2 2
left_child=-1 6 5 9 -5 7 -2 13 12 23 -11 -12 -9 -3 17 -16 19 -7 27 -17 -14 22 -8 -4 25 28 -15 -19 -18 -25
right_child=1 2 3 4 -6 14 21 8 -10 10 11 -13 20 26 15 16 24 18 -20 -21 -22 -23 -24 29 -26 -27 -28 -29 -30 -31
leaf_value=-0.032864334415429027 0.02832060119603879 0.03941870441909661 0.089180635292338203 0.033902891967749336 0.048691471045611973 0.035075316922256898 0.053450569589735202 0.014763459585088125 0.010264816070055914 0.016367867185884587 0.037897691946672273 0.0033896728037247107 -0.013593732093712641 0.082040699440941639 -0.03027978235940193 0.070030648627529571 0.0380905406625087 0.049987598595037111 0.023213235824755155 0.013128817345105905 0.054513231037400724 0.045731618663277435 0.015026152218004768 0.043605271530322218 -0.012842529932734785 0.056196746972037311 0.028379016146380807 0.038518710026517883 0.013050511586668192 0.035272908500411232
leaf_weight=2340.2002804726362 214.94834654033184 1082.5512576550245 20.464904889464378 624.77425318956375 2523.1522513329983 1100.0379484891891 69.999724514782429 55.817312553524971 361.25733905285597 165.73599611222744 1122.2538428157568 51.655952423810959 11.885406628251074 14.891550749540327 16.84813879430294 19.340891137719154 633.34300146996975 1031.4496525973082 122.18230551481247 191.20375224947929 183.38519152998924 6097.6584417521954 115.49669291824102 2291.098189458251 17.373125448822975 118.05787760019302 926.25056970119476 456.8001728951931 74.035136014223099 798.28647002577782
leaf_count=29434 717 3995 26 2224 6833 3740 185 238 1692 777 3987 281 60 38 91 57 2126 3059 430 916 503 17164 424 6840 90 320 3852 1465 303 2579
internal_value=0.0333809 0.0409387 0.0391978 0.0420331 0.0457564 0.0358408 0.0446931 0.032074 0.0234633 0.039399 0.0339035 0.0363792 0.0424529 0.0346794 0.0384672 0.03257 0.0335753 0.0407957 0.0447031 0.0183559 0.0503678 0.0452532 0.0295262 0.0417663 0.0373773 0.0384343 0.0292281 0.0464674 0.0354698 0.0414522
internal_weight=22852.4 20512.2 14014.1 7597.42 3147.93 6416.71 6498.1 2636.04 612.345 4449.5 1339.65 1173.91 251.088 2023.69 3780.67 1070.2 1053.35 2710.47 1610.43 210.545 195.271 6283.15 185.496 3109.85 842.809 825.436 941.142 1488.25 707.378 3089.38
internal_count=94446 65012 46522 23547 9057 22975 18490 10378 2493 14490 5045 4268 801 7885 12597 3903 3812 8694 4954 973 563 17773 609 9445 2839 2749 3890 4524 2429 9419
is_linear=0
shrinkage=0.03


Tree=15
num_leaves=31
num_cat=0
split_feature=16 9 8 5 3 2 8 16 9 7 8 5 8 12 12 12 1 12 9 8 11 3 16 5 5 8 3 9 5 14
split_gain=11652.5 206.61 130.293 142.999 173.691 118.157 108.217 96.3531 90.032 88.6804 70.0141 76.8873 67.6013 66.6442 63.6501 59.4201 59.1502 68.2864 58.2356 56.9006 62.0577 62.3594 60.051 55.5375 88.895 54.9373 54.6659 53.8991 52.382 57.8615
threshold=0.099609374708175838 0.060500286933218635 0.59630451259640005 0.0085778979501554675 0.055999999999999391 -0.016162707526774431 1.126993245359549 0.1005052292243241 0.22312426493641338 1.0000000180025095e-35 1.3290299210568131 -0.005246354751939443 1.0000000180025095e-35 1.2452532210408946 3.7086084809737097 -1.3734552238411337 -0.0080859178493291033 -0.35895018011303709 0.15517203536867427 1.6128561836170705 5.7476122462859616 0.0027999999999999835 0.11608585813665863 0.020187218564022748 0.012007528143368938 1.5923591705782847 294.50000000000006 0.16826729082782668 -0.0097927008264727024 0.14811804142571169
decision_type=2 2 2 2 2 2 2 2 2 2 2 2 2 2 2 2 2 2 2 2 2 2 2 2 2 2 2 2 2 2
left_child=-1 7 -3 5 8 14 15 -2 19 10 12 25 -9 28 -4 -7 17 -6 -17 20 21 27 -23 24 -11 -12 -8 -5 29 -14
right_child=1 2 3 4 16 6 26 9 -10 23 11 -13 13 -15 -16 18 -18 -19 -20 -21 -22 22 -24 -25 -26 -27 -28 -29 -30 -31
leaf_value=-0.032772172681985096 0.0043016196011103555 0.056249788505748494 0.047968465463079493 0.057456029126575964 -0.013714214362794222 -0.013731205262717585 0.021698321589393162 -0.035757608537108625 -0.0012408156365752911 0.043851920297968444 0.030102453962837047 0.015036217057619533 0.031935270822145305 0.045626927957795695 -0.011572663046583507 0.034191012575196772 0.033389846551256638 0.026344185148856628 0.0057721029832864534 0.024919037297795141 0.057186345873212398 -0.00037428760439228357 0.040710808776796975 0.055111054230425081 0.032892520613052881 0.066559177827152205 0.052271627201431255 -0.0055637261749994279 0.039218703736780942 -0.029330543257293624
leaf_weight=2280.0485544428229 64.640220448374748 241.53008079528809 405.04094581305981 300.0614065527916 53.518828019499779 24.334062233567238 1511.8269111514091 10.801753237843512 35.808649897575378 6224.2534974813461 119.75983995199203 232.09421250224113 816.88276256620884 1209.4114649742842 16.830156609416008 2298.3214463591576 932.84887969493866 134.67621147632599 66.781351834535599 99.222815692424774 480.80513273179531 33.836004883050919 595.90612927079201 339.14112217724323 745.94019456207752 53.963814198970795 54.533520847558975 12.73266354203224 3754.4595684856176 14.113525226712225
leaf_count=29465 274 495 1225 754 270 129 6597 83 172 17295 467 1020 2758 3264 90 7881 3060 520 301 359 1137 144 1760 841 2297 153 190 54 11426 72
internal_value=0.0316238 0.0386544 0.0345833 0.0338418 0.0393003 0.0305008 0.0288913 0.0408415 0.0457787 0.0410162 0.0383806 0.0263337 0.0392227 0.0393625 0.0455931 0.0329087 0.0302947 0.0149524 0.0333886 0.0468845 0.0484158 0.0439417 0.0385033 0.0432559 0.0426791 0.041427 0.0227627 0.0548907 0.0377102 0.0308947
internal_weight=23164.1 20884.1 7298.62 7057.09 2679.42 4377.67 3955.8 13585.5 1558.37 13520.8 6211.49 405.818 5805.67 5794.87 421.871 2389.44 1121.04 188.195 2365.1 1522.56 1423.34 942.536 629.742 7309.33 6970.19 173.724 1566.36 312.794 4585.46 830.996
internal_count=94553 65088 25138 24643 8230 16413 15098 39950 4380 39676 19243 1640 17603 17520 1315 8311 3850 790 8182 4208 3849 2712 1904 20433 19592 620 6787 808 14256 2830
is_linear=0
shrinkage=0.03


Tree=16
num_leaves=31
num_cat=0
split_feature=16 8 7 3 11 15 8 8 3 12 12 13 3 6 8 8 13 0 3 8 1 10 0 0 8 13 6 16 16 11
split_gain=10783.1 177.409 191.397 102.376 92.0821 107.339 74.4639 66.287 64.5377 64.0935 63.165 62.288 59.6451 59.2196 112.926 77.8018 66.9297 58.6676 56.1645 61.8254 52.6586 73.0866 56.3101 50.1836 61.5463 50.1218 49.0115 55.4773 53.1367 47.987
threshold=0.099609374708175838 0.99103870453598708 0.75000000000000011 0.0017000000000002571 2.1277531144127564 0.16029732021256868 1.3782093935550963 1.946074217491047 0.012799999999999952 -0.21639648026926309 3.14602506932416 -0.03838921418791303 0.030000000000000696 44.697981049410132 1.0000000180025095e-35 0.4888415077034558 -0.56388146100704706 0.0059932211474761363 0.17999999999998553 0.78153287650927616 -0.013245928420056783 1.0000000180025095e-35 0.0070600516935103172 -0.016781267414660125 1.6128561836170705 -0.43856880330034942 62.393404792724176 0.40722131728508287 0.36542283443813511 39.443713586965529
decision_type=2 2 2 2 2 2 2 2 2 2 2 2 2 2 2 2 2 2 2 2 2 2 2 2 2 2 2 2 2 2
left_child=-1 10 4 -4 8 6 26 23 -3 -5 13 12 -11 15 -15 -2 18 -7 -16 -20 22 -22 -17 -8 25 -25 27 -6 -28 -9
right_child=1 2 3 9 5 17 7 29 -10 11 -12 -13 -14 14 16 20 -18 -19 19 -21 21 -23 -24 24 -26 -27 28 -29 -30 -31
leaf_value=-0.032682806110128658 0.056634228184541578 0.017547556326146185 0.050557056178144891 0.031948279923936763 0.037280131185226981 0.068032323728359434 0.038594123131262308 0.047923405307829105 0.028700256167509552 0.050618783692469728 0.05243562995451416 0.029956847593353327 0.038856649723312965 -0.018315015835014013 0.035102163425077541 0.042556145669576065 0.041761555066064139 0.031069705396457314 0.031285072355869498 -0.019097496202983278 0.035416506624952521 0.022318896527346577 0.0033087564035398152 0.049292195931391732 0.0014495566650225844 0.018621015080688343 0.0096885014163102297 0.011901695062677086 0.055697049380620103 -0.0012243102825959047
leaf_weight=2218.6217551752925 163.05120391398668 660.06793010979891 553.37303698062897 1513.3517475426197 1895.5097249597311 119.69568218290806 110.64061278104782 140.05642694234848 1596.3380233421922 548.59936338663101 322.64346753805876 457.87468980252743 1325.5296908318996 29.001574568450451 302.90600827336311 1031.7879483252764 6278.4978525489569 57.075281947851181 47.209252238273621 40.921108424663544 2787.8696798831224 444.58643667399883 33.984538450837135 56.285066947340965 170.05652314424515 323.89361117780209 120.13066197931767 80.828231707215309 27.825197532773018 20.496211498975754
leaf_count=29465 365 2761 1382 4924 6318 314 414 390 6008 1314 720 1372 3735 161 891 2824 17109 203 142 186 8504 1473 135 196 835 1427 481 326 69 109
internal_value=0.030253 0.0368207 0.0338509 0.0384924 0.0300552 0.0333919 0.0320294 0.0243589 0.0254377 0.0367562 0.0393496 0.0398762 0.0422997 0.0389712 0.0407547 0.0362934 0.0410116 0.0560979 0.0289695 0.0078912 0.0355218 0.0336151 0.0413047 0.0201584 0.0164514 0.0231619 0.0349954 0.0362422 0.0183411 0.0416492
internal_weight=23478.7 21260.1 9777.63 4398.73 5378.9 3122.49 2945.72 821.428 2256.41 3845.36 11482.5 2332 1874.13 11159.8 6698.54 4461.28 6669.53 176.771 391.036 88.1304 4298.23 3232.46 1065.77 660.876 550.235 380.179 2124.29 1976.34 147.956 160.553
internal_count=94553 65088 32578 12727 19851 11082 10565 3371 8769 11345 32510 6421 5049 31790 18489 13301 18328 517 1219 328 12936 9977 2959 2872 2458 1623 7194 6644 550 499
is_linear=0
shrinkage=0.03


Tree=17
num_leaves=31
num_cat=0
split_feature=16 9 6 8 12 9 9 5 16 16 16 11 15 7 5 3 11 15 6 5 14 11 4 8 8 5 9 6 12 9
split_gain=10000.6 187.185 147.897 118.97 128.507 107.581 101.261 69.9844 65.2866 61.0057 75.3032 90.0159 64.8971 57.2703 56.5119 65.3435 59.9771 55.7684 54.1046 67.9454 48.8054 51.9388 48.2527 47.1904 47.4323 46.6135 100.689 45.5183 44.7357 44.4394
threshold=0.099609374708175838 0.045659540871272865 80.081724563594875 0.99103870453598708 -0.47998728204621632 0.18558449077028022 0.15517203536867427 -0.038280833824339 0.1005052292243241 0.47607378873594641 0.26868443645697587 23.776766444934964 0.13009977372403528 0.75000000000000011 0.021374329171348086 0.0023949999999998699 -3.5439926498350753 0.22977115785836225 53.314121037463984 -0.0091898979716181824 0.038819232988585091 -7.8048539537861332 0.36251520672323528 1.3290299210568131 1.0000000180025095e-35 -0.023384192249184529 0.10395756878182204 57.75494177785005 -0.60282847059464972 0.063448918266985649
decision_type=2 2 2 2 2 2 2 2 2 2 2 2 2 2 2 2 2 2 2 2 2 2 2 2 2 2 2 2 2 2
left_child=-1 8 3 6 14 -4 7 -3 -2 10 -6 -12 -13 23 16 27 18 25 20 -20 21 -5 -11 24 -10 -18 -27 -16 -21 -17
right_child=1 2 5 4 9 -7 -8 -9 13 22 11 12 -14 -15 15 29 17 -19 19 28 -22 -23 -24 -25 -26 26 -28 -29 -30 -31
leaf_value=-0.032596552884021517 0.0048847169635095351 0.059007137034533225 0.044217919928611404 0.035937425409877204 0.028706715611763304 0.005369002019139423 -0.0059258765451186369 0.034909766730356818 -0.034872910030069225 0.03669279384012665 0.04034730430484551 0.012119894038137244 0.059062349516545119 0.041304705972376766 0.0027300223097098788 0.053536129718013088 0.038224742072606795 0.059176846421670488 -0.027124855462150873 0.016173889658513456 -6.6684157837482126e-05 0.0099549355109967846 -0.017274452674926517 0.025302589170436093 0.037248302796979493 0.023749757177991031 -0.011567713260199012 0.070091176069597763 -0.027493622426728689 0.018786966686486235
leaf_weight=2158.6626721918583 53.111137047410011 111.37903288006783 1197.5967490375042 168.72992649674416 2496.6200605034828 67.784812271595001 53.672071114182472 4151.173216894269 8.2177842259407026 23.479154825210571 1246.9805112332106 178.37817540764809 31.131378829479218 3557.5526621639729 10.701924711465834 41.409254685044289 144.63333655893803 39.642970860004425 58.569998271763325 152.86485831439495 89.881127268075943 117.4346732199192 40.85948558151722 317.50989997386932 6322.9706794023514 600.58555975556374 82.649885788559914 57.733700558543205 24.498278975486755 165.51322950422764
leaf_count=29465 216 234 2838 636 8850 271 251 12427 69 81 3849 728 69 9006 48 112 553 120 358 609 435 531 208 1157 17764 2380 419 116 126 627
internal_value=0.0289735 0.0351229 0.032469 0.0312563 0.0284392 0.0421368 0.0350238 0.0355394 0.0380599 0.0313976 0.0318693 0.0372903 0.0190952 0.0382325 0.0216665 0.0341454 0.0193439 0.0244172 0.0121523 0.000890804 0.0192178 0.0252749 0.00241986 0.0365887 0.0371547 0.0227527 0.0194775 0.0595573 0.0101423 0.025741
internal_weight=23771.9 21613.3 11353.9 10088.5 5772.3 1265.38 4316.22 4262.55 10259.4 4017.45 3953.11 1456.49 209.51 10206.3 1754.85 275.358 1479.49 867.512 611.979 235.933 376.046 286.165 64.3386 6648.7 6331.19 827.869 683.235 68.4356 177.363 206.922
internal_count=94553 65088 36876 33767 20855 3109 12912 12661 28212 13785 13496 4646 797 27996 7070 903 6167 3472 2695 1093 1602 1167 289 18990 17833 3352 2799 164 735 739
is_linear=0
shrinkage=0.03


Tree=18
num_leaves=31
num_cat=0
split_feature=16 9 6 8 9 8 12 16 12 16 16 13 11 16 6 9 12 11 16 11 9 12 3 16 15 3 6 11 13 8
split_gain=9294.22 171.143 135.933 113.835 97.8187 81.8069 84.043 59.3996 57.1335 58.6464 59.7461 80.2205 80.1862 71.5652 69.1235 62.6208 72.0952 56.1401 54.3602 51.9213 73.4421 55.594 54.1771 76.1022 48.8324 59.21 47.017 65.5606 63.5653 54.2622
threshold=0.099609374708175838 0.045659540871272865 80.081724563594875 1.2115276651548526 0.18558449077028022 0.51283230772526311 -0.57259725820748908 0.1005052292243241 0.47502216598594832 0.47607378873594641 0.22681037542776541 1.3464343418344653 -3.0656650213559842 0.16438356155139652 20.375861057177129 0.093451856523897883 0.15310501958794537 44.980734828677662 0.35469106942749845 -16.864875650492674 0.07342341660415154 -0.67639141888882481 1.2000000000000315 0.19902570683657525 0.026935059543041796 9.7800000000004292 48.559875112892897 -0.34199665337414914 -0.35396142970612537 1.0000000180025095e-35
decision_type=2 2 2 2 2 2 2 2 2 2 2 2 2 2 2 2 2 2 2 2 2 2 2 2 2 2 2 2 2 2
left_child=-1 7 3 5 -4 -3 19 -2 9 10 11 13 14 -5 -12 16 24 -10 -17 21 22 -7 -21 -24 25 -14 27 28 -9 -28
right_child=1 2 4 8 -6 6 -8 26 17 -11 12 -13 15 -15 -16 18 -18 -19 -20 20 -22 -23 23 -25 -26 -27 29 -29 -30 -31
leaf_value=-0.032513287510304231 0.0047267124620538059 0.052107981685693125 0.042179121552238075 0.022641199490828802 0.0051947601245185653 0.043148834637085624 0.033559164798590523 0.020998428539587121 0.033002894628191427 -0.03068291568279791 0.068296572834664421 0.045536594153191633 0.041762517761672523 0.0064075407238923764 0.0013551501534150678 0.029267535615222703 0.0090093285920735764 -0.00040732126617491863 0.0020984529531226067 0.031423427117684276 0.01663826843318383 0.012696443873835405 -0.011348034317804406 0.032052379764752822 0.059313733012759558 -0.0080378761579879953 -0.03600323007542483 0.03734418395426238 0.033291777440209433 0.038386259751364268
leaf_weight=2100.1483333036304 53.237970918416977 175.55146746337414 1217.5052105039358 542.75272844731808 67.954065248370171 277.20181168615818 4924.31654971838 514.04219189286232 843.42483948171139 18.768855154514313 15.451981738209723 86.026993215084076 200.23325274884701 444.62317415326834 136.71072852611542 289.34010122716427 58.324984475970268 47.831454902887344 85.972229674458504 1043.1154121905565 675.26042238622904 66.994285553693771 67.812006235122681 78.404782071709633 133.88724881410599 24.069705620408058 8.8384058400988561 2573.4332443401217 1436.1647896319628 5835.9272499233484
leaf_count=29465 216 336 2838 2117 271 787 14740 1658 2843 106 46 274 658 1943 626 1027 244 248 379 3416 2685 249 313 258 357 115 66 7040 4141 15091
internal_value=0.0277781 0.0335485 0.0310287 0.0298739 0.040224 0.0318762 0.0313783 0.0363342 0.0248751 0.0221023 0.0225934 0.0177519 0.0280987 0.0153311 0.00815299 0.0319315 0.03994 0.0312099 0.023044 0.0265161 0.0245399 0.0372216 0.0290262 0.0119243 0.0449765 0.0364185 0.0364965 0.0342002 0.0300515 0.0382738
internal_weight=24043.3 21943.2 11521.5 10236.1 1285.46 7308.66 7133.11 10421.6 2927.42 2036.16 2017.39 1073.4 943.99 987.376 152.163 791.828 416.515 891.256 375.312 2208.79 1864.59 344.196 1189.33 146.217 358.19 224.303 10368.4 4523.64 1950.21 5844.77
internal_count=94553 65088 36876 33767 3109 22784 22448 28212 10983 7892 7786 4334 3452 4060 672 2780 1374 3091 1406 7708 6672 1036 3987 571 1130 773 27996 12839 5799 15157
is_linear=0
shrinkage=0.03


Tree=19
num_leaves=31
num_cat=0
split_feature=16 9 8 5 3 1 8 9 16 7 5 8 8 5 12 1 12 14 15 4 12 16 3 12 5 5 5 14 9 9
split_gain=8653.96 157.297 106.087 111.649 149.441 88.6143 97.2102 74.5921 73.9899 66.6626 61.9946 56.8092 55.3931 66.7861 55.3984 54.8127 54.4401 54.174 60.6114 53.1922 52.7295 50.4548 49.2511 49.2415 47.4372 75.3213 45.5429 51.0614 49.1521 45.1349
threshold=0.099609374708175838 0.060500286933218635 0.51283230772526311 0.009135635291774578 0.046999999999999827 -0.019665590238837401 0.8471557900461123 0.18558449077028022 0.1005052292243241 1.0000000180025095e-35 -0.0058131594866724264 1.0000000180025095e-35 1.3290299210568131 -0.005246354751939443 1.2452532210408946 -0.0053558145599840725 3.7086084809737097 -0.08183487447950609 0.10593830133276838 0.065102518221689859 -0.86251965108689987 0.12203698545120975 0.074999999999999525 -0.033018243893782044 0.020187218564022748 0.012007528143368938 -0.0097927008264727024 0.14811804142571169 0.02734746896019687 0.22312426493641338
decision_type=2 2 2 2 2 2 2 2 2 2 2 2 2 2 2 2 2 2 2 2 2 2 2 2 2 2 2 2 2 2
left_child=-1 8 10 5 7 16 -7 -5 -2 11 -3 -10 14 21 26 17 19 -6 -19 -4 -8 -14 -12 -9 25 -11 27 28 -13 -17
right_child=1 2 3 4 15 6 20 23 9 24 22 12 13 -15 -16 29 -18 18 -20 -21 -22 -23 -24 -25 -26 -27 -28 -29 -30 -31
leaf_value=-0.032432895587839732 0.0023839213516963775 0.060966522833286449 0.074230273246178466 0.040590157847044762 0.029248406496771923 0.032174561143972137 0.010445729832106281 -0.013177008240841509 -0.036116497071800112 0.036478180640653071 -0.041347866312936993 0.0034275686228188973 -0.018967283410194637 0.01128769176004134 0.038227068166429137 0.029158195405924601 -0.015999167934707004 -0.0038074161646341424 0.06462298850344439 0.033356926654383889 0.0223104095735677 0.039676533300338268 0.041783392619025181 0.033719159574560342 0.046531119085644654 0.026697174382084712 0.032600264395451967 -0.03049399403735131 0.028264595236897803 -0.026983333037942054
leaf_weight=2043.0551017895341 66.613447606563568 135.25231216847897 29.611038595438004 1480.1047450751066 109.25051981210709 868.81334921717644 387.16272357851267 39.139416560530663 11.046426326036451 6646.9258073791862 10.035359486937525 78.856681182980537 14.307867005467413 245.01467961072922 1290.4360655248165 958.47385774552822 19.484998762607574 144.03214433789253 12.674364924430845 888.13648024201393 2608.1437790170312 171.11875806748867 17.774262607097626 41.536185532808304 363.73700951039791 793.1380834877491 4002.4563491493464 14.633867412805555 791.36402297019958 13.063703507184981
leaf_count=29465 274 178 54 3778 367 2503 1685 186 83 17295 51 288 69 1020 3264 2868 101 632 27 2836 9628 551 47 123 841 2297 11426 72 2470 74
internal_value=0.0266572 0.0320824 0.0286364 0.0281227 0.0328858 0.0253467 0.0233395 0.039059 0.0339286 0.0340743 0.0525787 0.0318597 0.0319734 0.0215678 0.0326984 0.0250999 0.0336222 0.0130324 0.00172721 0.0346757 0.0207768 0.0351515 0.0117847 0.0109677 0.0359527 0.0354355 0.0312386 0.0250794 0.0260139 0.0284033
internal_weight=24295.4 22252.3 7762.69 7599.63 2798.27 4801.35 3864.12 1560.78 14489.6 14423 163.062 6619.23 6608.19 430.441 6177.75 1237.49 937.233 265.957 156.707 917.748 2995.31 185.427 27.8096 80.6756 7803.8 7440.06 4887.31 884.855 870.221 971.538
internal_count=94553 65088 25138 24862 8055 16807 13816 4087 39950 39676 276 19243 19160 1640 17520 3968 2991 1026 659 2890 11313 620 98 309 20433 19592 14256 2830 2758 2942
is_linear=0
shrinkage=0.03


Tree=20
num_leaves=31
num_cat=0
split_feature=16 9 5 5 9 9 11 12 7 16 16 3 15 1 3 5 5 5 11 12 7 5 0 15 0 9 13 1 3 16
split_gain=8035.1 125.396 79.4093 84.9615 85.056 63.7439 62.2324 59.696 56.9501 56.8158 54.6219 52.8832 52.1789 58.601 49.2826 48.4623 47.5227 46.4637 67.0355 51.1065 45.2031 61.532 49.7583 57.2348 44.1995 55.3678 66.6406 45.6302 48.3245 48.5521
threshold=0.099609374708175838 0.045659540871272865 0.019663011120225483 -0.051750064509624188 0.16133196956551465 0.19942808896615341 -15.994780449446598 -0.68300603228287204 1.0000000180025095e-35 0.36542283443813511 0.3185019986948649 0.67000000000004445 -0.051510834387092169 0.00042023674458346877 0.01800000000000013 0.045132434542764888 -0.020534541163931972 0.0080525627096276007 35.881422181913983 1.0603533525111974 0.75000000000000011 0.0060109883145210421 0.0067804742768845525 -0.042759848293160839 -0.0029852928332911306 0.070955999033176384 -0.56388146100704706 -0.002776002382067488 0.97400000000000209 0.16438356155139652
decision_type=2 2 2 2 2 2 2 2 2 2 2 2 2 2 2 2 2 2 2 2 2 2 2 2 2 2 2 2 2 2
left_child=-1 7 3 6 10 14 -3 16 11 -10 24 12 -6 -14 -4 -7 -2 18 19 -12 -9 -22 -23 -24 -5 27 -27 28 -26 -30
right_child=1 2 5 4 8 15 -8 20 9 -11 17 -13 13 -15 -16 -17 -18 -19 -20 -21 21 22 23 -25 25 26 -28 -29 29 -31
leaf_value=-0.032354945594730462 0.056212546758382782 -0.018764459682180473 0.042099032833953762 0.029549951148251267 0.0079056812027205915 -0.017724817151349076 0.048734732318865076 0.032629867488996128 -0.035947412145817918 0.018878421175982922 0.026524909230042418 -0.030827154012248816 0.0656582661848885 0.0097049607105285617 0.031602095520661289 0.026379093170280359 0.027949605984422997 0.039373178909985311 -0.002927490140252874 0.039150430701704618 0.040956168877755626 0.035388807355603014 -0.0061268143952570688 0.027849135272853924 0.024195605209456357 -0.0068947021099749241 0.021798546203606689 0.029441555575479776 0.028070637064155433 -0.01112718031209404
leaf_weight=1972.9625716581941 54.948275208473206 12.986429072916506 683.8187650591135 2695.3834660947323 78.492885500192642 34.225296184420586 230.25921346247196 5474.5190925076604 41.124008752405643 29.013030096888542 915.36931638419628 17.204623594880104 42.494186148047447 27.910515874624252 978.62808237969875 65.023552179336548 2094.8618546724319 562.09831391274929 56.249102085828781 421.37965834140778 1714.1485805138946 1071.0007697343826 55.172566145658493 233.37277235090733 710.29477617144585 76.059679940342903 1725.5983873158693 2238.1766792833805 45.712423890829086 75.266648456454277
leaf_count=29255 126 61 1631 8522 329 171 534 14716 226 94 2902 92 108 126 2801 233 6038 1359 255 1103 3889 2617 198 607 2318 341 6118 6793 154 329
internal_value=0.0256914 0.0307902 0.0286525 0.027618 0.0271814 0.0345255 0.0451311 0.0331407 0.0093996 -0.013268 0.0276226 0.0189711 0.0247251 0.0434767 0.0359198 0.0111702 0.028672 0.0320926 0.0291548 0.0305048 0.0342645 0.037176 0.0324098 0.0213526 0.0264676 0.024762 0.0205872 0.0272124 0.0212104 0.00368387
internal_weight=24433.8 22460.8 11762.8 10001.1 9757.83 1761.7 243.246 10698 236.239 70.137 9521.59 166.102 148.898 70.4047 1662.45 99.2488 2149.81 1955.1 1393 1336.75 8548.21 3073.69 1359.55 288.545 7566.49 4871.11 1801.66 3069.45 831.274 120.979
internal_count=94046 64791 36600 31764 31169 4836 595 28191 975 320 30194 655 563 234 4432 404 6164 5619 4260 4005 22027 7311 3422 805 24575 16053 6459 9594 2801 483
is_linear=0
shrinkage=0.03


Tree=21
num_leaves=31
num_cat=0
split_feature=16 8 7 11 12 8 3 1 13 11 8 10 13 8 6 0 13 7 12 11 16 12 4 0 11 3 0 4 1 8
split_gain=7505.44 110.587 133.997 90.3827 90.2259 76.0136 64.5138 64.2196 62.3618 52.3133 56.0904 51.3421 67.7671 49.0784 81.6527 52.2059 76.0328 61.9727 58.4191 52.2677 49.0593 57.0077 54.6897 52.9288 46.9913 53.5785 46.9497 46.5439 44.7757 45.4567
threshold=0.099609374708175838 0.84181546863187606 0.75000000000000011 -4.8324406447800721 -0.64517387205189014 1.1708639587216001 0.18750000000000003 -0.029304925570076242 -0.44620931948084114 44.980734828677662 1.946074217491047 1.0000000180025095e-35 -0.14160105545335328 1.6128561836170705 12.108174392657149 0.0058810271786104993 -0.48733300178446021 -0.74999999999999989 1.0000000180025095e-35 10.876899960311638 0.1807623761200477 0.61105017074930834 4.3463836929828377 -0.017729589388136232 0.11885415146828394 9.9999999999995939e-05 -0.014711013415156069 2.1428568367348215 0.015645711719580072 0.5572463037531189
decision_type=2 2 2 2 2 2 2 2 2 2 2 2 2 2 2 2 2 2 2 2 2 2 2 2 2 2 2 2 2 2
left_child=-1 8 4 11 24 7 -5 -6 28 10 13 12 -4 14 -7 16 26 19 27 -18 22 -22 23 -15 25 -3 -16 -17 29 -2
right_child=1 2 3 6 5 9 -8 -9 -10 -11 -12 -13 -14 20 15 18 17 -19 -20 -21 21 -23 -24 -25 -26 -27 -28 -29 -30 -31
leaf_value=-0.032279979100056054 -0.00068875540994250408 -0.027743239810882645 0.030090822204136711 0.035615934163968049 0.041390387926983241 -0.024573590967143368 0.028878880503876426 0.028579995809839845 0.033734131456447825 -0.0042591829750748362 0.039347869637492344 -0.00052065422593322054 0.01273463517237711 0.077428900514882798 0.02144230956220337 -0.0058906970169570333 0.0034925268798784411 0.028224915753699554 0.023979022446371338 0.029862183367083621 -0.012575753290780929 0.024296811722530488 0.066664049881771562 0.0033129862986809541 0.027321657488254245 0.018164378474070864 0.056505543708220946 0.07670475180451837 0.0030712622269925059 0.028999403647995178
leaf_weight=1919.032118935138 48.926733732223511 23.240079253911972 727.58377180993557 3274.4033568799496 384.47836592793465 30.543682411313057 2099.4747308343649 4194.7321294099092 6132.894587084651 61.366792112588882 191.80570235848427 74.665975347161293 280.53012782335281 10.149123921990393 48.416917011141777 122.03711488842964 192.66475585103035 1081.3901579976082 208.59627148509026 104.25739262998104 107.52278332412243 58.143886104226112 23.92893086373806 59.577209502458572 611.08330510556698 1478.3709497228265 118.45926456153393 6.465669408440589 72.825541153550148 904.75798514485359
leaf_count=29255 174 114 2038 8206 928 158 5710 12110 15465 313 506 275 908 21 175 586 817 3696 736 356 532 212 62 262 2063 5371 305 16 244 2432
internal_value=0.0246932 0.0295026 0.0280839 0.0313906 0.0257422 0.0273812 0.0329839 0.0296556 0.0325886 0.0230869 0.0237968 0.0234832 0.0252611 0.0224236 0.024084 0.0248735 0.0272071 0.0248916 0.0141768 0.0127516 0.0101763 0.000365379 0.0275309 0.014101 0.0203081 0.0174539 0.0463324 -0.00173487 0.0257449 0.0274763
internal_weight=24652.3 22733.3 15573.9 6456.66 9117.23 7004.54 5373.88 4579.21 7159.4 2425.33 2363.96 1082.78 1008.11 2172.15 1912.83 1882.29 1545.19 1378.31 337.099 296.922 259.322 165.667 93.6553 69.7263 2112.69 1501.61 166.876 128.503 1026.51 953.685
internal_count=94046 64791 46476 17137 29339 21791 13916 13038 18315 8753 8440 3221 2946 7934 6845 6687 5349 4869 1338 1173 1089 744 345 283 7548 5485 480 602 2850 2606
is_linear=0
shrinkage=0.03


Tree=22
num_leaves=31
num_cat=0
split_feature=16 9 8 5 0 9 8 16 11 16 5 12 12 16 8 12 9 5 8 5 5 8 11 12 1 14 16 11 14 11
split_gain=7021.31 115.603 99.9623 103.832 68.5045 82.4538 54.705 71.4047 53.5483 52.931 52.1744 59.0053 54.7907 51.7514 49.8291 49.005 48.4105 58.6238 47.8021 44.1905 43.3605 92.9748 43.3258 42.7107 42.6853 42.6729 42.6417 47.6088 47.8496 43.5473
threshold=0.099609374708175838 0.045659540871272865 0.78153287650927616 0.011042495727252695 -0.0055708201467842824 0.061259045358880777 1.6128561836170705 0.25822407639140038 -4.3032092005712279 0.1005052292243241 -0.045465155057129676 -0.25882246688701432 -0.59721008185538305 0.27076824364669216 1.0959722503162082 -0.68300603228287204 0.18558449077028022 0.039838890879744203 0.57851512529700966 -0.0086441063256786407 -0.020534541163931972 0.85258909368206492 33.360935239728946 3.7086084809737097 -0.040636895664155841 -0.0060832866844235589 0.1484395173309285 5.0866095141401733 -0.024928100451350282 18.383866447172405
decision_type=2 2 2 2 2 2 2 2 2 2 2 2 2 2 2 2 2 2 2 2 2 2 2 2 2 2 2 2 2 2
left_child=-1 9 -3 4 10 19 7 -5 14 25 11 12 -4 26 -7 20 -9 -18 -17 -6 21 -11 -15 -12 -8 -2 27 28 -10 -29
right_child=1 2 3 6 5 8 24 16 13 15 23 -13 -14 22 -16 18 17 -19 -20 -21 -22 -23 -24 -25 -26 -27 -28 29 -30 -31
leaf_value=-0.032207564880400698 0.021587809384351606 0.03293046710637984 0.04837713825070443 0.026717072648745479 0.018338334303079469 0.016480910775640598 0.071476014787170125 0.037272493482682946 0.012414574559966593 0.0008401387346983044 0.027194931417831542 0.05974308693395302 -0.031737215710988691 0.027788466425940215 0.0004373103029852126 0.021633558021832474 -0.024394269469212977 0.039806501612309718 0.032172371734041937 0.028462668499979662 0.025963502112769019 0.08125739923315746 -0.00059648696633546848 -0.0078467992947592775 0.013856364903211911 -0.033627558629840619 0.013210645027527647 0.0043808481087099149 0.042254864224165113 0.042565193098960952
leaf_weight=1866.4400958530605 33.472443759441376 1734.4923788607121 16.704274594783787 1707.192727163434 519.92132048308849 565.77563095092773 12.127493023872374 1231.5505595356226 68.112816840410233 20.099420771002769 1838.0932461470366 87.393788903951645 14.226112693548201 833.69839458912611 251.75790434330702 406.30894608050585 25.765051797032356 25.440083503723145 8302.2170886546373 1529.2603577524424 2125.1813609972596 36.322014257311821 51.378940492868423 31.846971482038498 252.2736070305109 20.199025586247444 918.96736821532249 127.35381446778774 166.79489199817181 34.071606606245041
leaf_count=29255 114 4292 45 5019 1777 2018 30 2872 265 69 5789 159 66 2604 1141 1198 120 69 20683 4480 5973 55 213 143 881 99 3479 524 513 101
internal_value=0.0237517 0.0282951 0.0262672 0.0251462 0.0231015 0.0212497 0.0295791 0.0307358 0.0180963 0.0305269 0.0278206 0.0471398 0.0115294 0.0205321 0.0115403 0.0306734 0.0360841 0.00750239 0.0316807 0.0258939 0.0266526 0.0526098 0.0261407 0.0265981 0.0164993 0.000807744 0.016758 0.0249832 0.0336025 0.0124403
internal_weight=24854.4 22988 12044.2 10309.7 7055.36 5067.09 3254.35 2989.95 3017.91 10943.8 1988.26 118.324 30.9304 2200.38 817.534 10890.1 1282.76 51.2051 8708.53 2049.18 2181.6 56.4214 885.077 1869.94 264.401 53.6715 1315.3 396.333 234.908 161.425
internal_count=94046 64791 36600 32308 23317 17115 8991 8080 10858 28191 6202 270 111 7699 3159 27978 3061 189 21881 6257 6097 124 2817 5932 911 213 4882 1403 778 625
is_linear=0
shrinkage=0.03


Tree=23
num_leaves=31
num_cat=0
split_feature=16 9 6 5 9 5 9 3 6 11 6 3 9 4 10 9 7 6 3 12 1 9 2 16 4 12 12 11 12 3
split_gain=6577.65 107.324 128.821 71.2709 55.0201 75.308 71.8695 67.3202 66.5185 54.7113 54.4839 52.9215 57.652 52.5257 51.3207 80.1365 50.5032 47.387 71.2298 57.4108 45.0851 48.668 44.5976 42.9762 48.8296 42.5693 44.4233 42.0374 57.2967 41.7626
threshold=0.099609374708175838 0.045659540871272865 85.12447712056894 -0.051750064509624188 0.19942808896615341 0.020187218564022748 0.15517203536867427 30.730000000000249 43.721523114007255 -15.994780449446598 59.387162479366495 0.015030000000000295 0.062078259512435709 0.93548386945888751 1.0000000180025095e-35 0.033101803794932903 0.75000000000000011 70.895702022950204 139.85000000000585 -0.86251965108689987 -0.017645287090682801 0.18558449077028022 -0.0055863950355413954 0.1484395173309285 0.38461538440693283 -1.0897689126435857 -0.39426783108521485 24.657941217167657 2.0672904951009059 0.090000000000000094
decision_type=2 2 2 2 2 2 2 2 2 2 2 2 2 2 2 2 2 2 2 2 2 2 2 2 2 2 2 2 2 2
left_child=-1 14 3 9 5 6 17 10 20 -3 -7 -12 -13 -14 16 -16 -2 22 19 -19 -8 -22 -5 27 25 -25 -27 28 -24 -18
right_child=1 2 -4 4 -6 7 8 -9 -10 -11 11 12 13 -15 15 -17 29 18 -20 -21 21 -23 23 24 -26 26 -28 -29 -30 -31
leaf_value=-0.032137603358442068 0.028743268944669536 -0.019411772849030128 0.038354576577023618 0.026261595594006044 0.005344723842476703 0.020546607096533217 0.036544691431045891 -0.026083147179741424 -0.020885206657021416 0.043520371615956358 0.042406577832040132 0.047786534893515031 0.033382992725259374 0.014704670902726313 0.028625634633337352 0.017062173524588851 0.038162129743083549 0.011912830587150119 -0.0044746784986355133 0.030576405734108126 -0.0086347366416421861 0.040646964976016269 0.025697951065406146 0.050347517965377758 0.020663814161423794 -0.0081395731750354521 0.014437673829878286 0.058331342449511235 -0.019589431801918758 0.03083651782628332
leaf_weight=1815.1619184166193 5028.616401873529 13.113937795162199 636.51308964192867 2242.0544028878212 138.4824762865901 322.04480187594891 61.507276684045792 18.551787838339806 58.876015320420265 239.43066526949406 457.26788803935051 122.37091083824635 302.31242775917053 245.56453615427017 2387.6320367828012 696.79305962473154 1147.3077577501535 162.23666252195835 59.074920803308487 1731.2602572292089 72.261740863323212 24.033045053482056 1355.9424676597118 21.29870916903019 3476.0469428598881 119.70702289044857 227.49806906282902 34.612405180931091 25.618059769272804 1798.0360586941242
leaf_count=29255 13084 61 1336 6837 587 1045 187 84 274 534 958 244 779 760 6279 2136 2486 533 228 4358 335 76 4336 57 11493 528 778 85 107 4206
internal_value=0.0228619 0.0271603 0.0252161 0.0244909 0.024138 0.0243716 0.0234106 0.0307026 0.00632752 0.0402525 0.0314294 0.0345378 0.0291694 0.0250112 0.0292994 0.0260134 0.0305705 0.0238021 0.0279652 0.0289773 0.0164806 0.00366488 0.0227186 0.0212087 0.019563 0.00917905 0.00665364 0.0256763 0.0248582 0.0336901
internal_weight=25041.2 23226.1 12167.7 11531.2 11278.6 11140.1 9672.03 1468.11 216.678 252.545 1449.56 1127.52 670.248 547.877 11058.4 3084.43 7973.96 9455.35 1952.57 1893.5 157.802 96.2948 7502.78 5260.72 3844.55 368.504 347.205 1416.17 1381.56 2945.34
internal_count=94046 64791 36600 35264 34669 34082 30212 3870 872 595 3786 2741 1783 1539 28191 8415 19776 29340 5119 4891 598 411 24221 17384 12856 1363 1306 4528 4443 6692
is_linear=0
shrinkage=0.03


Tree=24
num_leaves=31
num_cat=0
split_feature=16 8 7 11 0 6 1 3 13 6 6 5 1 8 6 15 5 5 8 4 5 13 14 13 1 0 3 1 11 6
split_gain=6170.08 97.6965 114.019 79.4268 77.7817 114.243 71.8694 56.9223 56.2598 56.1368 55.0221 53.0242 74.4665 52.5316 86.5254 53.8441 48.7583 47.4681 47.4959 46.5282 54.8667 52.0204 46.3638 44.9202 44.7979 44.434 44.8202 42.3472 49.1022 41.5426
threshold=0.099609374708175838 0.84181546863187606 0.75000000000000011 -4.8324406447800721 -0.0025574126285618499 12.108174392657149 0.0033361706026900921 0.18750000000000003 -0.44620931948084114 33.317197652319429 15.550346364199898 -0.0086441063256786407 -0.002344764729267645 0.93667596882376769 60.244586298319028 0.1896359330473186 0.006304482314272236 -0.045465155057129676 1.0793057109962507 0.93548386945888751 0.010588212532246883 -0.5162872973942142 0.059115907201374072 -0.34924788618065539 -0.013552723966944789 0.036731022780396645 364.29999999999569 -0.029304925570076242 -16.864875650492674 43.923623478336573
decision_type=2 2 2 2 2 2 2 2 2 2 2 2 2 2 2 2 2 2 2 2 2 2 2 2 2 2 2 2 2 2
left_child=-1 8 4 19 6 -6 17 -5 -2 -8 -7 13 -13 -12 23 -16 -9 -3 27 21 -21 -4 -22 25 -18 26 -15 -19 -29 -10
right_child=1 2 3 7 5 10 9 16 29 -11 11 12 -14 14 15 -17 24 18 -20 20 22 -23 -24 -25 -26 -27 -28 28 -30 -31
leaf_value=-0.032070004893053373 0.022540867337273316 0.04571485974612674 0.0050763121617189355 0.03168453340657422 -0.025615377036816579 0.043082856391328472 -0.010220990485535415 0.031164811263581831 0.026846919049496636 0.018979821007630807 0.025304494335081015 0.016669102648029583 0.026177443092462054 -0.00036071059419783344 -0.014067830614790222 0.035351643480087257 -0.01781520009948297 0.041249490555066722 0.022714168974841541 0.0046156965507578697 0.017086334370843028 0.032136484618473009 0.042580985155500274 0.018914547185849187 0.022662101031491001 0.059646533098041486 0.054589584881623597 0.00073611519896884842 0.028898729201680181 0.031883490762846411
leaf_weight=1765.1727112457156 1056.5583280324936 118.61556388437748 76.475091904401779 3380.3161653727293 48.404498666524887 96.891271129250526 73.292025297880173 829.24905821681023 2339.7605149000883 309.29899169504642 461.31974826753139 1174.9963796585798 2008.3743419498205 246.0578992664814 138.60549189150333 23.156977921724319 25.079577341675758 246.38044179975986 1663.96793808043 260.14439605176449 306.61968523263931 389.9956268966198 81.199407696723938 1097.8150342851877 1308.7581971734762 12.908446058630942 14.126020073890684 57.703152224421501 1619.80407294631 3982.7823877558112
leaf_count=29255 2850 258 257 8206 231 263 322 1977 6036 1036 1348 3777 5829 1036 632 66 110 539 5511 862 928 986 188 3916 3623 23 37 204 4311 9429
internal_value=0.0220194 0.0260912 0.024779 0.0277835 0.0226536 0.0202632 0.0257651 0.0292527 0.0289488 0.0133859 0.0206842 0.020265 0.0226679 0.016429 0.0137575 -0.00699323 0.0254524 0.027043 0.0264257 0.0204755 0.0152745 0.0277001 0.0224243 0.0162061 0.021901 0.00531806 0.00262268 0.0296357 0.02793 0.0300196
internal_weight=25213.8 23448.7 16069.6 6657.84 9411.72 5322.66 4089.06 5543.4 7379.1 382.591 5274.25 5177.36 3183.37 1993.99 1532.67 161.762 2163.09 3706.47 3587.86 1114.43 647.963 466.471 387.819 1370.91 1333.84 273.092 260.184 1923.89 1677.51 6322.54
internal_count=94046 64791 46476 17137 29339 17158 12181 13916 18315 1358 16927 16664 9606 7058 5710 698 5710 10823 10565 3221 1978 1243 1116 5012 3733 1096 1073 5054 4515 15465
is_linear=0
shrinkage=0.03


Tree=25
num_leaves=31
num_cat=0
split_feature=16 9 8 6 6 12 3 5 9 16 12 16 9 9 14 1 1 8 5 1 16 9 8 5 5 6 15 12 16 3
split_gain=5867.29 116.328 102.59 88.9804 88.6748 60.769 81.4298 72.6576 63.3156 59.6792 53.2959 62.6395 49.5118 47.2932 43.7217 43.6194 42.3447 41.8215 42.2129 58.4652 40.7077 40.3672 59.8069 63.1408 51.8797 47.4351 42.7657 51.657 41.0424 46.8294
threshold=0.099609374708175838 0.061673012145457805 0.63155102729462398 85.12447712056894 70.585089489189258 -0.18999467351629859 0.12599999999999859 -0.051750064509624188 0.077424868651224374 0.24183189077457287 1.0603533525111974 0.1005052292243241 0.098140195018211626 0.089302500053424591 -0.23402744074855697 -0.018628439412582739 0.0079642682279940109 1.2257913591511083 0.018696226386771164 -0.0080859178493291033 0.29203001878182827 0.099533449105309271 1.6587404206720964 0.0099529283259312228 -0.032203348290777582 61.942192856103901 -0.22858291049816579 -1.1868084470768936 0.32917776780569663 7.4999999999991753e-05
decision_type=2 2 2 2 2 2 2 2 2 2 2 2 2 2 2 2 2 2 2 2 2 2 2 2 2 2 2 2 2 2
left_child=-1 4 13 5 10 6 21 -7 9 -8 11 -2 -5 -3 -9 -13 -6 -16 -19 -20 -10 22 23 28 25 -23 -26 -28 29 -4
right_child=1 2 3 12 16 7 8 14 20 -11 -12 15 -14 -15 17 -17 -18 18 19 -21 -22 24 -24 -25 26 -27 27 -29 -30 -31
leaf_value=-0.03200462358276953 -0.0053166034670447809 0.027079991125861281 -0.041352543671248736 0.021275210469408227 0.035423806431594367 0.045674728134849164 0.010725810555270856 -0.018249752062047205 0.0087286449824501983 0.035437178227408356 0.029444431149751291 0.014588234275885778 0.040541745847212866 0.049450016148975658 0.025427038762554813 0.025286996022279577 0.027460407720380262 0.014929224918562687 0.0017402029865826003 0.03151911249083434 -0.0098324590749636065 0.034793943184817142 -0.026683461046337665 0.032943006063241131 0.032089714851554263 -0.037862729161494961 -0.04059654834684117 0.011070139972518205 0.036979382118706709 0.018886770704719027
leaf_weight=1732.4287717230618 62.001646652817726 168.78013111650944 11.753261908888815 188.87947514653206 1371.2622406333685 126.97215734422207 227.95145818591118 23.455594405531883 471.15373380482197 143.22020044922829 2738.45185636729 354.94409906864166 329.39839868247509 171.46741926670074 2146.0689713209867 10165.857584014535 1069.8002621531487 890.96102638542652 71.481992185115814 349.22581377625465 137.34336537122726 153.87011483311653 21.10872919857502 504.6768020093441 86.614391535520554 8.5356953442096692 17.900863632559776 643.11113761365414 116.71591129899025 983.78203296661377
leaf_count=29528 250 388 60 464 2910 256 852 94 1798 414 6675 1117 652 270 5840 27344 2461 3222 272 847 585 478 102 1294 257 53 95 2258 322 3378
internal_value=0.0212955 0.0251823 0.0222346 0.0215181 0.0266774 0.0206464 0.0178465 0.0233838 0.0104958 0.0202609 0.0257141 0.0247489 0.0335203 0.0383533 0.0225708 0.024926 0.0319338 0.0228477 0.0186274 0.0264594 0.00453923 0.0206727 0.0234872 0.0241421 0.0156067 0.0309753 0.0122682 0.00967095 0.0201488 0.0181756
internal_weight=25489.2 23756.7 7994.43 7654.18 15762.3 7135.9 3527.74 3608.17 979.669 371.172 13321.3 10582.8 518.278 340.248 3481.19 10520.8 2441.06 3457.74 1311.67 420.708 608.497 2548.07 1638.04 1616.93 910.032 162.406 747.626 661.012 1112.25 995.535
internal_count=94536 65008 24251 23593 40757 22477 11946 10531 3649 1266 35386 28711 1116 658 10275 28461 5371 10181 4341 1119 2383 8297 5156 5054 3141 531 2610 2353 3760 3438
is_linear=0
shrinkage=0.03


Tree=26
num_leaves=31
num_cat=0
split_feature=16 8 7 9 3 6 9 6 5 16 9 13 5 8 13 16 8 9 11 6 6 16 5 2 8 9 6 9 4 5
split_gain=5516.27 109.194 107.657 97.8978 97.6634 96.5744 73.216 70.2478 66.7182 59.8256 59.7874 76.291 65.5271 64.8033 58.1018 50.4727 50.1587 56.3825 49.2114 43.6432 46.2859 42.2902 39.7993 43.3679 51.5682 45.6904 43.0442 48.9065 47.3312 39.8795
threshold=0.099609374708175838 1.0793057109962507 0.75000000000000011 0.16133196956551465 0.13500000000001047 61.31342454494105 0.03830339637796757 77.777777777777914 -0.008816182570062359 0.36542283443813511 0.021796691463682228 -0.2659957006917561 0.00010008335532445092 1.2396999871200636 -0.59531843205940549 0.1005052292243241 1.6128561836170705 0.055084713842677185 44.980734828677662 30.964736153651547 50.89156732464491 0.13046797017534964 0.019663011120225483 -0.0025606883944288565 0.89692998397996004 0.011893848086315131 43.127767050884536 0.09031590355082901 1.0503978778402414 0.012007528143368938
decision_type=2 2 2 2 2 2 2 2 2 2 2 2 2 2 2 2 2 2 2 2 2 2 2 2 2 2 2 2 2 2
left_child=-1 3 5 7 16 10 -6 15 -7 -8 11 -3 18 19 -15 -2 -4 -18 -12 -14 21 -21 23 -17 29 -26 -24 -28 -29 -25
right_child=1 2 4 -5 6 8 9 -9 -10 -11 12 -13 13 14 -16 22 17 -19 -20 20 -22 -23 26 24 25 -27 27 28 -30 -31
leaf_value=-0.031941488028730827 -0.00044940771430138565 0.052406806816810869 0.03053331730839029 -0.0061569106655852031 0.028704921814520754 -0.021220656391913117 0.011011149464019755 0.032929569314096914 0.010298252433308508 0.02774415391711808 0.021154606712117933 0.014577895629537213 0.034872344333629818 0.042884805650384043 -0.0016183310605974285 0.027423092803261075 0.05461673735333631 0.0076524549190797658 -0.0080081600961306142 0.028862741021946841 0.041593904843886399 0.0016403243210840934 0.014496028728887438 0.026157679202774158 0.047257587278957194 0.02035193893825599 0.039563477431701959 0.035882783189585696 -0.011417527043442285 0.015111573151845012
leaf_weight=1684.5006948448718 68.191542610526085 108.96416607499123 2049.9922204911709 86.349153831601143 517.17751598358154 80.014030277729034 816.32436710596085 1174.4733073711395 247.11156718432903 251.56117524206638 3099.8710812777281 85.731542631983757 114.06068176031113 28.620901256799698 340.69110994040966 4671.1176161617041 26.832776874303818 161.34118449687958 52.967474550008774 68.871113628149033 44.442065134644508 202.0049757361412 99.219124019145966 5456.5986219644547 57.836662888526917 3181.9619167894125 473.07714253664017 40.604446858167648 35.850361928343773 310.91369147598743
leaf_count=29528 257 206 4879 349 1192 405 2610 2433 836 640 10235 253 318 84 1461 11776 47 547 263 198 114 733 299 13610 111 9063 998 95 131 865
internal_value=0.0205332 0.0242236 0.0214411 0.0256981 0.0251376 0.0182818 0.01944 0.0258748 0.00258881 0.0149529 0.0195199 0.0357494 0.0187203 0.0110447 0.00183057 0.0252992 0.0291726 0.0143494 0.0206647 0.0189698 0.0132174 0.00856171 0.0254217 0.0250774 0.0238609 0.0208323 0.0326821 0.0359656 0.0137032 0.0255622
internal_weight=25637.3 23952.8 8296.58 15656.2 3823.23 4473.35 1585.06 15569.8 327.126 1067.89 4146.23 194.696 3951.53 798.691 369.312 14395.4 2238.17 188.174 3152.84 429.379 315.318 270.876 14327.2 13678.4 9007.31 3239.8 648.751 549.532 76.4548 5767.51
internal_count=94536 65008 25021 39987 9915 15106 4442 39638 1241 3250 13865 459 13406 2908 1545 37205 5473 594 10498 1363 1045 931 36948 35425 23649 9174 1523 1224 226 14475
is_linear=0
shrinkage=0.03


Tree=27
num_leaves=31
num_cat=0
split_feature=16 9 6 6 5 12 9 3 6 5 12 16 9 1 1 3 1 6 11 3 11 4 9 16 3 5 1 5 4 11
split_gain=5191.72 105.26 81.5823 76.6356 67.7917 60.3489 55.3275 52.5179 88.4676 60.8677 49.3672 55.239 46.8113 49.7514 46.6216 45.9555 44.6735 43.7716 42.2196 39.824 39.5382 43.7887 59.7795 43.5285 41.5508 67.7567 39.5254 39.7668 56.4272 42.7618
threshold=0.099609374708175838 0.061673012145457805 70.585089489189258 85.12447712056894 -0.051750064509624188 -1.3734552238411337 0.098140195018211626 0.35999999999999238 37.562752585456899 0.0095308697906495658 1.0603533525111974 0.1005052292243241 0.22312426493641338 -0.030899046089928769 0.04422554183026229 0.17099999999999985 0.0054737834446029207 27.947112692241571 -16.864875650492674 13.71499999999992 7.851332366293585 0.44285713963060275 0.099533449105309271 0.36542283443813511 0.0020999999999999981 0.0163390770990306 -0.018628439412582739 -0.0097927008264727024 0.27027026479182287 14.20329761746312
decision_type=2 2 2 2 2 2 2 2 2 2 2 2 2 2 2 2 2 2 2 2 2 2 2 2 2 2 2 2 2 2
left_child=-1 2 10 4 18 -6 -5 9 16 14 11 -2 15 -14 -7 20 17 -9 -3 -19 21 -11 23 24 -23 -26 -13 28 -28 -30
right_child=1 3 -4 6 5 7 -8 8 -10 12 -12 26 13 -15 -16 -17 -18 19 -20 -21 -22 22 -24 -25 25 -27 27 -29 29 -31
leaf_value=-0.031880458993140563 -0.0053400836281604688 -0.019076502044184391 0.02973187818555301 0.018696554148039245 -0.01487823238477501 0.018855618856056949 0.038668685637673512 0.019288564084988292 0.0078033223413730432 0.035555975586674976 0.027371939553636478 0.013276795903006053 0.052774450113310466 -0.025242890427550225 -0.0079971469913599873 0.010735376678924458 0.0022523875996853966 0.027770021465005418 0.037822482955899968 0.056097365188504188 0.033549820768925404 0.036390070531191414 0.012088460303729473 0.052697944069688196 0.030784001521502704 0.007380233756440889 -0.000839343552324009 0.024139996570386117 0.021657323264576971 -0.0062272221649046925
leaf_weight=1637.7982590198517 62.029198482632637 12.339995317161081 2476.7643610537052 195.57200920581818 46.395418852567673 3630.3965640440583 345.13805484771729 382.06203909218311 819.37969817221165 241.63671080768108 2782.1892956420779 359.73151735216379 9.6129320710897428 31.338621482253075 59.138283401727676 174.45126104354858 86.205514654517174 148.87226776778698 240.08119498193264 63.810975253582001 555.34379264712334 188.09663325548172 392.59665705263615 53.684888646006584 232.5265705883503 213.60675857961178 121.07103562355042 8898.4212754368782 1262.5077472925186 51.515761151909828
leaf_count=29528 250 56 5371 478 213 11588 663 1244 2855 561 6675 1117 26 161 228 555 348 449 514 146 1249 413 1170 87 580 667 421 23148 3588 187
internal_value=0.0198076 0.0233149 0.0247259 0.0205331 0.0197549 0.0192284 0.0314449 0.0194457 0.0144443 0.0207434 0.02381 0.0228886 0.0248301 -0.00692917 0.0184252 0.0254639 0.0224354 0.0253608 0.0350409 0.036269 0.0268324 0.0240109 0.0214291 0.0267599 0.0245643 0.0195784 0.0230523 0.0233926 0.0187584 0.0205641
internal_weight=25774.3 24136.5 16014.2 8122.29 7581.58 7329.16 540.71 7282.76 1500.33 5782.43 13537.5 10755.3 2092.89 40.9516 3689.53 2051.94 680.951 594.745 252.421 212.683 1877.49 1322.15 1080.51 687.915 634.23 446.133 10693.2 10333.5 1435.09 1314.02
internal_count=94536 65008 40757 24251 23110 22540 1141 22327 5042 17285 35386 28711 5469 187 11816 5282 2187 1839 570 595 4727 3478 2917 1747 1660 1247 28461 27344 4196 3775
is_linear=0
shrinkage=0.03


Tree=28
num_leaves=31
num_cat=0
split_feature=16 6 12 11 5 5 16 12 1 5 0 11 1 3 15 0 3 11 6 15 1 11 16 5 4 6 1 0 13 11
split_gain=4891.1 77.6558 77.6415 58.7817 51.9828 52.5017 79.0452 67.91 58.0555 83.6306 56.0055 48.2419 51.0322 50.2094 48.0423 46.7098 44.2056 44.9893 46.8456 44.0381 42.5671 42.0681 39.3101 41.1526 57.2382 53.9471 48.9155 41.2234 61.1554 38.3297
threshold=0.099609374708175838 77.777777777777914 -0.18999467351629859 44.980734828677662 -0.051750064509624188 -0.018226548538744402 0.26023227744946492 3.2779003812715839 -0.015213063391250945 -0.008063155632888638 -0.0056925973006762267 3.0624676174991321 0.0056082027319156466 0.15899999999999939 0.062697375095341568 -0.011904203854124327 106.20000000000438 5.6405875983968965 67.586301642437832 -0.035080498844743402 0.016407859559865571 22.992894756244791 0.1005052292243241 -0.0055302331277628548 0.34825242273610685 14.084507042253572 0.015645711719580072 -0.0025574126285618499 -0.24631111888486698 8.8525734799666314
decision_type=2 2 2 2 2 2 2 2 2 2 2 2 2 2 2 2 2 2 2 2 2 2 2 2 2 2 2 2 2 2
left_child=-1 2 22 4 -4 6 10 21 9 -7 -6 20 14 -14 -13 -15 17 -12 -19 29 -10 -8 -2 24 26 -25 -24 -26 -29 -11
right_child=1 -3 3 -5 5 8 7 -9 11 19 16 12 13 15 -16 -17 -18 18 -20 -21 -22 -23 23 25 27 -27 -28 28 -30 -31
leaf_value=-0.031821460170860606 -0.0047421113648237687 0.027709255190149759 0.041953233300948342 0.0036879553277029118 0.021036677282532452 0.028378260663770419 0.033020073092964716 -0.043440171904382791 0.02368283355386934 0.017896917714643974 0.010057943469528824 0.028384316381080806 0.027675969575990493 -0.034006207981505235 0.039893514841087434 0.019304334638360728 0.054495070815158191 -0.016706663021456857 0.054873187846362692 0.030807115885622762 0.012225452265380172 0.0026107531295521524 0.010613078888740926 -0.028110737158089042 0.024268975601260793 0.0216487733337456 -0.023637663903409253 0.0095956486155778422 0.020319392780022909 0.0062780975718879726
leaf_weight=1592.2963499203324 57.157677546143532 2290.6816419810057 141.24947185814381 131.42151559889317 233.81851369142532 605.57086852192879 340.55648012459278 11.884904757142065 3137.8529953807592 552.09164763242006 172.32703657448292 2319.0799412876368 1266.9080347567797 15.042723834514616 379.89056992530823 887.11147657036781 13.787602379918097 139.48063077032566 8.7445605099201185 133.94944566488266 321.76724653691053 46.538214921951294 391.76231199502945 19.663374528288841 926.03617781400681 7109.3316638469696 41.503108456730843 723.30547153204679 1414.7694055438042 475.7307737916708
leaf_count=29528 232 5076 259 500 674 1554 899 57 7843 1544 562 5594 2991 66 767 2288 30 588 14 337 917 173 1321 86 2720 19411 193 2452 4307 1553
internal_value=0.0191158 0.0224523 0.0219054 0.0236349 0.0238689 0.023638 0.0169607 0.0271954 0.0242777 0.0193392 0.00977362 0.0253258 0.0272507 0.0238243 0.0300043 0.0184154 0.00189687 -0.000365489 -0.0124838 0.0146277 0.0226172 0.0293641 0.0200704 0.0202039 0.0175384 0.0215115 0.00733215 0.0189816 0.0166916 0.0125191
internal_weight=25901.3 24309 22018.3 11334.8 11203.4 11062.1 967.138 398.98 10095 1767.34 568.158 8327.65 4868.03 2169.06 2698.97 902.154 334.34 320.552 148.225 1161.77 3459.62 387.095 10683.5 10626.4 3497.38 7129 433.265 3064.11 2138.07 1027.82
internal_count=94536 65008 59932 29210 28710 28451 2997 1129 25454 4988 1868 20466 11706 5345 6361 2354 1194 1164 602 3434 8760 1072 30722 30490 10993 19497 1514 9479 6759 3097
is_linear=0
shrinkage=0.03


Tree=29
num_leaves=31
num_cat=0
split_feature=16 8 7 9 6 3 9 5 6 16 9 13 5 8 13 8 9 11 16 6 6 9 11 15 16 5 5 9 8 11
split_gain=4612.02 101.8 95.8901 89.5004 87.4222 85.5082 65.426 60.714 60.6645 53.6333 53.3702 68.7919 59.8711 58.8979 52.2635 45.7774 51.1736 43.3728 39.7081 39.5185 41.8207 39.4389 38.9651 45.7119 55.4091 40.7308 41.7111 49.2427 99.4659 68.93
threshold=0.099609374708175838 1.0793057109962507 0.75000000000000011 0.16826729082782668 61.31342454494105 0.13500000000001047 0.03830339637796757 -0.008816182570062359 74.056288951659909 0.36542283443813511 0.021796691463682228 -0.2659957006917561 0.00010008335532445092 1.2396999871200636 -0.59531843205940549 1.6128561836170705 0.055084713842677185 44.980734828677662 0.1005052292243241 30.964736153651547 50.89156732464491 0.071563024156912833 -26.133683495344417 -0.065125811927797636 0.1294117640715117 0.019663011120225483 -0.051750064509624188 0.076763493309427694 0.61850382614796484 -16.864875650492674
decision_type=2 2 2 2 2 2 2 2 2 2 2 2 2 2 2 2 2 2 2 2 2 2 2 2 2 2 2 2 2 2
left_child=-1 3 4 8 10 15 -7 -6 18 -8 11 -3 17 19 -15 -4 -17 -12 -2 -14 21 -21 23 24 -20 26 -24 -28 -29 -30
right_child=1 2 5 -5 7 6 9 -9 -10 -11 12 -13 13 14 -16 16 -18 -19 22 20 -22 -23 25 -25 -26 -27 27 28 29 -31
leaf_value=-0.031764415862250928 -0.00039912171363346987 0.047864166231647687 0.027446799401118403 -0.010775308910855791 -0.021466881821921295 0.025819585305818158 0.0092413448280396077 0.0084620108953520554 0.028116535287484472 0.024918202982386513 0.018729090936736723 0.012385747403609496 0.031536529961339342 0.038633352067418782 -0.0027819184200029356 0.049928358534828028 0.0058102083226426512 -0.0085068353643515549 -0.02762321032408039 0.011340313220649113 0.037727379826459663 -0.021547039018449524 0.043276902906927914 -0.0066133228964137059 0.031696273702381421 0.03049807085972505 0.022941064967040098 0.043424259414693737 0.034750107254304552 0.011960072648176497
leaf_weight=1547.9700055383146 67.858345627784729 112.32150869071484 2096.1919494122267 70.129602134227753 80.460408359766006 527.42157968878746 831.25599464774132 252.25647737085819 1971.0464816391468 257.17190206050873 3181.6492190063 87.508021876215935 117.55397000908852 29.774585947394371 347.26651196181774 27.634077146649361 164.62478458881378 53.507980555295944 16.784431040287018 238.40338368713856 45.926306754350662 38.05655400454998 85.962677642703056 88.679853200912476 91.049809291958809 591.27078749239445 11642.636596947908 116.3709724843502 133.8817335665226 1107.5284368991852
leaf_count=29528 254 206 4879 289 405 1192 2610 836 4197 640 10235 253 318 84 1461 47 547 263 67 757 114 174 139 306 218 1350 29153 183 328 3503
internal_value=0.0184545 0.021631 0.018976 0.0230411 0.0160337 0.0224312 0.0171476 0.00122435 0.0231902 0.0129454 0.0171925 0.0323277 0.0164461 0.00918958 0.000488607 0.0261618 0.0121515 0.0182786 0.0224937 0.0166465 0.0112171 0.00681315 0.0226057 0.00934198 0.0224632 0.0227962 0.0224483 0.0223105 0.0169039 0.0144179
internal_weight=26020.2 24472.2 8488.99 15983.2 4584.68 3904.3 1615.85 332.717 15913.1 1088.43 4251.97 199.83 4052.14 816.981 377.041 2288.45 192.259 3235.16 13942 439.94 322.386 276.46 13874.2 196.514 107.834 13677.7 13086.4 13000.4 1357.78 1241.41
internal_count=94536 65008 25021 39987 15106 9915 4442 1241 39698 3250 13865 459 13406 2908 1545 5473 594 10498 35501 1363 1045 931 35247 591 285 34656 33306 33167 4014 3831
is_linear=0
shrinkage=0.03


Tree=30
num_leaves=31
num_cat=0
split_feature=16 9 6 4 8 8 6 8 5 12 11 5 12 12 11 3 12 12 1 8 6 6 1 5 9 8 8 11 1 12
split_gain=4322.26 110.113 72.8547 71.2466 77.0803 66.6245 57.6695 46.9998 95.0627 56.5258 57.3957 48.1656 45.8954 45.796 43.3055 50.0909 40.5493 40.4198 43.0558 40.1707 40.4143 37.0614 36.8745 58.5003 43.4122 37.4295 35.4532 34.4742 38.9657 40.049
threshold=0.099609374708175838 0.055460189297201784 84.121153414220373 7.7894695844896598 1.2396999871200636 1.0000000180025095e-35 69.994864872060774 0.51283230772526311 -0.0067587640420748761 -0.7466939501185218 -20.392241286070469 -0.012426525653577053 -1.1649912478592275 1.0603533525111974 -28.211146844058863 0.0015399999999999999 -0.62089656767978652 0.47502216598594832 -0.044918600897569154 0.86258315971476596 24.180722701285692 37.562752585456899 0.010813525022525418 0.0019309460479618823 0.03830339637796757 0.91019182131506204 2.3140571432668247 -24.487076457424862 -0.015213063391250945 -0.37326413998664076
decision_type=2 2 2 2 2 2 2 2 2 2 2 2 2 2 2 2 2 2 2 2 2 2 2 2 2 2 2 2 2 2
left_child=-1 5 3 4 7 -2 13 8 -3 10 -9 -12 -5 27 -11 -16 -10 18 21 -14 -21 -6 -8 24 25 -24 -19 -7 29 -29
right_child=1 2 -4 12 17 6 22 9 16 14 11 -13 19 -15 15 -17 -18 26 -20 20 -22 -23 23 -25 -26 -27 -28 28 -30 -31
leaf_value=-0.031709314431698499 -0.023090392412482539 0.048308127048743321 0.027640272057815392 -0.023403579945206743 0.018435537880516318 0.006160789045101785 0.02953130238745065 0.03506490406684 0.035359465936394843 -0.0061306578460317927 -1.1426867704245729e-06 0.015419547645929671 0.022675655664119696 0.025245254200127961 0.033197949774840911 0.020888893218489888 -0.031478175081638998 0.018329077266425003 0.010689208891077745 -0.0080853220345119201 0.011026766810191997 0.076553576279710878 0.005775106002022014 0.026924385810169496 0.018102869082764809 -0.038264092260206418 0.047998200045615551 0.029021699280401589 0.021442906287988908 0.0085260108689726773
leaf_weight=1497.4476931132376 28.88814415037632 128.25371713936329 701.24815544486046 35.517998263239861 24.57933846116066 143.03371849656105 1544.3617475628853 102.79455156624317 12.813264816999434 50.577861070632935 244.93896135687828 712.76019702851772 217.573545768857 2617.2579340040684 320.99811960756779 4072.3720265030861 22.539958640933037 712.7503849864006 1626.0086448863149 117.9480002373457 639.34057931602001 16.507113188505173 47.784234121441841 495.1301933825016 138.32321114838123 27.288104340434074 38.190607473254204 109.21946206688881 9223.3731407374144 400.23022936284542
leaf_count=29383 163 157 1471 152 83 430 3164 248 29 181 976 2222 549 6056 756 11106 96 2189 5629 473 2044 31 126 1032 337 107 81 279 23560 1208
internal_value=0.0177737 0.0207891 0.018323 0.0176047 0.0185433 0.0224245 0.0225137 0.0204564 0.0363019 0.0199854 0.0137621 0.0114756 0.0100938 0.021717 0.0214705 0.0217882 -0.00725384 0.0140588 0.0114556 0.0113143 0.00805005 0.0417854 0.0269316 0.0212652 0.00813443 -0.0102327 0.019838 0.0207819 0.0209968 0.01292
internal_weight=26070.1 24572.6 9797.71 9096.46 8086.08 14774.9 14746 5668.05 163.607 5504.44 1060.49 957.699 1010.38 12493.1 4443.95 4393.37 35.3532 2418.04 1667.1 974.862 757.289 41.0865 2252.89 708.526 213.396 75.0723 750.941 9875.86 9732.82 509.45
internal_count=94318 64935 28473 27002 23784 36462 36299 15771 282 15489 3446 3198 3218 31533 12043 11862 125 8013 5743 3066 2517 114 4766 1602 570 233 2270 25477 25047 1487
is_linear=0
shrinkage=0.03


Tree=31
num_leaves=31
num_cat=0
split_feature=16 9 6 4 8 7 8 6 8 12 12 12 12 1 3 8 6 15 6 8 12 4 0 16 16 0 15 1 7 9
split_gain=4083.37 102.889 68.3408 66.0053 71.7665 69.3187 62.3571 54.348 44.7626 52.4109 43.2401 42.7393 42.2842 49.0805 39.5372 37.3761 37.8782 35.7699 57.8903 59.7706 54.1892 38.8685 35.8051 35.7174 35.4882 35.4319 34.3351 34.1519 47.6332 58.0583
threshold=0.099609374708175838 0.055460189297201784 84.121153414220373 7.7894695844896598 1.2396999871200636 -0.74999999999999989 1.0000000180025095e-35 69.994864872060774 0.51283230772526311 -0.7466939501185218 -1.1649912478592275 1.0603533525111974 0.47502216598594832 0.0026146232369177462 0.0015399999999999999 0.86258315971476596 24.180722701285692 0.16029732021256868 64.429658311555798 1.7950459958334704 -0.40706128549086051 0.29885057213634275 -0.0067533944957307015 0.1140939594854161 0.39896157120408177 0.0048289170618681663 -0.43775731380599331 0.010813525022525418 0.75000000000000011 0.03830339637796757
decision_type=2 2 2 2 2 2 2 2 2 2 2 2 2 2 2 2 2 2 2 2 2 2 2 2 2 2 2 2 2 2
left_child=-1 6 3 4 8 -6 -2 11 -3 -10 -5 -8 13 24 -11 -12 -17 18 22 20 -20 -22 -15 -14 -7 -19 -16 -9 29 -29
right_child=1 2 -4 10 5 12 7 27 9 14 15 -13 23 17 26 16 -18 25 19 -21 21 -23 -24 -25 -26 -27 -28 28 -30 -31
leaf_value=-0.031655967568972647 -0.022694973505498723 0.03517542350179885 0.026673702904774849 -0.022903810800751091 -0.0056424163355911746 0.018265369022468426 0.020039387829315043 0.028482660339778545 0.013282298613613778 0.030691126525668237 0.021855431867849082 0.024338298901101722 -0.023930035681416141 0.016133448981979062 -0.0070969603833614245 -0.007869883447292652 0.010653822066866544 0.040408676168109024 -0.0038767869993278333 -0.041883439846888228 0.054325200022389511 0.018438524770162137 -0.011790328754576099 0.02197013493372571 -0.0072343608822868916 0.0037318671582640935 0.020166666752182726 -0.021373617440410317 0.024727945171522318 0.018005583048504623
leaf_weight=1455.6033924520016 28.515411749482155 163.76959548890591 704.80348020792007 35.208948090672493 158.14836302399635 836.29665240645409 9933.6134814471006 1553.0470662564039 1065.7221710979939 329.26248215138912 218.9453457146883 2633.0969444066286 15.600132331252096 50.571942180395126 41.998779207468033 117.54769349098206 641.83080896735191 50.170079335570335 88.508184529840946 17.264794811606407 32.581742465496063 163.31659433245659 226.08199141919613 695.43498106300831 52.184743821620941 44.940443977713585 4102.5096582919359 48.234313577413559 551.26871390640736 111.79019840061665
leaf_count=29383 163 282 1471 152 714 2657 25477 3164 3446 779 549 6056 67 165 142 473 2044 130 321 88 56 438 998 1996 218 165 11122 167 1162 273
internal_value=0.0171734 0.0200496 0.0176723 0.0169788 0.0178783 0.0135623 0.0216258 0.021711 0.0197181 0.0192611 0.00975952 0.0209401 0.0148985 0.0121378 0.0206853 0.010935 0.00778645 0.00602942 0.00322554 0.012315 0.0156051 0.0244072 -0.0066859 0.0209631 0.0167676 0.0230786 0.0198904 0.0259893 0.0205452 0.00613597
internal_weight=26167.9 24712.3 9852.7 9147.9 8134.36 2431.1 14859.6 14831.1 5703.26 5539.49 1013.53 12566.7 2272.95 1561.92 4473.77 978.324 759.379 673.436 578.325 301.671 284.407 195.898 276.654 711.035 888.481 95.1105 4144.51 2264.34 711.293 160.025
internal_count=94318 64935 28473 27002 23784 8013 36462 36299 15771 15489 3218 31533 7299 5236 12043 3066 2517 2361 2066 903 815 494 1163 2063 2875 295 11264 4766 1602 440
is_linear=0
shrinkage=0.03


Tree=32
num_leaves=31
num_cat=0
split_feature=16 8 7 9 6 16 12 12 9 0 15 0 3 14 12 6 7 11 11 8 3 9 6 13 13 8 15 8 12 8
split_gain=3860.83 97.0647 98.4874 90.1735 68.4852 73.7738 59.2765 57.1627 50.0401 77.9923 67.4345 62.0732 56.2871 55.4559 55.6057 53.974 48.8308 47.6865 41.9803 43.1349 41.1929 47.7289 49.5513 42.2257 56.7178 45.0183 52.6764 42.9231 42.4836 40.6628
threshold=0.099609374708175838 0.94708936094204133 0.75000000000000011 0.1450595690508665 62.163655799116242 0.34127055110962273 -0.46812409540814076 3.14602506932416 0.064804528414187421 -0.012269289790515557 0.060682290126077357 0.013721369804308494 294.50000000000006 -0.18007274982956914 3.7086084809737097 12.108174392657149 -0.74999999999999989 20.412343049856844 0.79557245144513689 1.3111251302991971 0.18750000000000003 0.06437801344216719 90.569935385323291 -0.20218714027472906 0.11500156178178017 1.2115276651548526 -0.045832077389375066 1.402761495427338 3.5559394253483156 1.2442777497569117
decision_type=2 2 2 2 2 2 2 2 2 2 2 2 2 2 2 2 2 2 2 2 2 2 2 2 2 2 2 2 2 2
left_child=-1 3 4 7 8 -6 -7 -2 10 13 16 -12 15 -10 -15 17 29 -11 -18 -20 -4 -22 23 25 -25 26 -23 -26 -27 -3
right_child=1 2 20 -5 5 6 -8 -9 9 12 11 -13 -14 14 -16 -17 18 -19 19 -21 21 22 -24 24 27 28 -28 -29 -30 -31
leaf_value=-0.031604372014790424 0.021189736157685473 0.014266425167320384 0.022522713643956277 -0.0073993077658834486 0.0011714917538829725 -0.018665605306787618 0.039683824543294284 0.033594625756711571 -0.015488055049614405 -0.028979741299020569 0.027724285997650984 -0.034052567407604567 0.040585550405593356 0.026782148606890217 -0.040285041263394161 0.010534438969854159 0.012831002793589239 0.024495644195573166 0.024220201202081921 0.011900793397913952 0.02021766465433876 0.031991814728566256 0.041973456491289023 0.024030481249693703 -0.039369222053064111 -0.010925533992083743 -0.0016828444731810323 0.01660790786561879 0.065627218077204286 5.6190353196934708e-05
leaf_weight=1414.8551199063659 11361.0680000633 774.48431606590748 3518.9030554890633 97.613173812627792 522.00847990065813 19.234989836812019 84.5296670794487 344.46221645176411 31.781592443585396 57.26641446352005 721.24043503403664 14.941718161106108 54.07467582821846 512.23036552965641 11.37309619784355 2001.0426341593266 709.23676477372646 20.338543727993965 1223.8161504268646 323.3869191557169 1530.7382209151983 74.233280926942825 42.51612389087677 219.72634471952915 24.824974536895752 183.86297032237053 95.710069701075554 24.491519272327423 6.7644667923450461 236.59775002300739
leaf_count=29383 27377 2167 8361 364 1819 86 174 643 127 266 1846 66 145 1378 62 7098 2138 68 3073 1038 3686 189 74 585 109 692 321 73 11 899
internal_value=0.016599 0.0193443 0.0175602 0.0213153 0.0152547 0.005764 0.0288675 0.0215548 0.0161422 0.0129762 0.0182679 0.0264704 0.0103685 0.0229899 0.0253254 0.00958243 0.0164199 -0.014965 0.0188748 0.0216453 0.0205087 0.0172915 0.0106274 0.00851072 0.0175048 0.00179971 0.0130266 -0.0115699 -0.00820904 0.0109412
internal_weight=26257.4 24842.5 13039.4 11803.1 7317.58 625.773 103.765 11705.5 6691.81 2688.11 4003.7 736.182 2132.72 555.385 523.603 2078.65 3267.52 77.605 2256.44 1547.2 5721.77 2202.87 672.13 629.614 269.043 360.571 169.943 49.3165 190.627 1011.08
internal_count=94318 64935 36551 28384 22450 2079 260 28020 20371 9144 11227 1912 7577 1567 1440 7432 9315 334 6249 4111 14101 5740 2054 1980 767 1213 510 182 703 3066
is_linear=0
shrinkage=0.03


Tree=33
num_leaves=31
num_cat=0
split_feature=16 9 6 4 8 8 6 8 5 12 5 6 3 6 2 12 12 11 10 12 11 4 13 11 11 1 15 2 9 6
split_gain=3653.15 91.9828 63.0253 60.2453 64.5358 58.1736 51.4793 42.1752 89.5318 49.16 43.7968 53.1823 50.9909 44.2421 42.2678 40.6372 39.3875 38.711 38.2798 37.5549 36.2409 35.7339 40.2609 37.298 36.4004 49.3958 47.0934 51.7631 37.9512 37.4882
threshold=0.099609374708175838 0.055460189297201784 84.121153414220373 7.7894695844896598 1.2396999871200636 1.0000000180025095e-35 69.994864872060774 0.51283230772526311 -0.0067587640420748761 -0.11541488674177026 0.019663011120225483 54.323687037482095 1.2000000000000315 18.752067096143367 0.010889035325664818 -1.1649912478592275 1.0603533525111974 -20.392241286070469 1.0000000180025095e-35 -0.62089656767978652 11.45384480732451 5.6363635851240383 0.37763452724714902 25.669478642971736 9.3469189419893812 0.0033361706026900921 -0.015735415522094894 0.0048172952407261717 0.16133196956551465 12.108174392657149
decision_type=2 2 2 2 2 2 2 2 2 2 2 2 2 2 2 2 2 2 2 2 2 2 2 2 2 2 2 2 2 2
left_child=-1 5 3 4 7 -2 16 8 -3 10 12 -12 14 -14 20 -5 -7 -15 -16 -10 -9 22 24 -24 25 29 -27 -28 -26 -6
right_child=1 2 -4 15 21 6 -8 9 19 -11 11 -13 13 17 18 -17 -18 -19 -20 -21 -22 -23 23 -25 28 26 27 -29 -30 -31
leaf_value=-0.031554463356301521 -0.022671725494000879 0.045013065078390417 0.025046482658471373 -0.022809084082418243 -0.031414621025890405 0.018629488626950505 0.024383116394830821 0.015774612658451294 0.031780152863101929 0.020980590250530621 0.0046618992666730774 0.03091390948480971 0.048238073686224167 0.025139383539638224 -0.0056243904848170961 0.010030690409078407 0.022735604140014423 -0.0050896648978962867 0.052889334406224842 -0.031943116646553221 0.037905953900429792 -0.0058135273867556082 0.035800436609333686 -0.013674304197222157 0.014021803806691985 -0.0099588927044121592 0.022209171987681835 -0.002311509364178203 0.029763090554214916 0.014655351409933673
leaf_weight=1375.1787379607558 28.493422232568264 128.67525428533554 710.22440446913242 35.12040139734745 16.224178448319435 10039.733253508806 2282.3098929226398 2141.6833914667368 13.137519687414168 2563.6589357852936 90.695506915450096 296.51226334273815 17.899002939462662 45.188815385103226 123.54860463738441 986.4274910390377 2659.448682025075 243.95826157927513 10.954474836587904 22.715936824679375 68.729677051305771 91.771954596042633 111.27780686318874 15.641586661338804 761.54244619607925 191.74759501218796 143.09195975959301 168.98155914247036 168.30867731571198 787.02946208417416
leaf_count=29383 163 157 1471 152 81 25477 4766 6366 29 6431 295 668 39 125 474 3066 6056 904 25 96 162 354 278 67 2412 760 433 632 419 2577
internal_value=0.0160483 0.0186705 0.0164344 0.0157728 0.0166264 0.0201535 0.0202349 0.0183606 0.0333313 0.0179209 0.01534 0.0247649 0.0139639 0.00246792 0.0154692 0.00890167 0.0194894 -0.000365374 -0.000858796 -0.00859347 0.0164628 0.0125534 0.0132664 0.0297032 0.0123338 0.00910604 0.0017422 0.00893171 0.0168711 0.0137248
internal_weight=26339.9 24964.7 9954.75 9244.52 8222.97 15010 14981.5 5767.36 164.529 5602.83 3039.17 387.208 2651.96 307.046 2344.92 1021.55 12699.2 289.147 134.503 35.8535 2210.41 2455.62 2363.85 126.919 2236.93 1307.07 503.821 312.074 929.851 803.254
internal_count=94318 64935 28473 27002 23784 36462 36299 15771 282 15489 9058 963 8095 1068 7027 3218 31533 1029 499 125 6528 8013 7659 345 7314 4483 1825 1065 2831 2658
is_linear=0
shrinkage=0.03


Tree=34
num_leaves=31
num_cat=0
split_feature=16 8 7 9 6 16 12 12 5 9 5 1 5 11 9 1 11 1 5 6 8 3 11 15 5 14 12 5 8 13
split_gain=3459.25 89.3809 90.9247 82.9892 63.5773 68.1186 54.3875 52.3638 48.1691 65.1972 101.103 62.5806 54.01 49.8529 79.4136 48.2124 47.6892 70.5471 92.7965 51.5285 51.2558 50.4757 44.3255 44.6308 55.4518 42.6389 41.9391 41.5498 41.211 40.6204
threshold=0.099609374708175838 0.94708936094204133 0.75000000000000011 0.1450595690508665 62.163655799116242 0.34127055110962273 -0.46812409540814076 3.14602506932416 -0.063005129673424379 0.077424868651224374 -0.014499759530730344 0.0027127088044808238 -0.017801661447875327 22.992894756244791 0.09031590355082901 -0.050391194271541422 0.37087146784934305 -0.010434803713790795 -0.014499759530730344 28.923076923077094 1.2396999871200636 0.0035999999999999648 39.443713586965529 0.10313973936479208 -0.00023323325897057413 0.014399308278886211 -0.86251965108689987 -0.038280833824339 1.3423723066064983 -0.22708491483917115
decision_type=2 2 2 2 2 2 2 2 2 2 2 2 2 2 2 2 2 2 2 2 2 2 2 2 2 2 2 2 2 2
left_child=-1 3 4 7 8 -6 -7 27 -3 16 11 13 -13 15 -15 -11 19 20 -19 -10 -18 -21 23 24 -20 -16 -17 -2 -26 -22
right_child=1 2 -4 -5 5 6 -8 -9 9 10 -12 12 -14 14 25 26 17 18 22 21 29 -23 -24 -25 28 -27 -28 -29 -30 -31
leaf_value=-0.031506182517613515 0.03800474598642152 0.035709703570999098 0.019145193224722409 -0.0076077434463993794 0.00059764292554119111 -0.018593408316935147 0.037267984594015244 0.031610800142303719 0.023982754555988504 0.046978432722013012 0.00069419277763419613 -0.0013043424412255223 0.031614120820704979 0.04255818989171016 -0.02937100056628044 -0.011858348647352142 0.017560260862652329 0.0031895413067473169 0.02655128271364671 -0.0024238952498598504 0.013327610815740191 0.01270068101453794 -0.033232686270504692 0.036506469055113872 0.01695644422230317 0.024283739842307358 0.021217087284890267 0.01961119244436468 -0.012297463200608783 -0.0056030528429789296
leaf_weight=1336.5502845719457 111.61663523316383 99.310155764222145 5772.8725486546755 97.825496643781662 525.23776065558195 19.192948833107948 85.853220909833908 347.51104497909546 291.25426487624645 62.757507339119911 679.68619552254677 279.1607763916254 53.445822611451149 27.965902343392372 56.741992324590683 36.293585211038589 806.19729791581631 200.20363652706146 1025.0099056214094 239.55356803536415 219.59342567622662 1161.3585733175278 11.752225279808043 265.04392209649086 292.39159420132637 17.423208951950073 699.12058742344379 11352.626650877297 50.881947904825211 190.5191483348608
leaf_count=29383 196 195 14101 364 1819 86 174 643 793 112 2553 1142 167 71 265 160 2094 686 2557 841 717 3488 49 584 778 52 2107 27181 215 745
internal_value=0.0155206 0.0180268 0.0163236 0.0199101 0.0141213 0.00500825 0.0270616 0.020138 0.0149702 0.0146613 0.00998394 0.0151052 0.00398525 0.0192134 -0.000521783 0.0217386 0.0165431 0.018777 0.0224742 0.0125014 0.0131679 0.0101144 0.0248212 0.0252389 0.0230563 -0.0167662 0.0195848 0.0197903 0.0126203 0.00453331
internal_weight=26415 25078.4 13168.8 11909.6 7395.95 630.284 105.046 11811.8 6765.67 6666.36 1912.6 1232.91 332.607 900.303 102.131 798.172 4753.76 3061.59 1845.28 1692.17 1216.31 1400.91 1645.08 1633.33 1368.28 74.1652 735.414 11464.2 343.274 410.113
internal_count=94318 64935 36551 28384 22450 2079 260 28020 20371 20176 6629 4076 1309 2767 388 2379 13547 8425 4869 5122 3556 4329 4183 4134 3550 317 2267 27377 993 1462
is_linear=0
shrinkage=0.03


Tree=35
num_leaves=31
num_cat=0
split_feature=6 10 9 8 12 8 15 9 9 12 11 8 8 8 4 3 12 0 6 9 12 6 9 13 8 6 0 7 15 0
split_gain=187.419 87.4578 65.9456 79.4435 64.5852 56.895 79.3163 53.799 52.381 70.2768 46.7539 45.5934 43.778 42.0387 40.9013 40.4823 38.2978 44.356 37.4894 41.1211 36.6096 36.2728 43.4452 35.7105 39.7687 43.8958 35.3128 43.3976 56.1109 32.7528
threshold=70.301072804120309 1.0000000180025095e-35 0.045356970254194079 0.60381963137791728 0.81416940720654585 1.540761654126501 0.0031750463840180842 0.040579178305217102 0.18558449077028022 -0.1535451362374817 -26.133683495344417 1.4614524257465309 1.0000000180025095e-35 0.57851512529700966 1.6282051266395094 0.055999999999999391 3.7086084809737097 -0.016032791840664581 33.530810202745634 0.037807533892747075 2.6519874638352827 85.12447712056894 0.10548371660637579 -0.16875788943954836 0.52998045767908752 37.357374468047773 -0.0018828265228225114 1.0000000180025095e-35 0.14774184378341401 0.010389016757720861
decision_type=2 2 2 2 2 2 2 2 2 2 2 2 2 2 2 2 2 2 2 2 2 2 2 2 2 2 2 2 2 2
left_child=1 2 10 -4 7 8 14 11 12 -10 -1 -3 -2 18 20 -11 17 -5 19 -12 -7 -14 -23 24 -20 -26 -15 28 29 -28
right_child=5 4 3 16 -6 6 -8 -9 9 15 13 -13 21 26 -16 -17 -18 -19 23 -21 -22 22 -24 -25 25 -27 27 -29 -30 -31
leaf_value=-0.0071127329569574196 -0.044600867218030416 0.010282664734735845 0.028845370933272 0.019872623616282434 0.016129975572652205 -0.031399922025256266 0.020150439657085285 -8.8244320687098422e-07 -0.031186932245025636 0.044004242470815566 0.03154089361404127 -0.021362107826777155 0.020473568533451347 0.020416464062803088 0.0063446517817667379 -0.021770926991034212 -0.014669521386087826 0.012171889079211283 -0.011237190067267339 -0.03248642718187033 0.041002914410587316 0.022106037556435976 0.038369396313492218 -0.016331384853164998 -0.049218504999151494 0.024266106103682007 0.011092976041271664 0.018663150890782434 0.026815648376599825 -0.034671410257991316
leaf_weight=72.03607065975666 9.0441140159964544 2513.5483238622546 281.19764325767756 732.33095901831985 1146.1916930824518 63.693323776125908 236.68581908196211 633.27763008326292 40.114756766706705 28.794302806258202 75.315763879567385 41.656139452010393 4284.981244277209 2626.6418024897575 88.608607862144709 11.902455799281595 45.930520739406347 8334.265825342387 60.132350847125053 10.257144335657356 6.9734563231468192 396.35783570259809 235.76354567706585 75.714194547384977 7.8744642771780482 103.15506953373551 1648.4502409733832 2414.8736421987414 220.2645150013268 14.195774637162684
leaf_count=331 45 13258 672 2290 4883 282 617 3825 203 51 196 309 10348 8033 294 47 201 31681 307 45 16 809 369 398 37 351 5865 7775 665 105
internal_value=0.0150987 0.0138198 0.0148041 0.0131401 0.0100223 0.0200832 0.00913595 0.00782678 0.0209489 -0.00300839 0.016937 0.00976678 0.0213419 0.0171757 -0.00723177 0.0247672 0.0126555 0.0127939 0.00675495 0.0238663 -0.0242552 0.0214632 0.0281718 0.000823758 0.00841241 0.0190544 0.017676 0.0160012 0.0125872 0.0107022
internal_weight=26460.2 21057.3 16722.6 9393.72 4334.67 5402.92 395.961 3188.48 5006.96 80.8115 7328.91 2555.2 4926.15 7256.87 159.275 40.6968 9112.53 9066.6 332.449 85.5729 70.6668 4917.1 632.121 246.876 171.162 111.03 6924.43 4297.78 1882.91 1662.65
internal_count=94308 81227 58952 34844 22275 13081 1209 17392 11872 301 24108 13567 11571 23777 592 98 34172 33971 1334 241 298 11526 1178 1093 695 388 22443 14410 6635 5970
is_linear=0
shrinkage=0.03


Tree=36
num_leaves=31
num_cat=0
split_feature=6 10 9 8 5 12 8 15 8 9 12 11 5 11 8 8 4 3 8 7 15 9 8 5 6 9 11 4 6 9
split_gain=176.242 81.4862 61.959 74.6086 62.0936 60.2643 53.1662 74.2254 51.1045 48.8409 66.5676 43.7027 42.0587 50.067 41.3535 39.1508 38.8254 37.7206 37.4277 60.646 46.4684 37.2504 36.8536 37.7745 58.6058 50.1626 36.5366 35.0462 35.6338 38.8708
threshold=70.301072804120309 1.0000000180025095e-35 0.045356970254194079 0.60381963137791728 -0.0073932152861536666 0.81416940720654585 1.540761654126501 0.0031750463840180842 0.84181546863187606 0.18558449077028022 -0.1535451362374817 -26.133683495344417 -0.051750064509624188 -14.145207313941276 1.0000000180025095e-35 0.57851512529700966 1.6282051266395094 0.055999999999999391 1.1708639587216001 -0.74999999999999989 0.11148527207832311 0.040579178305217102 1.4614524257465309 0.0054463743581132434 43.537726731389192 0.037807533892747075 -6.836558291848692 8.0483439850665111 33.317197652319429 0.036299230913337824
decision_type=2 2 2 2 2 2 2 2 2 2 2 2 2 2 2 2 2 2 2 2 2 2 2 2 2 2 2 2 2 2
left_child=1 2 11 4 -4 8 9 16 26 14 -11 -1 13 -5 -2 27 -8 -12 -14 20 -20 22 23 -10 -25 -26 -3 28 29 -13
right_child=6 5 3 12 -6 -7 7 -9 21 10 17 15 18 -15 -16 -17 -18 -19 19 -21 -22 -23 -24 24 25 -27 -28 -29 -30 -31
leaf_value=-0.006914533705165345 -0.044000040305045889 0.019488399247256601 0.037169046646114361 -0.0428045715680632 0.0065506202033723338 0.015577077917761868 -0.023726229327366663 0.019447444466663671 0.010870374303717014 -0.030673083458988431 0.042298026829158508 0.035221817292043295 0.013250831541205108 0.028047690484871081 0.020743930620273549 0.017073902139926333 0.0061420313475467848 -0.021256571462425343 -0.0062584431907706526 0.010669065296949326 0.034257499656932248 -0.0023858403003251863 -0.020917120707548288 0.019403756500158815 -0.011910032461770812 0.027410805842992349 0.0086356094539074193 -0.023083551970210565 0.0036735018345751785 -0.030256191868701005
leaf_weight=71.880296595394611 8.8948425501584989 422.80745780840516 196.5904620103538 9.3688889294862729 85.551747027784586 1151.1908448599279 70.090604215860367 237.86595662310719 1015.3509013094008 39.571441948413849 29.053032886236906 67.750813566148281 6018.3348349444568 214.09210228547454 4934.6998237967491 6953.0905644334853 88.783076971769333 11.825922023504971 307.2756818048656 2575.2469451203942 27.780345000326633 514.31247564777732 41.271934572607279 100.86000907793641 247.12643584609032 33.112003412097692 821.86446665227413 32.436104785650969 223.39866690337658 9.2770180068910104
leaf_count=331 45 1667 356 59 316 4883 298 617 5500 203 51 163 21176 552 11526 22443 294 47 1621 10667 97 3265 309 425 1821 158 4247 167 963 41
internal_value=0.0145893 0.0133519 0.0142996 0.0126903 0.0278849 0.0096915 0.0194152 0.00884259 0.00757199 0.0202501 -0.00293685 0.0163631 0.0122219 0.0250771 0.0206274 0.0165927 -0.00703501 0.0239122 0.0119001 0.00910699 -0.00289916 0.0045431 0.00702178 0.00784751 -0.00020623 -0.00726402 0.0123222 0.00654184 0.0097404 0.0273358
internal_weight=26560.8 21140 16792.1 9434.24 282.142 4347.9 5420.78 396.74 3196.71 5024.05 80.4504 7357.83 9152.1 223.461 4943.59 7285.95 158.874 40.879 8928.64 2910.3 335.056 1952.03 1437.72 1396.45 381.098 280.238 1244.67 332.863 300.426 77.0278
internal_count=94308 81227 58952 34844 672 22275 13081 1209 17392 11872 301 24108 34172 611 11571 23777 592 98 33561 12385 1718 11478 8213 7904 2404 1979 5914 1334 1167 204
is_linear=0
shrinkage=0.03


Tree=37
num_leaves=31
num_cat=0
split_feature=16 12 8 9 7 8 3 16 8 9 1 3 16 11 9 3 15 16 11 16 1 7 9 16 13 0 12 14 1 7
split_gain=3237.28 64.5445 59.8913 63.5174 54.3263 55.6606 46.9027 43.5321 42.8063 74.7915 41.8483 51.7634 41.3455 41.3405 42.2522 53.6586 42.4863 41.2033 45.5468 76.3618 47.0129 42.369 47.3615 42.6135 42.4701 40.8071 38.8571 37.5429 37.4795 36.4697
threshold=0.099609374708175838 -0.69570493542317036 1.540761654126501 0.19942808896615341 1.0000000180025095e-35 1.1864216606154836 0.025000000000001247 0.37117013023397821 0.71980012605072186 0.089302500053424591 0.013096812807319671 55.995000000000125 0.1005052292243241 -16.438356164383617 0.062543661330825534 0.20400000000000154 -0.33166935845681594 0.17955191864348843 23.776766444934964 0.24015279034109888 -0.050391194271541422 -0.74999999999999989 0.037807533892747075 0.39896157120408177 -0.42173719060502451 0.010665167956113055 -0.17174997728985666 0.10437996517593165 0.020361082997276906 1.0000000180025095e-35
decision_type=2 2 2 2 2 2 2 2 2 2 2 2 2 2 2 2 2 2 2 2 2 2 2 2 2 2 2 2 2 2
left_child=-1 8 3 4 5 25 26 10 9 -2 12 -12 -6 29 -15 28 -17 -7 21 20 -20 22 -19 -23 -24 -3 -5 -27 -16 -10
right_child=1 2 -4 6 7 17 -8 -9 13 -11 11 -13 -14 14 15 16 -18 18 19 -21 -22 23 24 -25 -26 27 -28 -29 -30 -31
leaf_value=-0.031495484360099885 0.016433824576545627 0.017540349463059116 0.010859711833524032 -0.023179429778420101 -0.022611305323391399 0.0043946141360024981 -0.034238345955331088 0.025365688708840321 0.0095478958318074691 0.044683291655913046 0.016173446091648655 -0.0089979446447813419 0.02005866811970591 0.013402031281948688 0.007990030859394693 0.067834514998908219 -0.008582162331162161 0.028613535434944156 0.078218956832610653 -0.020309077333750179 0.0097702381684712739 0.022253488505226571 0.023712508636706119 -0.0064428261065222628 -0.013777445401023308 0.0089169622279088711 0.036399858855713743 -0.029053296771896553 0.030331603832470841 0.027374292816523434
leaf_weight=1331.3759267292917 828.48233686387539 7020.1952096819878 1237.3849025070667 16.431230150163174 20.501466870307922 556.22969704866409 36.393995210528374 957.05300249159336 163.4774414151907 93.908797323703766 2561.1657792031765 75.70099812746048 6542.8808251470327 2452.3911650329828 931.55369281768799 6.7433049976825705 226.20784948021173 53.759998068213463 12.427764952182768 79.104604482650757 33.039826586842537 664.43191604316235 36.312011450529099 50.083944723010063 108.32172304391861 152.58085146546364 24.604518070816994 27.688921272754669 72.864444851875305 280.53069600462914
leaf_count=29473 1991 17314 3820 77 82 1895 175 1914 480 138 6273 236 15022 6638 3054 12 921 128 21 339 106 1949 114 197 471 449 50 114 210 645
internal_value=0.0141013 0.0164986 0.0172552 0.017671 0.0177818 0.0160556 -0.00944515 0.0192764 0.0134663 0.0193099 0.0186429 0.0154508 0.0199254 0.0121624 0.0111217 0.00660216 -0.00637011 0.0109825 0.0145145 -0.00250174 0.0284795 0.0168365 0.00457129 0.020242 -0.00436515 0.0171784 0.0125436 0.00308484 0.00961078 0.0208109
internal_weight=26653.8 25322.5 20266.3 19028.9 18951.5 8794.18 77.4297 10157.3 5056.16 922.391 9200.25 2636.87 6563.38 4133.77 3689.76 1237.37 232.951 1593.71 1037.48 124.572 45.4676 912.91 198.394 714.516 144.634 7200.46 41.0357 180.27 1004.42 444.008
internal_count=94308 64835 50746 46926 46624 23097 302 23527 14089 2129 21613 6509 15104 11960 10835 4197 933 5220 3325 466 127 2859 713 2146 585 17877 127 563 3264 1125
is_linear=0
shrinkage=0.03


Tree=38
num_leaves=31
num_cat=0
split_feature=16 12 6 9 15 16 6 0 1 16 12 6 3 6 11 3 11 12 4 14 6 13 0 9 3 11 9 1 12 11
split_gain=3073.05 61.5145 55.0286 53.7481 45.0128 36.3113 35.074 48.8931 34.9211 46.7277 39.5542 34.8631 36.7689 34.9122 36.9042 34.811 34.5762 40.1671 34.2763 33.428 41.8714 51.0566 37.4967 34.9406 56.975 35.1014 33.2028 33.693 32.9614 31.6668
threshold=0.099609374708175838 -0.18999467351629859 82.306110142344735 0.16133196956551465 -0.012601137295282677 0.28224126507777419 23.693504498190489 -0.0009629768355479128 0.0079642682279940109 0.41611121479074542 0.63177129501305307 31.265825479710333 0.01400000000000068 62.628491951395752 -5.1002988228131807 0.0047000000000000939 -7.6268456039768164 -0.71431621465560935 5.3293669492254567 -0.15679502203349188 34.015317352684455 0.96440031455944575 0.001302714083036949 0.054414240567485291 0.32349999999999929 -31.657689551277418 0.081148606988487373 -0.01591564457275851 -0.60282847059464972 -22.037249405368701
decision_type=2 2 2 2 2 2 2 2 2 2 2 2 2 2 2 2 2 2 2 2 2 2 2 2 2 2 2 2 2 2
left_child=-1 2 3 16 18 11 7 -6 -8 10 -10 12 -5 28 -15 -12 19 -18 -3 -2 21 22 -21 29 25 -25 -27 -28 -13 -22
right_child=1 4 -4 5 6 -7 8 -9 9 -11 15 13 -14 14 -16 -17 17 -19 -20 20 23 -23 -24 24 -26 26 27 -29 -30 -31
leaf_value=-0.031449122882384418 0.0055144085393529704 0.016724753249918477 0.024447875227564125 0.019256887294893634 0.01834111829414108 -0.014533571865842691 0.022822250499757019 -0.016031051644248215 0.011937870121564678 0.028478933629351187 0.029243693986549836 0.048868662174648282 -0.03050065643994599 -0.029911368555227216 0.015728211502872274 0.0174607761150977 0.010220440730369802 0.014793296422892462 0.01106141477442539 0.016511349453938912 0.010021611041760879 -0.030010898447050516 -0.001187272835081017 -0.034481370405400093 -0.00032585802574445729 0.013286112861420073 -0.017222078263954065 0.027505723084240163 0.0093663298965990776 0.022310146076942098
leaf_weight=1293.9037558585405 229.4567683339119 6862.3088478147984 471.48298996686935 21.492104515433311 100.95570306479931 89.898741155862808 2167.7461687475443 59.020120695233345 1040.7905385494232 329.39266568422318 271.07742246985435 40.067048236727715 35.351591363549232 23.445255815982819 49.846877425909042 1346.845174908638 2717.549023643136 4751.3661114275455 1118.5960123986006 418.10951286554337 210.69954365491867 27.364604309201241 145.13102519512177 11.467421337962149 195.676229596138 483.32383058965206 15.885895773768423 330.57290375232697 36.175227805972099 1810.2650754451752
leaf_count=29473 649 17061 953 67 249 383 4784 217 2643 618 515 89 160 112 156 3090 7837 12774 3005 1112 541 110 473 46 684 1353 60 843 118 4133
internal_value=0.0136503 0.0159466 0.0144003 0.0139934 0.0173555 0.00137928 0.0194943 0.00566014 0.0199235 0.0178206 0.0165001 0.00831095 -0.0116878 0.0159132 0.00112867 0.019435 0.0143228 0.0131295 0.015931 0.016621 0.0173195 0.0100067 0.0119509 0.0187319 0.014255 0.0176465 0.0183669 0.0254549 0.0301257 0.021029
internal_weight=26705.3 25411.4 12114.6 11643.1 13296.7 296.277 5315.83 159.976 5155.85 2988.11 2658.71 206.378 56.8437 149.534 73.2921 1617.92 11346.9 7468.92 7980.9 3877.95 3648.5 590.605 563.241 3057.89 1036.93 841.25 829.783 346.459 76.2423 2020.96
internal_count=94308 64835 32653 31700 32182 1085 12116 466 11650 6866 6248 702 227 475 268 3605 30615 20611 20066 10004 9355 1695 1585 7660 2986 2302 2256 903 207 4674
is_linear=0
shrinkage=0.03


Tree=39
num_leaves=31
num_cat=0
split_feature=6 10 9 8 5 12 8 15 9 9 12 11 8 5 11 8 0 7 15 11 4 5 3 12 14 5 0 5 12 3
split_gain=149.552 67.4858 56.0828 69.0865 57.7348 53.3342 47.5903 68.3807 46.4809 42.9704 60.7596 39.9535 39.8449 39.5691 46.2203 38.7985 36.7198 39.4604 44.2926 39.4307 36.5286 35.049 47.9701 41.6609 36.4531 34.8992 34.8351 34.7935 34.6864 33.9465
threshold=70.301072804120309 1.0000000180025095e-35 0.045356970254194079 0.60381963137791728 -0.0073932152861536666 0.81416940720654585 1.540761654126501 0.0031750463840180842 0.040579178305217102 0.18558449077028022 -0.1535451362374817 -26.133683495344417 1.4614524257465309 -0.051750064509624188 -14.145207313941276 1.0000000180025095e-35 -0.0018828265228225114 1.0000000180025095e-35 0.14774184378341401 -11.638219239029283 1.6282051266395094 0.019663011120225483 0.0090000000000074482 -1.0739402774721092 -0.13765732187592872 -0.017801661447875327 0.036731022780396645 -0.0090038693182796278 3.7086084809737097 0.055999999999999391
decision_type=2 2 2 2 2 2 2 2 2 2 2 2 2 2 2 2 2 2 2 2 2 2 2 2 2 2 2 2 2 2
left_child=1 2 11 4 -4 8 9 20 12 15 -11 -1 -3 14 -5 -2 -13 18 -18 -20 26 23 24 -17 -23 -7 -8 -21 -15 -12
right_child=6 5 3 13 -6 25 7 -9 -10 10 29 16 -14 28 -16 21 17 -19 19 27 -22 22 -24 -25 -26 -27 -28 -29 -30 -31
leaf_value=-0.0073598624645173222 -0.043933002375833662 0.0090243300681713805 0.034997709294090011 -0.04258567952892036 0.0055325603370733238 -0.0097243573048737108 -0.030951475050441019 0.017788585714447441 -0.0005250508874231868 -0.030258810703144574 0.039206291945341046 0.017845004928270722 -0.020872646513094027 0.010789592215198032 0.026183092191076372 -0.00014258693685098432 0.0086693301521668792 0.015919998280794934 -0.0095128404932497551 -0.013130927543100667 0.0051533360487378737 -0.03306266217253858 0.019311598823088232 0.018240449793885491 0.035785338758329406 0.015403846021365488 0.038513766349783998 0.030889379825348093 -0.015264458924064814 -0.021090441866794787
leaf_weight=71.909736327826977 8.8624338209629041 2526.8476440571249 196.53223464265466 9.1693252995610219 86.056491170078516 52.090157210826874 62.813514988869429 240.41321498155594 633.27904751896858 38.898852683603764 29.469185747206211 2759.0354603230953 40.767305474728346 8972.0104505941272 216.13624280691147 114.13200667500496 1765.5559467338026 2575.259245429188 30.277265310287476 17.665153760462999 89.556529622524977 7.0906926319003096 578.99391691759229 3982.7740301899612 289.90848720818758 1104.1003380641341 7.2467400431632987 189.62625382468104 46.225639026612043 11.755437225103377
leaf_count=331 45 13258 356 59 316 265 280 617 3825 203 51 8421 309 33360 552 361 6310 8334 117 97 294 28 1365 9272 500 4618 18 498 201 47
internal_value=0.0132149 0.0120789 0.0129355 0.011413 0.0260247 0.00874909 0.0176434 0.00768206 0.00675426 0.0184306 -0.00336459 0.0148931 0.00854964 0.0109663 0.0233844 0.0187812 0.0151111 0.0134637 0.0103057 0.022467 -0.00754029 0.0188929 0.0243396 0.0177283 0.0341416 0.0142717 -0.0237663 0.027138 0.010656 0.0220123
internal_weight=26754.5 21292.5 16935.5 9526.13 282.589 4357.08 5461.92 400.03 3200.89 5061.89 80.1235 7409.33 2567.61 9243.54 225.306 4981.76 7337.42 4578.38 2003.12 237.569 159.617 4972.9 875.993 4096.91 296.999 1156.19 70.0603 207.291 9018.24 41.2246
internal_count=94308 81227 58952 34844 672 22275 13081 1209 17392 11872 301 24108 13567 34172 611 11571 23777 15356 7022 712 592 11526 1893 9633 528 4883 298 595 33561 98
is_linear=0
shrinkage=0.03


Tree=40
num_leaves=31
num_cat=0
split_feature=6 8 1 9 10 9 8 11 5 8 4 8 12 8 11 8 1 8 12 8 5 5 0 11 8 9 1 11 11 5
split_gain=139.196 71.295 59.2295 55.6659 55.3131 48.2073 47.8751 58.2763 45.9674 67.2142 52.1203 51.5845 50.7612 45.8446 44.7064 46.8389 49.8049 42.9581 42.3107 46.2551 41.8208 41.4416 40.8575 45.4805 38.6704 46.6292 43.7904 49.9576 40.0718 66.7833
threshold=70.301072804120309 1.0959722503162082 -0.013245928420056783 0.027116837677202504 1.0000000180025095e-35 0.020916798229557443 1.4398016950360366 9.6721148877564129 -0.0017378786505419322 0.45446411322830399 0.27027026479182287 0.51283230772526311 -1.3202617907442702 2.0686321759855786 8.2693780186124197 0.84459725953559672 -0.010434803713790795 1.0000000180025095e-35 -0.74026018420331341 1.3705979801688806 -0.030843917332845448 -0.021042419637673716 -0.0032192229198257922 -10.457182705859362 0.91019182131506204 0.020286915444824596 -0.0015216163594036767 3.6519305100083503 7.5749338705372269 -0.019561502911166654
decision_type=2 2 2 2 2 2 2 2 2 2 2 2 2 2 2 2 2 2 2 2 2 2 2 2 2 2 2 2 2 2
left_child=1 2 -1 6 8 -6 -3 -8 9 -4 -11 -10 -12 18 15 16 -7 -2 19 22 -19 -18 23 -5 25 26 -14 -28 -26 -30
right_child=17 3 4 13 5 14 7 -9 11 10 12 -13 24 -15 -16 -17 21 20 -20 -21 -22 -23 -24 -25 28 -27 27 -29 29 -31
leaf_value=0.017108381887571297 -0.042903444575526632 0.020181334798498235 0.033057687761398107 0.041286624634324851 0.012991257578984543 -0.024895735645421031 -0.030359971687318413 0.017679664729755733 -0.0091737910131046638 -0.00077707479739049228 -0.016759851054253219 0.015325089803898488 0.012159430262056424 0.021817318303565991 0.014596775515703908 -0.0024856830811697326 -0.020902012552846488 -0.022108552742325267 0.0086546557055819824 0.014059262925953095 0.017240526283112709 0.012601804287519303 -0.0066148628159194579 0.0028824029489199522 0.004723589514618199 0.014736721376337312 -0.03881697758500155 0.018549752543180986 -0.027966676562227611 0.020683576503092358
leaf_weight=2338.7275819964707 10.772701792418955 595.57740600034595 118.81734966859221 33.778558738529682 1170.0007844641805 37.66306222602725 39.896535467356443 52.808420773595572 78.557495083659887 358.13571424409747 57.743637472391129 5039.0517701245844 78.224855203181505 209.89510432258248 355.96823348850012 738.10290208831429 35.275538489222527 24.418790183961391 4826.6920544803143 205.58838280290365 5404.0480127595365 572.15482928976417 503.27145401015878 155.57904612272978 1066.7943576835096 2427.0916580744088 44.62981766089797 19.689849246293306 27.69610446318984 305.58555348962545
leaf_count=6933 56 2430 246 105 5789 195 251 212 390 1443 291 16189 239 629 1767 4200 221 110 19899 952 12837 2429 2572 747 4227 7926 248 69 163 938
internal_value=0.0126575 0.0115725 0.0127257 0.00898358 0.0119077 0.00828289 0.0170597 -0.00299469 0.0130037 0.0107935 0.0101903 0.014949 0.0111655 0.00804695 0.00511539 0.00267534 0.00858047 0.0169448 0.00754208 0.00156353 0.0170635 0.0106561 -0.00214549 0.00973314 0.0115718 0.0137574 -0.00291827 -0.0212556 0.0075604 0.0166407
internal_weight=26932.2 21493 14869.9 6623.09 12531.2 2909.17 688.282 92.705 9622.02 4504.41 4385.59 5117.61 4027.46 5934.8 1739.16 1383.2 645.093 5439.24 5724.91 898.217 5428.47 607.43 692.629 189.358 3969.71 2569.64 142.545 64.3197 1400.08 333.282
internal_count=94703 81700 53903 27797 46970 14601 2893 463 32369 15790 15544 16579 14101 24904 8812 7045 2845 13003 24275 4376 12947 2650 3424 852 13810 8482 556 317 5328 1101
is_linear=0
shrinkage=0.03


Tree=41
num_leaves=31
num_cat=0
split_feature=16 9 8 5 1 5 3 3 9 11 5 16 9 12 5 8 12 3 9 3 3 8 9 12 16 4 15 4 4 7
split_gain=2860.04 66.5862 76.8731 77.4344 54.1167 56.8068 55.7305 54.7555 54.3145 49.8001 45.7965 53.7122 47.9775 45.2216 57.7592 44.2338 43.5454 43.8534 52.5361 42.9537 40.492 39.6322 41.673 42.3377 39.6027 37.0454 47.4939 35.2467 34.9722 36.0386
threshold=0.099609374708175838 0.047722705223379062 0.74528864523312632 0.019663011120225483 -0.021488101962169989 -0.0099851208667598394 0.03099999999999992 0.20400000000000154 0.15517203536867427 20.412343049856844 0.005867233870946416 0.44056048413853582 0.094625507508677251 1.8253998254429422 -0.019561502911166654 0.90741249453417427 -0.72061381269967184 0.75049999999998829 0.076063440208331445 0.0035999999999999648 325.54999999999569 1.0000000180025095e-35 0.0071703983303059594 -0.68300603228287204 0.50979288096840747 0.25663716764949712 -0.030607878086921919 0.12059835227863029 0.82857142403398931 0.75000000000000011
decision_type=2 2 2 2 2 2 2 2 2 2 2 2 2 2 2 2 2 2 2 2 2 2 2 2 2 2 2 2 2 2
left_child=-1 21 9 4 5 13 -7 10 16 -3 24 12 -12 27 -15 -14 17 18 -9 -5 -19 -2 -23 -24 -6 -8 -27 -4 -21 -30
right_child=1 2 3 19 7 6 25 8 -10 -11 11 -13 15 14 -16 -17 -18 20 -20 28 -22 22 23 -25 -26 26 -28 -29 29 -31
leaf_value=-0.031435105090734793 -0.024035610090969099 0.020290953093413701 0.052659777314539899 0.026300173414048129 0.0099952038393604486 -0.0054818389160638708 0.029378465576177921 0.022562650366946959 -0.019629557261989217 -0.028361326721112499 0.016360603402976799 0.034414857789666305 -0.030803379224581054 -0.0070769244355778005 0.024239110667687896 0.0071195643470600735 0.0088804011467539558 -0.013249248917325861 -0.017452162762245167 0.02030294334978406 0.037973927454392861 0.036757505911095785 0.012464384262819182 0.01675083166821241 -0.037281567585225515 0.0035105515244894096 0.040880568024183821 0.024124192468374626 -0.0095295317425073238 0.013026319963735817
leaf_weight=1284.9694677330554 22.271862626075745 1351.7801887691021 42.088413968682289 403.38656805455685 3937.4202380478382 163.66031420230865 118.41663314402103 101.51147122681141 70.827036783099174 19.204034641385078 1478.1299887001514 125.71699523925781 30.793187886476517 96.894395351409912 117.02659058570862 273.95586673915386 1922.7768458127975 224.12687255442142 41.643930718302727 682.36653681099415 14.806848049163817 86.610556095838547 2604.4375952482224 10179.391859740019 16.011568382382393 210.09853242337704 35.827372223138809 523.6443263143301 69.627774551510811 755.42373114824295
leaf_count=29543 135 2923 63 824 11819 555 274 277 293 70 3612 202 114 321 279 745 5639 881 177 1606 39 153 6599 23240 71 667 75 1322 267 1918
internal_value=0.0122441 0.0144263 0.012896 0.0120926 0.0109891 0.0166586 0.00906045 0.0100891 0.00624705 0.0196095 0.0116461 0.0154624 0.014126 0.0218043 0.0100547 0.00328766 0.00704222 -0.00220799 0.0109223 0.0176052 -0.0100749 0.0159489 0.0160181 0.0158776 0.00980373 0.0155928 0.00895475 0.0262471 0.0152784 0.0111228
internal_weight=27004.8 25719.9 12827.2 11456.2 9545.38 1307.66 528.003 8237.72 2375.69 1370.98 5862.03 1908.6 1782.88 779.654 213.921 304.749 2304.87 382.089 143.155 1910.8 238.934 12892.7 12870.4 12783.8 3953.43 364.343 245.926 565.733 1507.42 825.052
internal_count=94703 65160 35033 32040 27425 3556 1571 23869 7306 2993 16563 4673 4471 1985 600 859 7013 1374 454 4615 920 30127 29992 29839 11890 1016 742 1385 3791 2185
is_linear=0
shrinkage=0.03


Tree=42
num_leaves=31
num_cat=0
split_feature=16 9 8 5 16 6 1 3 5 4 15 9 5 11 3 3 6 7 5 16 9 6 6 8 13 8 4 9 16 4
split_gain=2721.99 62.9866 72.4348 72.0177 54.6549 52.4683 50.8164 52.1501 51.2896 53.2746 52.2664 50.9022 49.0067 47.0101 46.7981 43.2551 43.2529 46.9919 43.091 50.0099 45.3832 43.992 41.9664 41.2192 39.3416 60.3177 38.8967 38.8089 38.9912 38.692
threshold=0.1005052292243241 0.047722705223379062 0.74528864523312632 0.019663011120225483 0.099609374708175838 49.345747949947231 -0.021488101962169989 0.20400000000000154 -0.0099851208667598394 0.25663716764949712 -0.11467113408740136 0.15517203536867427 0.0038906865778160706 20.412343049856844 0.014800000000000592 0.21200000000001043 31.54211616991228 -0.74999999999999989 0.005867233870946416 0.44056048413853582 0.094625507508677251 65.554052492856528 63.07730126314199 0.90741249453417427 -0.047330144413921069 1.4398016950360366 0.1007823091944134 0.057729758098732452 0.18335599334884431 9.0465130204319681
decision_type=2 2 2 2 2 2 2 2 2 2 2 2 2 2 2 2 2 2 2 2 2 2 2 2 2 2 2 2 2 2
left_child=4 -2 13 6 -1 -5 8 18 26 -10 12 16 15 -3 -7 -11 24 -18 -8 20 21 22 27 -22 25 -9 -4 -20 -29 -30
right_child=1 2 3 5 -6 14 7 11 9 10 -12 -13 -14 -15 -16 -17 17 -19 19 -21 23 -23 -24 -25 -26 -27 -28 28 29 -31
leaf_value=-0.031390701153310954 0.015525982013087369 0.019734958053523658 0.048701268675961758 0.0021248647599506811 -0.0083282597592188503 0.024996781643861852 0.0095687333208310885 0.014518528838567999 0.025083282712509987 -0.0076303761254109953 0.018545018557087192 -0.019097564693362271 -0.025380582512235638 -0.02765788455649746 0.01483122026197636 0.02239444247194675 -0.015313111459041058 0.0056540731071355052 0.0024584557101003991 0.033330845356227032 -0.029940815014301434 0.020195667215015763 -0.011191039367270629 0.0068963868696277309 0.028140053544602941 -0.013924993949709093 0.01944795072789508 0.028532136387224731 0.012044063490286477 -0.045803003534499023
leaf_weight=1248.7302061319351 12862.06404658407 1350.955311268568 43.300457701086998 189.92851547896862 99.880068406462669 662.14414033293724 3953.0145123898983 394.24922916293144 136.68210242688656 114.7985218167305 133.58068613708019 70.112695887684822 73.034053459763527 19.103224337100983 1060.1187239736319 69.223224818706512 102.39303547143936 1591.1503934413195 203.28631092607975 125.90834438800812 30.363994106650352 881.88045939803123 75.926857888698578 274.33101825416088 132.94112281501293 80.862189069390297 740.28032124042511 178.19812344014645 126.87502254545689 11.336213812232016
leaf_count=29543 29905 2908 67 636 365 1336 11840 1116 326 392 369 292 295 70 2627 180 400 4800 610 202 113 1910 246 745 347 321 1916 418 357 51
internal_value=0.0118615 0.0140425 0.0125549 0.0117753 -0.0296827 0.0170892 0.0107106 0.00983704 0.0161965 0.0089629 0.00332245 0.00608356 -0.00458806 0.0190741 0.0187395 0.00366402 0.00685064 0.00438638 0.0113559 0.0150583 0.0137674 0.0159414 0.00964252 0.00322542 0.0137141 0.00967755 0.0210645 0.0126863 0.0192574 0.00729939
internal_weight=27036.7 25688 12826 11455.9 1348.61 1912.19 9543.73 8232.83 1310.9 527.319 390.636 2371.71 257.056 1370.06 1722.26 184.022 2301.6 1693.54 5861.12 1908.11 1782.2 1477.5 595.623 304.695 608.053 475.111 783.581 519.696 316.409 138.211
internal_count=94703 64795 34890 31912 29908 4599 27313 23768 3545 1562 1236 7276 867 2978 3963 572 6984 5200 16492 4652 4450 3592 1682 858 1784 1437 1983 1436 826 408
is_linear=0
shrinkage=0.03


Tree=43
num_leaves=31
num_cat=0
split_feature=6 8 9 8 3 8 12 5 10 5 8 8 5 8 6 7 0 4 8 12 6 3 1 9 11 5 12 5 1 13
split_gain=121.143 63.9696 59.7002 61.7379 66.2969 55.5563 49.4505 47.1271 46.7044 55.9582 67.5969 63.6618 54.1896 51.2522 46.7317 45.3119 40.5541 40.5523 39.5251 39.1463 39.1214 38.4478 52.895 47.9319 44.2625 42.1084 41.0949 40.9044 64.4239 55.1686
threshold=70.301072804120309 1.130477991924516 0.033340708735570768 1.4398016950360366 0.012799999999999952 1.7950459958334704 -0.18070019753406449 -0.0062681074649692534 1.0000000180025095e-35 -0.0017378786505419322 0.45446411322830399 0.51283230772526311 0.0012814676686774471 0.83642111031637845 27.947112692241571 -0.74999999999999989 0.010665167956113055 9.9090454177636218 1.0000000180025095e-35 -1.3202617907442702 44.697981049410132 0.0050000000000005604 -0.0041831634220820249 0.052743838403906555 21.011259811925857 0.01598278983014138 2.6519874638352827 -0.0072321937886398882 -0.013552723966944789 -0.15670321269789031
decision_type=2 2 2 2 2 2 2 2 2 2 2 2 2 2 2 2 2 2 2 2 2 2 2 2 2 2 2 2 2 2
left_child=1 6 3 -3 -5 15 8 -6 9 10 -1 -11 14 20 -13 -4 17 -9 -2 -12 -10 23 26 25 -24 -17 27 -23 -29 -30
right_child=18 2 5 4 7 -7 -8 16 13 11 19 12 -14 -15 -16 21 -18 -19 -20 -21 -22 22 24 -25 -26 -27 -28 28 29 -31
leaf_value=0.035616832607416507 -0.042476057247370025 0.017521549318384108 -0.0020365152009166687 0.040052843724242941 0.031883861991355004 0.017227523424243812 0.013201895648908873 -0.031311468771239664 -0.00076952351131115708 -0.023810495486563759 -0.015565437743691788 -0.00066701142102733465 0.011988674353900799 9.1391502255807765e-05 0.023462372711211082 0.025351163866580682 0.040121599797557125 0.027403286754223072 0.015594718684879015 0.0078879270222268066 0.014433678138803287 0.015222497955536096 -4.5991943812237688e-05 0.0071496627709062436 0.017447633563731683 -0.019574260379040823 -0.010590877626820761 -0.0094276591307332347 0.02026378152742038 -0.01057929193442712
leaf_weight=78.275971438735723 10.569179266691206 867.9433568008244 624.73109595477581 26.939464155584574 19.170120287686586 392.52916498854756 7677.8004163131118 91.04844019562006 202.46764151006937 40.227002359926701 65.47172574698925 80.424306500703096 2490.6697449460626 831.60251684859395 709.61542768031359 269.56138831377029 9.5554510839283449 11.979712340980766 5455.164592128247 2950.7803473472595 615.15244487673044 763.5441386140883 1498.6297209896147 551.06159727647901 142.55479751899838 20.182936418801546 85.545321494340897 191.82899601384997 221.27196402102709 68.305915471166372
leaf_count=152 56 3546 3138 95 69 1380 25517 560 1024 223 331 253 8613 5019 2143 926 19 40 12947 10986 2840 2631 6899 2226 509 106 345 951 816 343
internal_value=0.0114925 0.0104829 0.00780607 0.0143758 -0.00282922 0.00640957 0.0114787 -0.0115972 0.00983809 0.0109956 0.00809312 0.0137002 0.0141602 0.00533531 0.0210061 0.00545258 -0.019001 -0.0244843 0.0154824 0.00737884 0.0106689 0.00667978 0.00507728 0.0123436 0.00147352 0.0222218 0.00952256 0.0109046 0.00405619 0.0129885
internal_weight=27064.6 21598.9 5856.38 1026.64 158.693 4829.75 15742.5 131.754 8064.69 6415.46 3094.53 3320.94 3280.71 1649.22 790.04 4437.22 112.584 103.028 5465.73 3016.25 817.62 3812.49 2971.68 840.806 1641.18 289.744 1330.5 1244.95 481.407 289.578
internal_count=94703 81700 24599 4329 783 20270 57101 688 31584 22701 11469 11232 11009 8883 2396 18890 619 600 13003 11317 3864 15752 12494 3258 7408 1032 5086 4741 2110 1159
is_linear=0
shrinkage=0.03


Tree=44
num_leaves=31
num_cat=0
split_feature=16 8 3 12 7 8 12 13 6 8 1 12 15 11 1 11 1 6 3 14 13 11 8 1 12 8 13 11 11 8
split_gain=2570.65 57.6177 52.085 47.6141 47.0053 39.9079 39.0672 42.7689 49.0258 78.4098 38.2267 38.062 38.2103 37.0869 41.6079 46.4644 36.3339 36.2124 32.8619 32.3084 39.0998 37.8885 32.2931 32.2246 31.7165 30.8489 46.9997 29.2304 38.9725 28.9519
threshold=0.099609374708175838 1.0793057109962507 0.0016000000000004901 -0.52313868789242346 0.75000000000000011 1.6842332406203195 1.5463843585294847 -0.51126780079110545 44.697981049410132 1.0000000180025095e-35 0.00032466314981516314 -1.3202617907442702 0.10313973936479208 -14.145207313941276 -0.013245928420056783 14.778032220687233 0.01530059262863648 18.752067096143367 0.036999999999999485 0.0034876763514028078 -0.33979794437851435 44.980734828677662 1.57338666513545 0.0025155646064159991 2.3364687879182173 0.68727627063138796 -0.22708491483917115 29.486036607907597 3.7620033178095373 0.4888415077034558
decision_type=2 2 2 2 2 2 2 2 2 2 2 2 2 2 2 2 2 2 2 2 2 2 2 2 2 2 2 2 2 2
left_child=-1 6 4 5 27 -4 7 10 11 -10 18 -9 13 -13 15 25 -7 24 -2 20 22 -22 -5 -24 -8 26 -15 28 -3 -16
right_child=1 2 3 19 -6 16 17 8 9 -11 -12 12 -14 14 29 -17 -18 -19 -20 -21 21 -23 23 -25 -26 -27 -28 -29 -30 -31
leaf_value=-0.031360954621488961 0.00720578284539452 0.004081709843075221 0.0052644386976127954 0.017040440671610174 0.024044165712178902 0.029389340763700179 0.016501120153822005 -0.011057759849707222 -0.036692473217527673 0.01574071531086671 0.003302424840276025 0.018674489733387672 0.019167057647990003 -0.038719062904504185 0.024938298461095344 -0.0023817648269633183 -0.022387069343889936 0.018709459843656153 0.020325906339081035 0.014322559223208815 0.0085741998366954432 -0.013265184937552873 0.0090481851556572165 -0.026811957737373583 -0.016908986505487656 0.019527729731048878 0.014388874961651249 -0.042633811028465814 0.021465290019177134 0.0078575294905595706
leaf_weight=1224.0052710548043 362.10739994049072 255.74938480556011 1846.4862502738833 864.78084143996239 509.5864619910717 103.66197009384632 53.223223641514778 64.556860238313675 25.750227674841881 8087.769819304347 653.32336342334747 522.71882367134094 610.05574810504913 20.988927230238914 92.17956131696701 115.837730884552 13.824860900640486 2125.0469934046268 326.94384127855301 2513.2196677774191 2529.9468859732151 73.573051005601883 99.863900348544121 29.132261410355568 49.222737848758698 806.03254520893097 52.538408309221268 8.9923596084117872 212.52379624545574 2870.0214438438416
leaf_count=29543 949 857 5802 2215 1033 266 118 220 135 18616 1787 1244 1437 78 180 329 59 4469 746 6423 7143 287 301 114 154 1842 118 45 571 7622
internal_value=0.0111229 0.0131307 0.0112018 0.0104067 0.0177078 0.00634315 0.0141687 0.0136045 0.0141208 0.0155743 0.00850154 0.011833 0.0121233 0.0111642 0.0101722 0.0154786 0.0232967 0.0178696 0.0134311 0.0117127 0.00988938 0.00795704 0.0149518 0.000949595 0.000448394 0.0178308 -0.000771183 0.0109423 0.0119712 0.00838906
internal_weight=27123.7 25899.7 9061.34 8074.49 986.852 1963.97 16838.3 14610.8 13268.5 8113.52 1342.37 5154.93 5090.37 4480.32 3957.6 995.398 117.487 2227.49 689.051 6110.52 3597.3 2603.52 993.777 128.996 102.446 879.56 73.5273 477.266 468.273 2962.2
internal_count=94703 65160 25116 22610 2506 6127 40044 35303 31821 18751 3482 13070 12850 11413 10169 2367 325 4741 1695 16483 10060 7430 2630 415 272 2038 196 1473 1428 7802
is_linear=0
shrinkage=0.03


Tree=45
num_leaves=31
num_cat=0
split_feature=16 9 5 1 15 14 5 9 6 6 12 3 14 3 11 12 15 6 11 6 9 5 5 11 15 12 12 11 15 1
split_gain=2455.93 69.8626 72.3002 43.5637 49.804 53.5562 38.9676 50.952 45.7374 60.2654 34.7871 35.4826 34.5779 33.4016 33.1448 54.9719 47.9718 32.8132 36.2119 46.3539 48.2977 55.5852 74.1405 62.2894 46.8319 41.5524 38.4048 41.2882 38.3581 38.1685
threshold=0.099609374708175838 0.047722705223379062 0.020187218564022748 -0.014498039782513903 -0.24169177143273943 -0.065668381008350499 -0.051750064509624188 0.16133196956551465 57.340344277281538 85.12447712056894 -1.3734552238411337 0.028000000000001361 0.024147867275994276 4.3700000000000623 2.581440971290661 0.69603469836654785 -0.19782913781170108 78.322425625351812 -9.2346357508999386 29.523809523809543 0.077424868651224374 -0.021549667297254643 0.0078618726352952025 16.372923582108438 0.066849936021018033 0.24942613593231608 -0.95943657306896424 -6.6828675577156931 -0.30436012563685572 -0.019665590238837401
decision_type=2 2 2 2 2 2 2 2 2 2 2 2 2 2 2 2 2 2 2 2 2 2 2 2 2 2 2 2 2 2
left_child=-1 -2 6 4 5 -4 -3 10 13 -10 11 -8 -13 14 -9 16 -16 18 25 20 26 23 24 29 28 -12 27 -20 -23 -22
right_child=1 2 3 -5 -6 -7 7 8 9 -11 17 12 -14 -15 15 -17 -18 -19 19 -21 21 22 -24 -25 -26 -27 -28 -29 -30 -31
leaf_value=-0.031318662894875879 0.014420895694313996 0.021704922841713558 0.039634250505378235 0.018241775464660014 -0.0067195508640276961 -0.046004535414625833 -0.029355711225957756 -0.008478581613083758 -0.037751557227541165 0.028204372590504373 0.012314050163611305 -0.017140065734201147 0.036582906769015829 -0.042968573125745937 -0.030167738362803485 -0.024737160059249575 0.035233318322525249 0.0152817571142536 -0.046906430226132868 0.0075606122410966014 0.036464100566036085 -0.020354651010178793 0.042622901010930921 -0.0083203755272518998 -0.026547302848645069 0.0275139571022547 0.015906318173473568 0.04950767774147851 0.0054996592066418951 0.015256779052080382
leaf_weight=1183.9265457354486 12979.850944712758 266.38246543705463 46.129578873515129 1699.9933450818062 134.54406897723675 7.6641411632299414 39.80245016515255 70.528945818543434 56.323382429778576 16.012921556830406 1493.773935854435 21.405663147568703 21.72690811753273 12.431701570749281 11.46594515442848 22.460942476987839 84.352576941251755 1182.745651870966 4.3454134911298743 5298.8457310795784 114.16856119036674 57.070529356598854 40.248634666204453 72.464410930871964 52.337188497185707 181.53802102804184 1047.4037772417068 49.926962956786156 543.32557438313961 230.75707693397999
leaf_count=29413 29981 579 94 3866 462 35 173 283 275 30 4097 84 50 62 51 95 213 2544 19 15286 230 219 84 262 214 379 2706 92 1648 698
internal_value=0.0109332 0.0128676 0.0113023 0.0167251 0.00303524 0.0274331 0.0103707 0.0100892 -0.00269146 -0.023151 0.0104237 -0.00892856 0.00992148 0.0046628 0.00779899 0.0175051 0.0274072 0.0105785 0.00997292 0.00908335 0.012731 0.00831549 0.00310622 0.0169643 0.000669559 0.0139611 0.0171813 0.0417881 0.00304208 0.0222763
internal_weight=27044 25860 12880.2 1888.33 188.338 53.7937 10991.8 10725.5 273.576 72.3363 10451.9 82.935 43.1326 201.24 188.808 118.279 95.8185 10369 9186.21 7510.89 2212.05 1110.37 692.982 417.39 652.733 1675.31 1101.68 54.2724 600.396 344.926
internal_count=94224 64811 34830 4457 591 129 30373 29794 1009 305 28785 307 134 704 642 359 264 28478 25934 21458 6172 3355 2165 1190 2081 4476 2817 111 1867 928
is_linear=0
shrinkage=0.03


Tree=46
num_leaves=31
num_cat=0
split_feature=16 8 5 9 9 16 1 5 5 6 3 3 12 9 9 6 0 5 9 6 6 5 9 6 14 6 3 9 12 1
split_gain=2340.82 71.802 71.5249 67.6691 50.8039 41.3235 42.1413 45.6825 41.1812 87.2267 47.3824 44.6196 49.3329 44.3846 41.0923 46.2432 40.3815 33.8118 40.7534 41.0432 39.2103 43.3121 50.0336 41.0233 36.8238 35.9385 38.0344 34.3615 34.7962 33.5246
threshold=0.099609374708175838 0.88641766294867919 0.019663011120225483 0.04804158825217026 0.15517203536867427 0.27298880272834875 -0.044918600897569154 -0.0084510126545607762 -0.018226548538744402 56.941091645534378 216.0499999999993 2.5100000000000056 -0.9214068423180467 0.11879553938119898 0.22312426493641338 90.569935385323291 0.0037554603977321137 -0.022110337506983175 0.15517203536867427 85.12447712056894 65.119267705474883 -0.0075599212508545401 0.099533449105309271 29.236726854464909 -0.11486708045664605 29.812333369063243 0.0049999999999994502 0.15015777647295353 0.47502216598594832 -0.010009026627865734
decision_type=2 2 2 2 2 2 2 2 2 2 2 2 2 2 2 2 2 2 2 2 2 2 2 2 2 2 2 2 2 2
left_child=-1 4 3 -3 -2 6 7 -5 9 10 13 -10 -13 16 -4 -16 -8 24 20 -20 21 22 -19 27 -7 -23 -27 28 -24 -26
right_child=1 2 14 5 -6 17 8 -9 11 -11 -12 12 -14 -15 15 -17 -18 18 19 -21 -22 25 23 -25 29 26 -28 -29 -30 -31
leaf_value=-0.031278010669367189 0.014613732056433201 0.012737446630871382 0.017360140107522227 0.035519693234146228 -0.015554500665740049 -0.0030751552580656621 0.0023890144667086787 -0.0082952645142023041 0.0091721081192942568 -0.02982786136284692 0.038572963640240383 -0.042703291444432856 0.0014318968039981311 0.011190785619777408 -0.018665851909694428 0.0386879090617075 -0.014688760048155159 0.01697626767365535 -0.026147049194916106 0.033988352285697986 0.014647664348709703 0.0074618713126910824 -0.028439679149656012 0.028162311324567972 0.029550352826192748 -0.034952941763613722 -0.002914806929694373 0.049536877203952077 0.0052319495383448458 0.010165808920227717
leaf_weight=1150.4069680832326 9870.5968805626035 6367.0641190111637 1922.866870239377 87.389941290020943 50.495837941765785 56.665740162134171 450.33177472651005 28.368704304099083 3263.9281726926565 75.431385345757008 33.749263539910316 24.101341724395752 420.01278907060623 336.15374121069908 55.901387110352516 16.353503987193108 172.28700892627239 463.39388863742352 49.714832961559296 12.856141194701193 1146.6533221304417 273.81149864196777 68.042494028806686 30.791202679276466 235.96407446265221 40.74927169084549 183.63849097490311 8.0003700852394086 46.496405526995659 121.71453051269054
leaf_count=29413 22440 15219 4412 179 196 185 1482 104 9463 367 76 118 1359 1029 239 27 689 1275 215 20 2641 812 294 83 535 172 612 17 145 406
internal_value=0.0105963 0.0124552 0.0112114 0.010454 0.0144602 0.00854855 0.00689669 0.0247821 0.00646319 0.00127238 0.00363599 0.00795819 -0.000963247 0.00240619 0.0165255 -0.00568493 -0.00233664 0.0114993 0.0100918 -0.0137913 0.0107525 0.00674655 0.012061 -0.0027938 0.0193942 0.000167741 -0.008733 -0.0105723 -0.0147709 0.022954
internal_weight=27063.9 25913.5 15992.4 13997.3 9921.09 7630.25 4891.75 115.759 4776 1067.95 992.522 3708.04 444.114 958.773 1995.12 72.2549 622.619 2738.49 2324.15 62.571 2261.58 1114.92 616.724 153.33 414.344 498.199 224.388 122.539 114.539 357.679
internal_count=94224 64811 42175 37497 22636 22278 14866 283 14583 3643 3276 10940 1477 3200 4678 266 2171 7412 6286 235 6051 3410 1814 539 1126 1596 784 456 439 941
is_linear=0
shrinkage=0.03


Tree=47
num_leaves=31
num_cat=0
split_feature=16 8 5 9 16 9 4 16 11 13 11 1 12 9 6 12 5 1 6 6 6 6 4 1 13 12 11 6 8 9
split_gain=2232.71 68.4296 67.6004 63.2171 49.8114 47.5319 39.317 40.3342 48.2334 53.478 47.9678 40.3606 39.2191 38.7886 43.5298 37.3327 47.2008 37.1591 36.5945 59.0115 62.2197 35.6531 41.8337 36.5819 35.369 40.6897 34.6929 38.13 39.2796 32.3084
threshold=0.1005052292243241 0.88641766294867919 0.019663011120225483 0.049249270845870073 0.099609374708175838 0.15517203536867427 7.7894695844896598 0.28953981217790725 17.948717948717889 -0.16081297656557456 -3.3047216306782476 -0.0019337251164262546 -0.57259725820748908 0.22312426493641338 90.569935385323291 -0.21639648026926309 -0.015671824253715532 0.013951744755946295 35.183974326831525 49.533291802983506 72.745490981964011 39.047952280982315 0.55885669837791485 0.032471262647323813 -0.49162554475609338 0.30825630436550133 -9.6107726433736307 36.692264531125815 1.0338066347236776 0.093451856523897883
decision_type=2 2 2 2 2 2 2 2 2 2 2 2 2 2 2 2 2 2 2 2 2 2 2 2 2 2 2 2 2 2
left_child=4 5 3 -3 -1 -2 7 11 9 12 -11 -5 18 -4 -15 21 29 -8 -9 -20 -21 22 -13 -23 -10 -26 27 28 -24 -17
right_child=1 2 13 6 -6 -7 17 8 24 10 -12 15 -14 14 -16 16 -18 -19 19 20 -22 23 26 -25 25 -27 -28 -29 -30 -31
leaf_value=-0.031238662076728478 0.014249705835456339 0.012326763296292753 0.016898244556329094 0.01046649823286701 -0.009157635078925995 -0.015066614111577099 -0.00074298412194076838 -0.020658131488000924 0.029798561392734624 0.0044450473794818016 0.026784936864362924 -0.0078741563125586649 0.013792046334270579 -0.018248118687645302 0.037341169891158398 -0.020972956793365662 0.012045342291490489 0.01619490281227837 0.042809705853590029 -0.02896248105158624 0.013578966746208496 -0.0038063965817224086 0.039204425269102512 0.024890974650817865 -0.026655978917115995 0.0040160874994918877 0.0080865195509537569 0.07009723953473232 -0.011047973739187089 0.0053378672749132636
leaf_weight=1117.7923259995878 9843.9950992017984 6581.1167409718037 1924.5650627166033 2107.4473983347416 100.18706330657005 50.027630046010017 688.2006805986166 58.28056363761425 40.744491100311279 107.52111390978098 442.51271776854992 118.56103822588921 910.74109829962254 55.47221414744854 16.4337307959795 69.394808351993561 840.65388163924217 140.34242916107178 33.113115608692169 48.691201984882355 84.881600998342037 790.65362073481083 35.150857985019684 42.107476234436035 44.2148177921772 325.43269172310829 313.948357462883 17.124669849872589 23.263916924595833 106.4161591231823
leaf_count=29413 22288 15723 4398 6083 359 195 2240 239 85 322 975 457 2302 239 27 274 2196 375 81 210 214 2702 76 134 176 941 1035 28 91 346
internal_value=0.0102716 0.0121411 0.0109263 0.0101884 -0.0294223 0.0141015 0.00828389 0.00906154 0.0124945 0.0147399 0.0224179 0.00744982 0.0110213 0.01609 -0.00554348 0.00475285 0.00908894 0.00212603 -0.000195666 0.00695889 -0.00192864 0.00146567 0.00772883 -0.00235535 0.00327127 0.000347295 0.0124784 0.0307315 0.0191912 -0.00504735
internal_weight=27079 25861 15967 13970.5 1217.98 9894.02 7389.4 6560.86 2096.13 1685.74 550.034 4464.72 1135.71 1996.47 71.9059 2357.27 1016.46 828.543 224.966 166.686 133.573 1340.81 508.049 832.761 410.392 369.648 389.488 75.5394 58.4148 175.811
internal_count=94224 64452 41969 37305 29772 22483 21582 18967 5545 4343 1297 13422 3046 4664 266 7339 2816 2615 744 505 424 4523 1687 2836 1202 1117 1230 195 167 620
is_linear=0
shrinkage=0.03


Tree=48
num_leaves=31
num_cat=0
split_feature=16 8 5 9 5 4 9 12 8 0 10 9 8 8 5 5 1 3 16 3 11 8 14 12 1 14 11 8 11 3
split_gain=2129.58 63.5994 62.8713 60.4405 61.9614 46.271 45.4505 42.1396 36.7913 36.247 39.7058 35.9632 35.4844 40.4027 49.4915 33.496 31.0337 31.1826 30.5425 30.4723 35.4479 30.7768 28.9817 28.5501 28.5079 34.8378 29.2324 27.4289 27.2982 32.2962
threshold=0.099609374708175838 0.88641766294867919 0.019663011120225483 0.026088886279966989 -0.0024326242656175505 7.7894695844896598 0.17641538363547937 -0.20781227510139522 0.92055351374678973 0.010389016757720861 1.0000000180025095e-35 0.22312426493641338 1.0995018712715661 1.3939597158606996 0.0045105193905619796 -0.063005129673424379 0.010582251926958277 0.00089999999999992874 0.50979288096840747 0.00099999999999991784 -3.1720909249489613 0.94950501379964158 -0.08531653955373053 -0.30573406381463741 -0.014498039782513903 -0.064771031058306214 7.5749338705372269 1.2163947014692102 0.28968025034525896 0.13000000000000014
decision_type=2 2 2 2 2 2 2 2 2 2 2 2 2 2 2 2 2 2 2 2 2 2 2 2 2 2 2 2 2 2
left_child=-1 6 3 4 16 7 -2 9 -7 10 28 24 -6 -14 -15 -9 17 -3 22 20 -17 -22 -13 -11 25 -4 -26 -18 -5 -30
right_child=1 2 11 5 12 8 -8 15 -10 23 -12 18 13 14 -16 19 27 -19 -20 -21 21 -23 -24 -25 26 -27 -28 -29 29 -31
leaf_value=-0.031200571974902634 0.013665571857899832 0.04556500612780881 0.017265470302895131 0.0070936737429455679 0.014211642744351964 -0.013726529813159577 -0.025566198567360938 0.032649797987260754 0.0052523068156700185 -0.00029032069399432143 -0.00025952519481654059 0.036514040211532164 0.028597918077107348 -0.0093809522967439728 0.035094782470674796 -0.015657075138235655 -0.051418785651722719 0.0037030615335593041 0.046410767826677662 0.010749427221365699 -0.011537083705368007 0.029972913001256301 -0.021267345695732742 -0.033701466226087017 0.014531219580654762 -0.008893867145043928 0.022617616273983673 0.023659839007654712 0.015476824155428642 0.0072434163557743353
leaf_weight=1086.0608670338988 9926.9483105912805 16.976011246442795 97.894385010004044 2489.5739894509315 763.84180215001106 99.186359792947769 26.648289158940315 65.934114515781403 1256.212441585958 191.72352703660727 449.8617340028286 9.1501138657331449 407.82573193311691 61.024451047182083 35.685846239328384 20.102243572473526 15.974142804741861 282.77339185774326 8.9561959356069547 5910.8760881274939 17.686320260167122 176.48728850483894 53.442312121391296 26.158506795763969 1120.2228539288044 86.130878418684006 627.84014375507832 6.0335911810398093 1009.3686545789242 745.44440396130085
leaf_count=29413 22516 26 255 7282 1703 314 120 111 3652 703 1399 22 756 190 64 63 66 747 14 15079 52 344 230 115 2610 296 1251 13 2676 2142
internal_value=0.00995765 0.0116765 0.0105083 0.00979922 0.0153071 0.00909623 0.0135605 0.00973501 0.00386346 0.00766014 0.00821534 0.0154798 0.0182898 0.0244638 0.00703048 0.0113813 0.00354933 0.00607387 -0.00540618 0.0111523 0.0222659 0.026192 -0.0128205 -0.0043016 0.0162532 0.0050219 0.0174356 -0.0308354 0.00911359 0.0119793
internal_weight=27092 26006 16052.4 14048.8 1590.13 12458.6 9953.6 11103.2 1355.4 4912.13 4694.25 2003.64 1268.38 504.536 96.7103 6191.09 321.757 299.749 71.5486 6125.15 214.276 194.174 62.5924 217.882 1932.09 184.025 1748.06 22.0077 4244.39 1754.81
internal_count=94224 64811 42175 37497 3565 33932 22636 29966 3966 14317 13499 4678 2713 1010 254 15649 852 773 266 15538 459 396 252 818 4412 551 3861 79 12100 4818
is_linear=0
shrinkage=0.03


Tree=49
num_leaves=31
num_cat=0
split_feature=16 8 5 9 9 16 11 11 1 5 11 8 11 8 15 6 9 6 8 15 12 6 12 4 4 1 11 12 5 11
split_gain=2032.49 59.9031 59.0928 59.3222 42.8731 35.9943 52.5472 56.6514 72.3128 66.1462 41.7319 51.2501 41.2354 38.5045 36.0927 34.0556 33.6948 40.1018 30.1784 33.9895 38.3251 30.744 31.3789 30.0401 29.1785 28.9169 33.4561 33.8561 34.177 38.4571
threshold=0.099609374708175838 0.88641766294867919 0.019663011120225483 0.04804158825217026 0.17641538363547937 0.27298880272834875 39.443713586965529 -3.1720909249489613 -0.023767089597421239 0.0080525627096276007 29.486036607907597 1.4974583437755764 12.74058296686208 2.0686321759855786 -0.25651834668964041 19.607505303982347 0.22312426493641338 90.569935385323291 1.2163947014692102 0.054683412078594236 -0.37971033595474174 14.084507042253572 0.63177129501305307 0.2285714236734688 0.99999982596851378 0.004003422838683047 25.669478642971736 -1.3202617907442702 -0.018226548538744402 -12.630972381470944
decision_type=2 2 2 2 2 2 2 2 2 2 2 2 2 2 2 2 2 2 2 2 2 2 2 2 2 2 2 2 2 2
left_child=-1 4 3 -3 -2 10 7 8 -7 -10 25 -12 -9 14 23 -13 -4 -18 -16 20 -20 -22 -23 -14 -11 -5 27 -27 -29 -30
right_child=1 2 16 5 -6 6 -8 12 9 24 11 15 13 -15 18 -17 17 -19 19 -21 21 22 -24 -25 -26 26 -28 28 29 -31
leaf_value=-0.031163697478227583 0.013235923015437788 0.011621361300980111 0.015736518095771906 0.0074122692648984738 -0.02507375644932161 0.039038725594751363 -0.011179482540685133 0.016208331403088264 -0.0086484966006325145 0.027643628796661598 0.033010838892554066 0.039995696479043989 0.016352541214151858 0.037607281407093567 0.014802839357253747 -0.019269074380984026 -0.017617239303270998 0.035743073341308232 0.041169084996274252 0.015676777540659315 0.021321129001786159 -0.034514498935223445 -0.0052405766822462589 -0.026654017897604066 0.0008234176936745295 -0.042465980825904408 -0.039434173383548633 -0.0046080010214255172 0.021733671835571528 0.0040028942281702473
leaf_weight=1055.1912078429013 9941.4822134673595 6397.7655452936888 1935.5945474207401 3071.7503240704536 26.360890790820122 44.184939503669739 97.463243454694748 1471.7608874440193 325.33453488349915 81.105666965246201 106.98746745288372 11.594698593020437 20.392073929309845 35.54477870464325 290.38277815282345 35.276320338249207 54.771793127059937 16.492413014173508 13.85399855673313 92.170139610767365 23.084573149681091 52.144737645983696 89.54755562543869 51.620399445295334 66.392004728317261 14.640906184911726 16.926684767007828 375.6423826366663 121.56519646942616 1166.7230808138847
leaf_count=29413 22516 15219 4412 9082 120 77 365 3678 1149 155 237 24 51 58 670 143 239 27 31 207 69 220 289 202 191 74 69 1430 311 3496
internal_value=0.00965386 0.0113073 0.0101747 0.00948793 0.0131346 0.00770978 0.0104554 0.0112488 0.00233646 -0.00109327 0.0061727 0.0215506 0.0134015 0.00722439 0.00551884 -0.00460848 0.0149906 -0.00526826 0.00808458 0.000880521 -0.00675407 -0.0107833 -0.0160138 -0.0144757 0.0155713 0.00567639 0.00253149 0.00295467 0.00335433 0.005676
internal_weight=27103.7 26048.6 16080.7 14073.9 9967.84 7676.09 2754.98 2657.52 517.017 472.832 4921.11 153.858 2140.5 668.741 633.196 46.871 2006.86 71.2642 561.184 270.801 178.631 164.777 141.692 72.0125 147.498 4767.25 1695.5 1678.57 1663.93 1288.29
internal_count=94224 64811 42175 37497 22636 22278 7412 7047 1572 1495 14866 404 5475 1797 1739 167 4678 266 1486 816 609 578 509 253 346 14462 5380 5311 5237 3807
is_linear=0
shrinkage=0.03


Tree=50
num_leaves=31
num_cat=0
split_feature=6 8 10 9 3 9 3 5 5 1 11 13 11 8 6 9 5 8 15 9 3 1 11 1 14 13 9 9 8 5
split_gain=76.4744 56.4875 58.3162 54.1201 42.4986 60.0638 41.3495 70.7244 39.2713 38.8223 50.2667 37.3002 34.079 36.8009 36.1679 33.6949 47.2467 46.0865 33.6902 39.5115 36.6538 40.5529 40.6968 39.6627 33.5956 42.364 38.4511 33.0298 32.4421 31.9091
threshold=70.301072804120309 0.94708936094204133 1.0000000180025095e-35 0.045951712221032615 91.95000000000438 0.026088886279966989 325.54999999999569 0.0022592587915956806 -0.002072968179730694 -0.044918600897569154 23.776766444934964 -0.19643200482054571 10.510253986734964 1.0793057109962507 63.303652441922516 0.18558449077028022 0.034521243015698359 1.8608848829211784 0.13348460600038339 0.017534524603487551 0.12599999999999859 -0.024678191050528705 5.7476122462859616 0.010172203481375043 -0.019843544220665449 -0.67636726807843039 0.0087269177344521543 0.025321607095570155 1.155381549027515 -0.016347248992539056
decision_type=2 2 2 2 2 2 2 2 2 2 2 2 2 2 2 2 2 2 2 2 2 2 2 2 2 2 2 2 2 2
left_child=1 24 3 18 5 8 9 -8 27 10 -5 -12 -7 -14 -15 17 -17 -2 20 -20 21 -3 29 -22 25 -1 -26 -4 -25 -23
right_child=15 2 4 6 -6 12 7 -9 -10 -11 11 -13 13 14 -16 16 -18 -19 19 -21 23 22 -24 28 26 -27 -28 -29 -30 -31
leaf_value=-0.0071909969106341721 0.01312754024662636 -0.025344772674421451 -0.0095465832141299767 0.025905087551681975 -0.015301599972010036 -0.003231734254319408 0.030441026405699997 -0.043718941140332243 0.016424481975278911 0.0054531503406999617 0.017390972856367957 -0.017182195382037319 0.020592863377935925 0.0042637113768393287 -0.036718189314344667 -0.023164858838986436 0.011258358585626004 -0.022186492246612965 0.041436219470126517 0.015387530040846038 0.0083917399612018443 0.044177824402575686 0.02207394435962081 -0.027324804648404588 0.026875133420297494 0.012013781753236556 0.0079338442412743675 0.032701183476214903 0.0050047968846234263 0.0086293307895166423
leaf_weight=105.32635406777263 5273.23233525455 22.727359134703875 104.75968436710536 189.85609770566225 116.1652751211077 909.95098663121462 117.22921685501933 12.841519534587858 406.30846805870533 5593.4976349547505 57.806146521121264 54.624095100909472 127.64847007393837 230.14835102297366 21.163427826017141 56.467840662226081 98.447121715173125 33.471076158806682 60.964130077511072 373.39680288732052 1403.4170962683856 23.667851723730564 440.78428420051932 52.571408927440643 98.362726354971528 5583.5138079449534 4977.6496014297009 19.803207393735647 59.610668152570724 570.82866610959172
leaf_count=464 12266 89 750 462 746 5484 325 77 2002 21868 168 233 531 1352 96 268 299 125 109 1185 4774 54 1271 231 370 18604 18047 78 215 1968
internal_value=0.00932869 0.00853123 0.00701618 0.00802875 0.00229113 0.00341416 0.00638819 0.0231194 0.0119066 0.00601907 0.0164909 0.000593641 -8.36899e-05 0.00747532 0.00081255 0.0125022 -0.0012892 0.0129048 0.0113153 0.0190436 0.0100109 0.014296 0.0151662 0.00701963 0.0100751 0.0116582 0.00830089 -0.00282997 -0.0101457 0.0100446
internal_weight=27196.2 21734.6 10969.8 9033.82 1935.95 1819.78 6025.85 130.071 530.871 5895.78 302.286 112.43 1288.91 378.96 251.312 5461.62 154.915 5306.7 3007.97 434.361 2573.61 1058.01 1035.28 1515.6 10764.9 5688.84 5076.01 124.563 112.182 594.497
internal_count=94511 81553 44068 33029 11039 10293 23133 402 2830 22731 863 401 7463 1979 1448 12958 567 12391 9896 1294 8602 3382 3293 5220 37485 19068 18417 828 446 2022
is_linear=0
shrinkage=0.03


Tree=51
num_leaves=31
num_cat=0
split_feature=16 9 16 6 12 11 12 12 14 6 13 5 0 11 5 9 12 5 13 13 11 6 5 5 3 6 3 3 13 6
split_gain=1925.93 63.0103 53.0978 41.1742 35.9029 35.1067 35.5581 35.0499 32.4998 42.336 44.7087 40.3051 41.5246 28.4328 44.8335 31.4697 50.413 35.2987 28.3031 28.6515 28.287 28.1528 29.6104 28.3456 83.302 65.4451 41.9075 45.8534 28.9725 33.1088
threshold=0.099609374708175838 0.060500286933218635 0.27298880272834875 75.18058864212712 -1.1443110098913634 -19.040559233770534 -0.72061381269967184 -0.18999467351629859 -0.00090814594576066842 45.870868400489982 -0.64743540695924262 -0.0086441063256786407 -0.004512114029187885 23.776766444934964 0.018696226386771164 0.18558449077028022 -0.2667425154475313 -0.030843917332845448 -0.45408644224161565 -0.029601949533924584 19.833461623533449 14.084507042253572 -0.045465155057129676 0.0108237008485619 0.17999999999998553 62.163655799116242 267.05000000000297 19.600000000002868 -0.15068722295923317 32.566907693532073
decision_type=2 2 2 2 2 2 2 2 2 2 2 2 2 2 2 2 2 2 2 2 2 2 2 2 2 2 2 2 2 2
left_child=-1 3 5 7 -4 6 18 8 20 10 -10 -12 -13 15 -15 -6 -17 -18 -3 -20 -2 -7 -23 25 28 26 27 -24 -25 -30
right_child=1 2 4 -5 13 21 -8 -9 9 -11 11 12 -14 14 -16 16 17 -19 19 -21 -22 22 23 24 -26 -27 -28 -29 29 -31
leaf_value=-0.031136787751738414 0.011631072745551295 -0.01084512526321426 -0.018717634327636106 0.016812996814183408 0.013394593249647186 -0.016446940005446685 0.0080196697333670807 0.012624344734480746 0.028659665867441488 0.0099991699496751758 -0.011653814638323335 -0.036501700219126944 0.0050677721288067881 -0.0016007601889042212 0.02197763016291444 -0.023843887238514157 0.03370680550528514 -0.0031985552475286747 0.039213491099167185 -0.0014251359153611583 -0.029652685303510284 0.01679238646954867 0.006603986282589353 0.015963830542278366 -0.0037186036186134205 -0.0036992501591974823 0.033653884674512934 -0.020446055359639417 0.043405974218832723 0.004669733377145921
leaf_weight=1033.2754343636334 4305.3234403282404 14.920953646302221 35.110721558332443 1307.4806167781353 2988.0330058261752 48.996272474527359 191.7142395824194 8237.9459734633565 56.76299087703228 2095.4112204015255 178.60594603419304 22.197042182087898 842.33951698243618 296.94040438532829 96.059355914592743 54.098007045686245 40.393450245261192 55.200151816010475 101.5671316832304 18.450247749686241 14.989267542958258 235.58870965242386 2495.1009270697832 840.83607597649097 355.47203162312508 718.808260217309 50.263841971755028 57.704216554760933 20.837234541773796 422.88333161175251
leaf_count=29440 10478 47 132 2585 7292 179 528 18770 118 5126 577 86 2232 925 192 247 75 177 186 55 56 554 7623 1975 1135 2236 116 226 36 1107
internal_value=0.00903622 0.0106206 0.0086104 0.0116973 0.0114692 0.00678128 0.0163237 0.0112727 0.00979124 0.00749731 0.00273107 0.00132016 0.00400047 0.0117694 0.00416241 0.0127221 -0.000700997 0.0123959 0.0281216 0.0329661 0.0114878 0.00618716 0.00640053 0.00590713 0.00913418 0.00431392 0.00652667 0.00599254 0.0126909 0.0064888
internal_weight=27233.3 26200 9138.98 17061.1 3565.84 5573.14 326.653 15753.6 7515.63 3195.32 1099.91 1043.14 864.537 3530.72 393 3137.72 149.692 95.5936 134.938 120.017 4320.31 5246.49 5197.49 4961.91 1640.03 3321.88 2603.07 2552.81 1284.56 443.721
internal_count=94511 65071 25043 40028 9040 16003 816 37443 18673 8139 3013 2895 2318 8908 1117 7791 499 252 288 241 10534 15187 15008 14454 4253 10201 7965 7849 3118 1143
is_linear=0
shrinkage=0.03


Tree=52
num_leaves=31
num_cat=0
split_feature=16 9 8 16 8 1 5 6 8 6 1 7 12 6 8 5 12 9 5 5 8 12 1 8 13 15 0 6 6 9
split_gain=1840.39 59.2912 55.1061 49.8685 44.0257 49.8662 41.5052 44.3533 41.1889 39.5692 38.1117 41.6386 36.821 39.3819 57.5338 36.4202 45.6386 36.2195 35.9187 35.772 35.4059 34.7196 37.9796 70.6856 35.5715 34.3814 34.028 33.9192 32.8562 45.8366
threshold=0.099609374708175838 0.060500286933218635 1.0000000180025095e-35 0.27298880272834875 0.76565934514040601 -0.0019337251164262546 -0.019561502911166654 49.726775956284136 1.6128561836170705 75.18058864212712 -0.017164599800655041 1.0000000180025095e-35 -0.54808153943354709 12.108174392657149 1.0366860177126032 -0.019126020217481696 2.2600651652158477 0.18558449077028022 -0.015671824253715532 0.01255154496498668 0.86012514840668353 -0.18999467351629859 -0.015213063391250945 1.0959722503162082 -0.21756339197616362 -0.30436012563685572 -0.0018828265228225114 12.108174392657149 14.084507042253572 0.17641538363547937
decision_type=2 2 2 2 2 2 2 2 2 2 2 2 2 2 2 2 2 2 2 2 2 2 2 2 2 2 2 2 2 2
left_child=-1 2 27 4 10 -6 7 -7 12 21 -3 25 17 14 26 16 -15 -5 -13 -17 -18 -4 23 24 -23 -12 -14 -2 29 -10
right_child=1 3 9 8 5 6 -8 -9 28 -11 11 18 13 15 -16 19 20 -19 -20 -21 -22 22 -24 -25 -26 -27 -28 -29 -30 -31
leaf_value=-0.031101942804424007 0.040518008502189881 -0.010588910058223792 0.0095187999420889759 0.0068194228324220023 0.0088256725500218073 -0.00070384482020322589 0.0045893511773919954 -0.023639842818547287 -0.0019603763168735367 0.016428230160674209 -0.053029430520129935 0.028024774629207293 0.023034617255723939 0.025533952026876406 -0.030702497365943944 0.0096115940868809081 0.029913544522972312 -0.033356952022956708 0.0026265278136334562 0.017553357426143088 -0.034155569992652103 0.007099150499787237 0.013220652005734183 -0.0031364360512234233 0.019109456884279029 0.025391851099052985 -0.025443423695034675 -0.040407765744967621 -0.0041232465683754488 0.048128155885144637
leaf_weight=1003.843991946429 5.5878106504678717 52.370580911636353 7521.3455512076616 581.54071072489023 2306.0201835334301 398.04849123954773 2138.460340783 93.753555677831173 38.403964534401894 1304.8283267915249 5.1197500228881827 63.98036552965641 59.967430338263512 380.4869035333395 43.490382015705109 1253.7007107138634 12.1736963391304 20.921499356627464 231.21984769403934 861.01211753487587 21.42494498193264 523.60879357159138 6927.6716219782829 385.79442270100117 385.22511087357998 291.941939920187 16.649369359016418 28.115314058959484 252.62797148525715 28.754173159599304
leaf_count=29440 18 156 18646 1638 6538 1403 6192 427 137 2571 21 119 119 857 189 3185 21 113 594 1765 87 1244 15393 1196 800 553 58 160 820 51
internal_value=0.00876279 0.0102882 0.0113321 0.00833973 0.00656829 0.0056054 0.0027821 -0.0050762 0.0111081 0.0114079 0.0139417 0.0161108 0.0121185 0.0136411 -0.00314347 0.0144383 0.0225743 0.00542423 0.00813123 0.0128451 -0.0109416 0.0109918 0.0123392 0.00762273 0.0121899 0.0240403 0.0125 -0.0269907 0.000834782 0.0194853
internal_weight=27238.1 26234.2 17082.2 9152.07 5580.92 4936.28 2630.26 491.802 3571.15 17048.5 644.632 592.262 3251.37 2648.91 120.107 2528.8 414.086 602.462 295.2 2114.71 33.5986 15743.6 8222.3 1294.63 908.834 297.062 76.6168 33.7031 319.786 67.1581
internal_count=94511 65071 40028 25043 16003 14560 8022 1830 9040 39850 1443 1287 8032 6281 366 5915 965 1751 713 4950 108 37279 18633 3240 2044 574 177 178 1008 188
is_linear=0
shrinkage=0.03


Tree=53
num_leaves=31
num_cat=0
split_feature=16 9 6 12 9 6 5 5 7 1 9 15 3 1 3 12 12 14 12 15 5 11 6 11 12 9 12 1 14 16
split_gain=1759.39 55.7767 47.3934 39.6352 38.3885 36.8524 34.2264 41.7686 42.972 53.0564 39.8688 35.6878 34.6878 33.8621 43.9141 54.9967 36.1969 33.6037 33.3298 33.1902 32.6605 32.64 31.9988 69.7274 58.1321 49.6285 37.7539 37.6502 35.8804 32.347
threshold=0.099609374708175838 0.060500286933218635 85.12447712056894 -1.3734552238411337 0.098140195018211626 75.18058864212712 0.020187218564022748 0.0099529283259312228 0.75000000000000011 -0.0041831634220820249 0.050860997312667952 -0.28809158118577777 0.15200000000000061 0.0037719722151632333 0.20400000000000154 0.51207891534215566 3.7086084809737097 -0.23402744074855697 -0.25882246688701432 -0.093948322231580658 -0.019561502911166654 -6.2281139693967695 62.163655799116242 -0.76582942220494432 -1.0897689126435857 0.030168220520729674 1.3881501275737156 0.0035607123650922561 -0.15679502203349188 0.30894308859365022
decision_type=2 2 2 2 2 2 2 2 2 2 2 2 2 2 2 2 2 2 2 2 2 2 2 2 2 2 2 2 2 2
left_child=-1 5 3 -3 -4 6 7 8 22 10 21 12 -8 16 19 -16 17 -5 -11 20 -15 -10 26 24 -24 27 -2 -25 -26 -28
right_child=1 2 4 13 -6 -7 11 -9 9 18 -12 -13 -14 14 15 -17 -18 -19 -20 -21 -22 -23 23 25 28 -27 29 -29 -30 -31
leaf_value=-0.031068202994716878 0.0096284405545395153 -0.01762515181828217 0.0063436582675793123 -0.016643937748602428 0.022431428922017316 0.015820637919128844 -0.052385654888666859 0.0058781050076691455 0.0038993931415911361 0.0086547174589341833 0.00071051381808358532 0.020115797606241083 0.023361022270752249 -0.018113797876889534 -0.0061805071921030947 0.0098496981242791968 -0.026250511900569953 0.0095780919398956305 0.015014904780136368 0.0089907510086413792 0.0035998397325060841 0.032076469005258165 -0.02474715185060233 -0.055108366051568339 -0.014691290749761622 0.0022310814581600591 0.016481941943522951 -0.012140127935689356 0.014207549306862619 0.0040213586654103736
leaf_weight=975.21790354326367 7290.1555072069168 56.035826474428177 212.58405286073685 44.36046901345253 358.79312916100025 1307.3665777742863 12.316773161292078 1688.2012738287449 42.605486944317818 1237.7867824137211 54.848347187042236 470.17456722259521 9.7471559494733793 75.237562164664268 551.71955180168152 295.94055785238743 25.822695329785347 5185.9457482472062 1849.6227748394012 1992.7451586127281 363.82002656161785 281.22365540266037 39.279391258955002 22.214811004698277 40.838676199316978 350.33127610385418 1353.41381919384 105.58437585830688 727.10240252315998 217.65251728892326
leaf_count=29440 18050 229 479 149 658 2585 51 4227 104 2922 152 965 20 298 1894 759 118 14187 3863 5262 1010 477 136 91 122 916 2871 302 1628 546
internal_value=0.00849897 0.00996818 0.00807951 0.00752311 0.0164459 0.0109802 0.0105795 0.010329 0.010881 0.0137649 0.0243631 0.0183659 -0.0189231 0.00768821 0.00529603 -0.000583939 0.00918076 0.00935569 0.012465 0.00734563 -0.000121042 0.0283693 0.00989584 0.00547236 0.01085 -0.00360657 0.0105375 -0.0196091 0.0126707 0.0147557
internal_weight=27238.7 26263.5 9163 8591.63 571.377 17100.5 15793.1 15300.9 13612.7 3466.09 378.677 492.238 22.0639 8535.59 3279.46 847.66 5256.13 5230.31 3087.41 2431.8 439.058 323.829 10146.6 1285.35 807.22 478.13 8861.22 127.799 767.941 1571.07
internal_count=94511 65071 25043 23906 1137 40028 37443 36407 32180 7518 733 1036 71 23677 9223 2653 14454 14336 6785 6570 1308 581 24662 3195 1886 1309 21467 393 1750 3417
is_linear=0
shrinkage=0.03


Tree=54
num_leaves=31
num_cat=0
split_feature=16 9 8 16 8 1 8 5 6 11 1 7 9 6 11 12 12 5 3 6 4 8 15 6 5 5 8 12 1 8
split_gain=1682.52 52.5441 52.0302 45.9442 41.5195 45.1553 38.8794 38.1242 42.1637 36.9322 35.966 38.907 35.832 35.4446 34.3947 34.5555 34.2671 33.8235 33.469 33.167 63.2762 38.9564 32.3781 32.0834 31.5354 40.5161 43.5852 40.1166 38.6129 48.9583
threshold=0.099609374708175838 0.060500286933218635 1.0000000180025095e-35 0.27298880272834875 0.76565934514040601 -0.0019337251164262546 1.6128561836170705 -0.019561502911166654 49.726775956284136 -15.994780449446598 -0.017164599800655041 1.0000000180025095e-35 0.19942808896615341 75.18058864212712 3.2500276365243779 -0.23409996146242165 -1.1443110098913634 -0.015671824253715532 325.54999999999569 12.108174392657149 0.42857133381926521 1.0366860177126032 -0.30436012563685572 12.108174392657149 0.020187218564022748 0.0099529283259312228 0.74176344198532662 -0.18070019753406449 -0.015213063391250945 1.0959722503162082
decision_type=2 2 2 2 2 2 2 2 2 2 2 2 2 2 2 2 2 2 2 2 2 2 2 2 2 2 2 2 2 2
left_child=-1 2 23 4 10 18 12 8 -7 -9 -3 22 16 24 -10 -16 -5 -13 -6 20 -18 -22 -12 -2 25 27 -27 -4 29 -29
right_child=1 3 13 6 5 7 -8 9 14 -11 11 17 -14 -15 15 -17 19 -19 -20 -21 21 -23 -24 -25 -26 26 -28 28 -30 -31
leaf_value=-0.031035531104076211 0.037800628987069096 -0.010548572516509196 0.0089142982817000428 -0.018029936890179569 0.0077878703120407046 -0.00078373456536330632 0.00051028782811201614 0.016953966159354069 -0.032352327373359711 0.0030177813021110035 -0.052010271325443197 0.026960121175054103 -0.012118345062389067 0.015465867187370211 0.041434524267970702 -0.046150192161371027 0.031425901000489267 0.0023381078806101853 0.036303888014682512 0.012836665275012047 0.00013068308655971831 -0.039364741507132137 0.024353381149528917 -0.040122656094686134 0.017788675845071513 0.017467049327456578 0.003724838572680586 0.011222121710511698 0.013150155297700569 -0.0022112573512409923
leaf_weight=947.37712058052421 5.7410545200109473 52.359602183103561 6473.0178939253092 34.103804528713226 2278.4815656095743 398.39959339797497 320.46298377215862 187.55370578169823 74.333420254290104 1955.9573429971933 5.0840147137641898 64.126325085759163 56.986228697001934 1304.4074559658766 12.610417917370798 5.975167140364646 35.520969361066818 231.42657294869423 37.655327841639519 3038.0785938277841 56.475681647658348 37.33531129360199 292.42137135565281 27.698827087879181 492.94688172638416 242.53493602573872 1446.8406913280487 808.34647300839424 5966.1617346405983 349.85144692659378
leaf_count=29440 18 156 16018 126 6455 1403 1008 470 364 5722 21 119 229 2571 36 27 65 594 83 7285 151 176 553 160 1036 502 3725 1813 13119 1066
internal_value=0.00824283 0.00965809 0.01064 0.00782631 0.00612865 0.00519568 0.0104809 0.00250949 -0.00502799 0.00423717 0.0132854 0.0153897 0.0114615 0.0107131 -0.0232257 0.0132765 0.0118812 0.00768036 0.00825148 0.0122033 -0.00267556 -0.0155879 0.0230484 -0.0267446 0.0103203 0.0100794 0.00569774 0.0106238 0.0121771 0.00716436
internal_weight=27240.3 26292.9 17117.5 9175.35 5596.38 4950.97 3578.96 2634.83 491.319 2143.51 645.418 593.058 3258.5 17084.1 92.919 18.5856 3201.51 295.553 2316.14 3167.41 129.332 93.811 297.505 33.4399 15779.7 15286.8 1689.38 13597.4 7124.36 1158.2
internal_count=94511 65071 40028 25043 16003 14560 9040 8022 1830 6192 1443 1287 8032 39850 427 63 7803 713 6538 7677 392 327 574 178 37279 36243 4227 32016 15998 2879
is_linear=0
shrinkage=0.03


Tree=55
num_leaves=31
num_cat=0
split_feature=16 8 9 7 8 3 1 12 0 1 15 4 4 4 6 14 8 8 14 11 6 9 10 11 6 1 3 8 9 8
split_gain=1622.21 40.0329 50.8709 48.9488 56.3861 48.4481 48.2941 46.59 43.7697 40.5153 39.6194 44.2675 52.6103 35.9461 41.2886 35.2832 35.2138 35.0886 34.6047 34.48 33.1796 32.1694 48.738 49.8543 36.1644 45.5719 40.8356 40.8706 39.7387 43.2115
threshold=0.099609374708175838 0.78153287650927616 0.020605949655277494 -0.74999999999999989 1.141197682427163 0.47000000000014103 -0.023767089597421239 1.0887765593270931 -0.016032791840664581 -0.022157752535945759 -0.032051513380499018 0.13725489388696455 0.69674339073982317 5.8007407334004233 32.566907693532073 -0.27846488456130886 1.0575574891398496 1.402761495427338 0.044428801486179011 -1.32740633646774 82.306110142344735 0.062543661330825534 1.0000000180025095e-35 19.833461623533449 85.12447712056894 0.0037719722151632333 0.18750000000000003 0.92876618180496007 0.10548371660637579 1.3939597158606996
decision_type=2 2 2 2 2 2 2 2 2 2 2 2 2 2 2 2 2 2 2 2 2 2 2 2 2 2 2 2 2 2
left_child=-1 6 17 4 5 10 -2 8 9 -5 11 -4 -13 14 18 -16 -12 19 -7 -3 -8 22 -10 -24 25 -23 27 -27 29 -26
right_child=1 2 3 7 -6 13 20 -9 21 -11 16 12 -14 -15 15 -17 -18 -19 -20 -21 -22 24 23 -25 28 26 -28 -29 -30 -31
leaf_value=-0.031004123801693172 -0.0070433595879750696 0.0082523439661964949 0.032698123073533439 0.029427909888395529 -0.0026402374264280692 0.016845147744459246 0.011630215713382377 0.012262110062054975 0.010434207741431552 0.0084023838866391903 0.013686128202137653 -0.007687254017815115 0.00954436064995858 -0.035124157671806162 0.063114452060298018 -0.0081432459281245671 0.035514637628535538 -0.011361737308031288 -0.02416028860502174 0.019363544868572842 0.023060389520079157 0.0079987516517559237 0.0025637471224692755 0.0292648961431765 0.0089778145996382216 -0.0064499503189532313 -0.0048380026095089165 0.0067678253448321219 0.022403770317958087 -0.03944018396128824
leaf_weight=919.74708233959973 121.0547314286232 366.90837946534157 55.606100380420685 167.95963335037231 697.73980258405209 161.73201490938663 5522.2074296101928 3365.1343688815832 6168.4647952467203 162.07956416904926 339.42739036679268 215.81146268546581 610.74082081019878 25.964441880583763 6.4097247570753089 257.13971020281315 82.72321018576622 44.220363855361938 20.917900562286377 798.10945636034012 238.43245629966259 3075.3130752369761 1197.2921517491341 66.425498515367508 131.0585201382637 249.4685266315937 539.7831522077322 1349.2716333568096 248.30488105118275 18.993491649627686
leaf_count=29416 339 866 99 327 2399 349 12302 7680 14686 431 798 626 1518 95 6 748 162 137 70 1578 409 8687 3261 131 283 768 1842 3806 449 69
internal_value=0.00815906 0.00952841 0.00890035 0.00852473 0.00458615 0.00742444 0.0117092 0.00910687 0.00831299 0.0191024 0.0104053 0.00678829 0.00504521 -0.00080982 0.00118694 -0.0064102 0.0179636 0.0148686 0.012149 0.0158642 0.0121033 0.00804 0.00933461 0.00396725 0.00632556 0.0056599 0.00229649 0.00470531 0.015038 0.00284909
internal_weight=27224.4 26304.7 20423 19213.8 2474.21 1776.47 5881.69 16739.5 13374.4 330.039 1304.31 882.158 826.552 472.164 446.199 263.549 422.151 1209.24 182.65 1165.02 5760.64 13044.4 7432.18 1263.72 5612.19 5213.84 2138.52 1598.74 398.357 150.052
internal_count=94337 64921 51871 49290 6870 4471 13050 42420 34740 758 3203 2243 2144 1268 1173 754 960 2581 419 2444 12711 33982 18078 3392 15904 15103 6416 4574 801 352
is_linear=0
shrinkage=0.03


Tree=56
num_leaves=31
num_cat=0
split_feature=6 8 10 9 9 5 8 8 7 15 5 8 5 11 1 11 11 6 7 3 0 14 3 9 8 15 8 8 0 15
split_gain=63.5247 53.255 45.2582 37.2197 36.2847 45.9787 37.1226 36.6542 44.8549 49.114 36.2563 37.4363 31.9223 31.8462 31.6341 36.4079 33.7847 31.5383 31.4744 38.4542 35.106 47.1814 33.3039 31.3247 38.4108 34.7412 32.0972 28.9757 38.7272 40.3127
threshold=75.18058864212712 1.4398016950360366 1.0000000180025095e-35 0.0098060456729500249 0.045951712221032615 -0.045465155057129676 2.3140571432668247 1.1515938578851224 -0.74999999999999989 0.097615662552522645 0.0037788626773394992 2.0686321759855786 -0.0047114351641330985 -2.4651611491836642 -0.013245928420056783 1.4977246112398037 19.336760941906775 28.59971399568386 0.75000000000000011 0.23145000000000063 -0.0011415617290035927 -0.16352329406329791 0.00029999999999998089 0.026348575263500321 0.83642111031637845 -0.21641403858794458 1.4116621191253855 0.52998045767908752 -0.021462146777396492 -0.12277440314884532
decision_type=2 2 2 2 2 2 2 2 2 2 2 2 2 2 2 2 2 2 2 2 2 2 2 2 2 2 2 2 2 2
left_child=2 -2 4 12 18 27 7 -7 9 -9 -3 -12 -4 -11 15 -5 23 -17 20 -20 22 -22 -1 26 25 -25 -16 -6 -29 -30
right_child=1 10 3 14 5 6 -8 8 -10 13 11 -13 -14 -15 16 17 -18 -19 19 -21 21 -23 -24 24 -26 -27 -28 28 29 -31
leaf_value=-0.040223074073890183 0.013281273317060869 -0.052112267539857371 -0.049766386993040708 0.020602848921043793 0.040304302276815071 0.0076423430411511079 0.029958875433221253 -0.0097358875119580267 0.0050334054715831175 -0.024377970561596886 0.0050883377047155768 -0.045102098922498203 0.019735392454105046 0.042841270102232945 0.0055371887639081418 0.038380704807967923 0.013853231501147614 0.0030659472582239594 0.015725725453026383 0.0087120810115746058 -0.024304752613151282 0.0063860425975501177 0.010854068745431222 -0.020512172726650388 -0.0035107826864484702 0.009504226748522273 -0.029051434359905464 0.031924921237809031 -0.012044714964416649 0.01564556080026094
leaf_weight=11.538058094680308 2890.3995657935739 10.813052600249646 6.1436698082834473 205.85348596423864 43.520485281944275 6944.0892440825701 60.354170348495245 326.86718550138175 3280.2367545887828 8.2481968440115434 422.21258368715644 13.812530487775801 186.41267342306674 27.465862832963467 1668.6639667488635 24.183529794216156 238.67009380832314 386.59544698894024 1344.7146945465356 1475.5861537829041 45.793134903535247 2900.3263664543629 2704.9916153009981 38.028862984851003 1214.8208485078067 396.83028954453766 24.500387746840715 82.575271923094988 65.086994482204318 173.3287712149322
leaf_count=62 6215 51 60 692 62 22627 156 1655 12418 40 1106 72 833 86 8594 39 1102 1875 3788 4589 204 9719 8003 224 7215 1708 180 141 254 567
internal_value=0.00791417 0.0117912 0.00737248 0.00462082 0.00799222 0.00685625 0.00649756 0.00636382 0.00392664 -0.00608621 0.00215267 0.00349839 0.0175179 0.0273169 0.00402927 0.0103054 0.0029487 0.00514501 0.00946684 0.0120562 0.00817721 0.005909 0.0106371 0.00217015 -0.000771945 0.00687926 0.00503669 0.0173332 0.0142187 0.00808617
internal_weight=27222.7 3337.24 23885.4 4390.7 19494.7 11011.8 10647.3 10586.9 3642.82 362.581 446.838 436.025 192.556 35.7141 4198.15 616.632 3581.51 410.779 8482.95 2820.3 5662.65 2946.12 2716.53 3342.84 1649.68 434.859 1693.16 364.512 320.991 238.416
internal_count=94337 7444 86893 22522 64371 38006 36982 36826 14199 1781 1229 1178 893 126 21629 2606 19023 1914 26365 8377 17988 9923 8065 17921 9147 1932 8774 1024 962 821
is_linear=0
shrinkage=0.03


Tree=57
num_leaves=31
num_cat=0
split_feature=16 15 5 9 3 5 0 1 6 9 5 11 11 11 1 7 9 4 15 16 6 13 15 11 5 16 11 1 13 12
split_gain=1542.05 35.4803 45.2254 42.5348 60.8659 52.341 39.6699 39.549 42.7941 39.272 38.7314 64.9994 43.0558 40.5215 39.2326 36.4154 43.2115 35.7657 48.1465 38.4165 35.6126 35.3053 33.7579 33.3851 37.7136 33.2651 37.4518 32.3548 31.9286 31.5164
threshold=0.099609374708175838 -0.024750734031655126 -0.0012720339009667308 0.028540622691819884 0.20400000000000154 0.0070560592066732705 0.0069185419053694472 0.0071490180498203779 82.306110142344735 0.02237123409142858 -0.015671824253715532 2.2194618014122707 6.9496549268181171 23.776766444934964 -0.018132384042777613 -0.74999999999999989 0.021524468860213922 5.6363635851240383 -0.029125790244060194 0.1005052292243241 20.995110648321056 -0.14535448347194199 0.082836938064596147 19.833461623533449 0.0067514253607741919 0.32158409015208778 24.657941217167657 -0.026826615938986383 0.56635111185513376 -0.21639648026926309
decision_type=2 2 2 2 2 2 2 2 2 2 2 2 2 2 2 2 2 2 2 2 2 2 2 2 2 2 2 2 2 2
left_child=-1 7 6 5 -5 21 10 8 15 -7 12 20 -3 -13 -14 16 -2 18 19 -17 -12 -4 -23 -18 25 26 -25 -19 -21 -8
right_child=1 2 3 4 -6 9 29 -9 -10 -11 11 13 14 -15 -16 17 23 27 -20 28 -22 22 -24 24 -26 -27 -28 -29 -30 -31
leaf_value=-0.030979610508057472 0.014270913866138947 0.017362572203943594 0.021696219513091201 0.012803126291292016 0.0061200635391769707 -0.0097105085009902975 -0.0056825131733839532 0.0041363425715767394 0.020542720321350991 0.012740721937596407 -0.022823671207823998 0.015049128419940655 0.026259122268106838 -0.013047152782401572 -0.010243621697237361 -0.022908290941342165 0.0043610058860486783 -0.015235513965934229 -0.0096195736232636657 0.010071935837606183 0.0045384689126831855 0.0021427027901623871 0.018547875553471788 -0.026042161008647625 -0.038066245748811144 -0.04928418325682641 0.026971152991038284 0.0059426652661197787 0.022485359105660536 0.0062974713234012812
leaf_weight=898.42814813368022 400.0650700032711 772.19428313523531 931.19697242975235 3442.8141420930624 1905.2262774556875 110.20047669112682 303.41347352415323 2033.8893049657345 266.144203171134 192.79817396402359 43.980343475937843 911.40785723924637 35.730268582701683 48.665642917156219 102.5740335136652 31.36400930583477 2079.3640381842852 67.896577820181847 111.42599992454052 8145.0905357375741 1608.8747606873512 196.89669582247734 264.59570766985416 17.819468721747398 35.766377061605453 10.243774533271788 36.6836212053895 1482.8602350950241 190.85268869996071 566.90274398028851
leaf_count=29416 866 1998 1757 7680 4698 304 1041 5363 496 418 157 2103 74 151 347 118 5582 244 337 19938 4184 483 517 65 158 46 84 3832 407 1473
internal_value=0.00767019 0.00898814 0.0102451 0.011735 0.0104223 0.0158752 0.00785655 0.00802391 0.008638 0.00457522 0.00927329 0.00741658 0.0146017 0.0136249 -0.000813309 0.00838673 0.00520803 0.00920441 0.00997058 0.0102315 0.0038104 0.0183336 0.0115486 0.00354475 -0.0133416 0.000316402 0.00963876 0.00501542 0.0103561 0.00212096
internal_weight=27245.4 26346.9 11437.5 7043.73 5348.04 1695.69 4393.74 14909.5 12875.6 302.999 3523.43 2612.93 910.499 960.074 138.304 12609.4 2579.94 10029.5 8478.73 8367.31 1652.86 1392.69 461.492 2179.88 100.513 64.7469 54.5031 1550.76 8335.94 870.316
internal_count=94337 64921 27385 15857 12378 3479 11528 37536 32173 722 9014 6595 2419 2254 421 31677 6801 24876 20800 20463 4341 2757 1000 5935 353 195 149 4076 20345 2514
is_linear=0
shrinkage=0.03


Tree=58
num_leaves=31
num_cat=0
split_feature=6 12 10 5 12 4 9 1 5 12 5 1 3 7 5 5 13 9 11 5 9 12 5 0 13 0 1 11 3 5
split_gain=58.1342 41.4175 50.3954 31.1088 30.2282 32.098 29.6423 42.3234 44.4125 47.2154 62.0089 45.4234 42.4355 36.0815 56.8999 44.1115 34.2283 39.8307 33.7095 33.0514 40.5273 32.8609 37.2818 32.332 32.0839 42.0451 40.2633 37.6255 48.2418 31.0481
threshold=75.18058864212712 1.0887765593270931 1.0000000180025095e-35 -0.051750064509624188 -1.3734552238411337 1.4583330295139625 0.047105898771946833 0.004003422838683047 -0.020534541163931972 -0.87110169774590196 -0.029575493303887694 -0.00082685271545440686 0.20400000000000154 1.0000000180025095e-35 -0.012673849146962459 -0.017041712260291424 -0.57856750789899947 0.044015019093646419 4.2635639032091452 0.019663011120225483 0.031665031317881738 -0.59721008185538305 -0.018226548538744402 -0.0070479453149709928 -0.29490782644503083 -0.001201118126079481 -0.040636895664155841 10.000000000000078 0.24184999999999993 -0.023384192249184529
decision_type=2 2 2 2 2 2 2 2 2 2 2 2 2 2 2 2 2 2 2 2 2 2 2 2 2 2 2 2 2 2
left_child=1 2 4 -3 5 -1 13 8 9 10 23 24 -9 14 15 21 17 18 -15 29 -21 -6 -23 -8 26 27 -10 -26 -29 -18
right_child=-2 3 -4 -5 6 -7 7 12 11 -11 -12 -13 -14 16 -16 -17 19 -19 -20 20 -22 22 -24 -25 25 -27 -28 28 -30 -31
leaf_value=0.0070977564513445453 0.011149452715497473 0.031697311726932076 0.0030131196560947626 0.0092563726904740708 0.025947133991530893 -0.019618431537146548 -0.044755521887297429 0.0051748992412619238 0.035929289458192008 0.014722338152938065 -0.042790139212684784 0.011270835224475157 -0.0031203008129497699 -0.0063583944106485723 0.0074670034442865805 -0.019952145178344847 0.049258264244218981 -0.044305225464309324 0.023481372812035092 -0.039930001928659448 0.030543973781219234 -0.018071688299717923 0.029517739701004471 0.026914800726178852 0.00059489342907306081 0.0063699148716094131 0.0071774684936373101 -0.0044057318354467495 -0.038734875840291574 0.010529433434649248
leaf_weight=83.432478260248899 3336.5275040455163 56.312581589445472 3407.6294963806868 4369.6871627550572 44.408165082335472 78.605382204055786 6.8797228727489701 2145.8844321351498 45.248517630621791 985.19123096391559 30.624152027070522 1219.76301028952 748.67731030657887 113.28407040610909 3100.3171672336757 125.61359048075974 18.733403710648417 18.101327052339911 48.728590266779065 7.8203767947852603 120.56002490967512 59.760826716199517 19.699324931949377 32.08297530002892 922.61067093349993 1146.5315798707306 1403.2248276956379 125.52352598495781 52.147122211754322 3370.0959223676473
leaf_count=319 7444 98 18488 13752 156 391 41 7916 110 2969 219 3941 3136 452 10082 590 30 97 160 37 283 260 60 111 3270 3970 4877 470 262 10346
internal_value=0.00743991 0.00692219 0.00632702 0.00954189 0.00702957 -0.0058624 0.00716086 0.00600633 0.00744977 0.0130355 -0.010847 0.00625107 0.00302935 0.0086131 0.00635787 -0.00742537 0.0106564 -0.00209908 0.00261652 0.0113096 0.026251 0.0052779 -0.00627358 0.0142598 0.00459412 0.00234965 0.00807564 -0.0018396 -0.0144815 0.0107435
internal_weight=27243.7 23907.2 19481.2 4426 16073.5 162.038 15911.5 8864.39 5969.83 1054.78 69.5869 4915.05 2894.56 7047.12 3349.8 249.482 3697.32 180.114 162.013 3517.21 128.38 123.868 79.4602 38.9627 3695.29 2246.81 1448.47 1100.28 177.671 3388.83
internal_count=94337 86893 73043 13850 54555 710 53845 31292 20240 3340 371 16900 11052 22553 11148 1066 11405 709 612 10696 320 476 320 152 12959 7972 4987 4002 732 10376
is_linear=0
shrinkage=0.03


Tree=59
num_leaves=31
num_cat=0
split_feature=16 8 9 7 8 12 0 5 8 15 16 13 3 5 6 15 12 3 13 6 14 8 8 9 10 12 12 5 6 9
split_gain=1467.1 36.5309 46.6229 41.1888 49.9313 41.4729 39.6639 36.5417 40.1575 38.5768 36.6355 36.1973 35.8826 33.0917 32.2818 31.7093 52.9114 46.1862 42.0508 39.9491 32.3667 31.7632 30.6499 30.6207 40.22 34.9975 33.7121 33.6252 31.4587 36.8339
threshold=0.099609374708175838 0.78153287650927616 0.020605949655277494 -0.74999999999999989 1.2211942170876977 1.0887765593270931 -0.016032791840664581 0.006304482314272236 1.402761495427338 -0.1604901285823313 0.25822407639140038 -0.49162554475609338 12.599999999995591 0.0087500581842370716 82.306110142344735 -0.19782913781170108 0.57097602339630815 1.260000000000119 0.13207660498747717 32.566907693532073 0.044428801486179011 0.99391405609642314 0.91019182131506204 0.062543661330825534 1.0000000180025095e-35 -0.8086313091411037 -1.3734552238411337 0.039838890879744203 85.12447712056894 0.10548371660637579
decision_type=2 2 2 2 2 2 2 2 2 2 2 2 2 2 2 2 2 2 2 2 2 2 2 2 2 2 2 2 2 2
left_child=-1 14 7 4 15 6 -5 8 9 10 -3 -6 -10 -9 -2 16 21 -17 19 20 -19 -4 -15 24 27 -26 -25 -8 -28 -30
right_child=1 2 3 5 11 -7 23 13 12 -11 -12 -13 -14 22 -16 17 -18 18 -20 -21 -22 -23 -24 26 25 -27 28 -29 29 -31
leaf_value=-0.030955257438320862 0.010106787562912192 0.009923729373166228 0.01213994360808149 0.017548460295039581 0.014723220800616247 0.011028972096291173 0.0091946301255039029 -0.017817010872182182 0.022643317563375918 0.019678559217899346 -0.028722633083392606 -0.0085268014527783466 -0.034377656743186831 -0.013921795992971079 0.021400954846939654 0.010865030692633702 -0.015577826685044795 0.019569724889645809 -0.045376658645158476 -0.008654440383810089 -0.025289387058113875 -0.0064399560329769477 0.028071382006579441 -0.026839168905767263 -0.0063467678218402162 0.0059808597234252041 0.0049288592824629322 0.052582935698238749 0.0019266515533246183 0.020788430930666651
leaf_weight=877.29463377781212 5653.0452477931976 212.12761788070202 237.56863242387772 332.02448070049286 71.189485996961594 3373.987311989069 6173.1794058531523 59.977657228708267 15.80431944131851 804.38044935464859 24.6407101303339 392.7540610730648 26.733694016933441 24.585709914565086 237.32985474169254 1188.0919099599123 148.52667231857777 108.79700656235218 18.937127679586411 172.1869992017746 16.697341546416283 127.11967989802361 43.004793167114258 29.074700944125652 261.04958656430244 1005.9250196814537 5216.3749954998493 16.117394432425499 149.41710422933102 247.57418338954449
leaf_count=29416 12641 474 552 758 204 7680 14669 178 33 1567 79 1490 101 71 409 2926 448 227 74 504 57 388 78 135 807 2585 14970 17 350 449
internal_value=0.00721076 0.00847961 0.00788125 0.00752269 0.00391517 0.00805548 0.0073085 0.0135905 0.0153783 0.0165456 0.00590176 -0.00495922 -0.0131924 -0.00159676 0.0105618 0.00595549 -0.000483809 0.00815176 -0.00202965 0.000727892 0.0136011 0.00566353 0.0127966 0.00704894 0.00831073 0.00344085 0.00538153 0.00930762 0.00554842 0.0136894
internal_weight=27265.5 26388.2 20497.8 19286.6 2481.87 16804.7 13430.7 1211.25 1083.69 1041.15 236.768 463.944 42.538 127.568 5890.38 2017.93 513.215 1504.71 316.618 297.681 125.494 364.688 67.5905 13098.7 7456.27 1266.97 5642.44 6189.3 5613.37 396.991
internal_count=94337 64921 51871 49290 6870 42420 34740 2581 2254 2120 553 1694 134 327 13050 5176 1388 3788 862 788 284 940 149 33982 18078 3392 15904 14686 15769 799
is_linear=0
shrinkage=0.03


Tree=60
num_leaves=31
num_cat=0
split_feature=6 6 12 9 8 4 13 9 10 11 12 11 9 11 15 0 11 15 0 8 0 3 3 7 10 13 3 15 8 3
split_gain=59.8017 39.9544 41.324 38.0435 42.8411 37.6544 37.0949 36.4156 40.9801 35.9644 39.9304 36.4091 34.4443 34.2163 47.989 46.3238 37.2882 43.852 37.2294 32.6766 38.6792 32.1542 32.5156 31.8844 32.0287 31.7292 31.6851 34.3088 30.0974 29.8797
threshold=70.301072804120309 29.523809523809543 3.7086084809737097 0.18558449077028022 1.1340704209444838 11.43613772184373 5.2220671155490672 0.045356970254194079 1.0000000180025095e-35 -9.6107726433736307 0.24942613593231608 16.372923582108438 0.0098060456729500249 24.657941217167657 -0.2932677847601744 0.017787526302092131 -4.9668874172183735 0.25869086283192516 -0.016032791840664581 1.8608848829211784 0.02603611580276655 0.79300000000000026 0.62999999999999734 -0.74999999999999989 1.0000000180025095e-35 -0.064839479599722985 0.072000000000000522 0.16498802051700681 1.0000000180025095e-35 364.29999999999569
decision_type=2 2 2 2 2 2 2 2 2 2 2 2 2 2 2 2 2 2 2 2 2 2 2 2 2 2 2 2 2 2
left_child=1 2 5 19 -5 13 -7 8 -3 10 -9 21 -10 15 -15 16 17 29 -16 28 -21 22 -11 24 -13 26 27 -18 -2 -1
right_child=3 7 -4 4 -6 6 -8 9 12 11 -12 23 -14 14 18 -17 25 -19 -20 20 -22 -23 -24 -25 -26 -27 -28 -29 -30 -31
leaf_value=0.005116502173179458 -0.04357581169556525 0.0079745163145368177 -0.01857010037559792 -0.042401277207570316 0.00152106064935327 -0.0057149019536293635 0.018973152048007817 0.0064527763130660222 0.016364203744687101 0.002516290174263241 0.024035311248977984 -0.022762613930406659 0.0033074539492625845 -0.032068981677161268 0.025089136641966939 -0.038174526392958555 0.0051099803253124845 -0.050017924105653935 -0.0035451645143290073 -0.030926609600837644 0.053949805913805646 -0.0036884295192664094 0.02080681862405823 0.011751658270852396 0.02229033974284431 0.018302683339624908 0.013854030612750359 0.033354797822376873 0.01022958319673962 0.041610941720190399
leaf_weight=790.6118415016681 9.3732238058000785 6453.0764391310513 49.679360656067729 23.437736747786403 135.72074751369655 267.74163006059825 68.863209148868918 1314.4529312923551 191.94962950795889 4370.0912637971342 127.52561816945672 49.32079104706645 3452.5121701136231 38.101743280887604 57.307474553585052 17.485477602109313 852.27201584540308 12.752596963196991 142.43193062208593 31.72218226455152 5.7005794346332541 788.81567713990808 89.261277172714472 576.80429771356285 19.944365121424198 640.68769897893071 1201.6337060555816 40.546759834513068 5291.7758123856038 20.720556512475014
leaf_count=2281 48 21491 180 129 451 895 168 4840 897 18003 312 304 17959 156 121 86 2407 59 452 125 8 3518 277 2069 99 1544 3037 104 12270 36
internal_value=0.00671241 0.00600242 0.0086288 0.00950635 -0.00494696 0.0089543 -0.000664177 0.00536957 0.00653826 0.00376099 0.00800774 0.00272206 0.00399514 0.00980306 -0.00121524 0.0105357 0.010775 0.00518091 0.00467034 0.00993725 -0.0179975 0.00189479 0.00288241 0.00944218 -0.00978996 0.0124605 0.0106734 0.0063927 0.0101344 0.00604853
internal_weight=27132.3 21634.6 4200.84 5497.73 159.158 4151.16 336.605 17433.8 10097.5 7336.22 1441.98 5894.24 3644.46 3814.55 237.841 3576.71 3559.23 824.085 199.739 5338.57 37.4228 5248.17 4459.35 646.069 69.2652 2735.14 2094.45 892.819 5301.15 811.332
internal_count=94326 81295 11526 13031 580 11346 1063 69769 40347 29422 5152 24270 18856 10283 729 9554 9468 2376 573 12451 133 21798 18280 2472 403 7092 5548 2511 12318 2317
is_linear=0
shrinkage=0.03


Tree=61
num_leaves=31
num_cat=0
split_feature=16 9 6 5 5 5 8 6 8 9 9 16 11 12 8 5 11 15 16 15 5 8 14 8 16 7 9 16 6 4
split_gain=1382.32 42.4986 46.7297 32.0947 31.6176 39.4822 42.966 40.6907 46.7475 45.1552 37.8959 34.8397 34.4205 31.3597 48.9073 38.8803 31.4859 30.7891 36.6754 30.7057 48.6351 35.944 30.6107 39.0447 44.151 53.675 54.2255 75.0488 38.2457 37.7336
threshold=0.099609374708175838 0.045356970254194079 85.12447712056894 0.019663011120225483 0.01174982360559393 -0.0010383166355617322 0.66429968578279108 44.890378797377807 0.51283230772526311 0.0087269177344521543 0.023206342458122038 0.31530114933211317 22.992894756244791 0.47502216598594832 0.4888415077034558 -0.0073932152861536666 -9.2346357508999386 0.17911541175780774 0.1807623761200477 -0.095551111319910009 0.0075284458169295005 2.3140571432668247 0.13091552987906196 1.2115276651548526 0.22681037542776541 -0.74999999999999989 0.093451856523897883 0.39896157120408177 22.727272727272716 65.473307917350397
decision_type=2 2 2 2 2 2 2 2 2 2 2 2 2 2 2 2 2 2 2 2 2 2 2 2 2 2 2 2 2 2
left_child=-1 3 13 4 5 6 11 10 -9 -10 17 -2 -6 14 15 -3 -15 -7 -19 20 -18 -21 23 29 -25 -26 -27 -28 -24 -16
right_child=1 2 -4 -5 12 7 -8 8 9 -11 -12 -13 -14 16 22 -17 19 18 -20 21 -22 -23 28 24 25 26 27 -29 -30 -31
leaf_value=-0.03093123491715228 0.0020247150178385777 0.035437120642260657 0.014343829568365551 0.019483389327433175 0.0038257945794790888 0.010797782628124352 0.0084232661682437718 -0.01235886596187534 0.034602417628571407 0.012353433566367335 0.0040480915622340746 -0.03198601808711294 -0.040517064697948572 0.02120467839104339 0.0069762994096051311 -0.0022311772512954376 0.0072450047166940064 -0.0002486645259642691 0.047564346055116342 0.0099407611006364274 -0.0066291269633311058 0.045723256615085674 -0.046366620532725722 -0.0014901827110717194 -0.017002145226796609 0.01439673376686567 0.0060527336286279633 -0.023327412067954578 -0.00091301815083480507 -0.012121217215743498
leaf_weight=859.51530433632433 766.79067891836166 84.25738750398159 668.45151229202747 258.32276977598667 748.40527625381947 572.48958757519722 4237.2951486855745 67.573188602924347 83.743011087179184 4177.8546727448702 1238.3953244835138 28.10058705508709 16.093544185161591 168.84485328197479 6349.8263317272067 34.866749554872513 1284.961267799139 21.174275517463684 45.389083728194237 1988.0671095699072 276.28861029446125 25.590704843401909 17.36028091609478 1327.4970272853971 83.267054289579391 591.36899153888226 527.82007896900177 91.868290081620216 413.32727558910847 94.50014241039753
leaf_count=29523 1897 103 1313 502 1812 1270 9905 223 124 8776 3065 94 57 333 16589 100 3332 54 57 4687 809 34 78 4334 355 1532 1507 351 1212 298
internal_value=0.00650681 0.0077308 0.00660311 0.00902095 0.00879579 0.00919737 0.00722262 0.0107984 0.0123981 0.0127906 0.00710986 0.000822385 0.00289233 0.00621581 0.0053089 0.0244119 0.00854525 0.0130431 0.0323547 0.00794733 0.00478975 0.0103955 0.00506928 0.0054405 0.00235392 0.00629654 0.00789846 0.00169715 -0.00274518 0.00669625
internal_weight=27149.3 26289.8 14028.2 12261.6 12003.3 11238.8 5032.19 6206.62 4329.17 4261.6 1877.45 794.891 764.499 13359.7 9615.96 119.124 3743.75 639.053 66.5634 3574.91 1561.25 2013.66 9496.84 9066.15 2621.82 1294.32 1211.06 619.688 430.688 6444.33
internal_count=94326 64803 36967 27836 27334 25465 11896 13569 9123 8900 4446 1991 1869 35654 26459 203 9195 1381 111 8862 4141 4721 26256 24966 8079 3745 3390 1858 1290 16887
is_linear=0
shrinkage=0.03


Tree=62
num_leaves=31
num_cat=0
split_feature=16 9 6 5 5 5 8 6 8 9 9 3 11 16 11 4 16 3 9 12 8 8 12 8 3 6 5 14 16 0
split_gain=1325.62 40.0545 44.1252 30.181 29.838 38.2705 40.3749 39.5302 43.6757 42.1531 36.9965 36.0666 35.9309 32.8181 31.7127 47.9886 29.6826 32.2861 41.2082 36.946 31.2212 29.5913 29.4681 46.5026 41.8792 48.2956 37.1019 36.4607 36.4455 37.7236
threshold=0.099609374708175838 0.045356970254194079 85.12447712056894 0.019663011120225483 0.011272868288446198 -0.0010383166355617322 0.66429968578279108 44.890378797377807 0.51283230772526311 0.0087269177344521543 0.023206342458122038 7.1549999999999736 22.992894756244791 0.31530114933211317 -1.1095781986127593 7.7894695844896598 0.11215174966474216 0.19599999999999887 0.030658747821859365 -1.011199849464665 0.79938091427321867 1.2989757202621794 0.47502216598594832 0.4888415077034558 0.71000000000002228 9.2739942501044386 -0.0073932152861536666 0.1268798187691593 0.23663289337328705 0.0037554603977321137
decision_type=2 2 2 2 2 2 2 2 2 2 2 2 2 2 2 2 2 2 2 2 2 2 2 2 2 2 2 2 2 2
left_child=-1 3 22 4 5 6 13 10 -9 -10 14 -12 16 -2 15 21 -6 18 -18 -20 -21 -7 23 26 25 -25 -3 -27 -26 -30
right_child=1 2 -4 -5 12 7 -8 8 9 -11 11 -13 -14 -15 -16 -17 17 -19 19 20 -22 -23 -24 24 28 27 -28 -29 29 -31
leaf_value=-0.030902876552104913 0.0019637322679272322 0.034683664467136215 0.013926333769855208 0.018891114086997306 -0.014976734946992309 0.0058226534400279062 0.0081651534393101174 -0.011878078962120403 0.033577407939815368 0.012073934972605161 0.0059640959434310607 -0.0085666523714287741 -0.040329573579124006 -0.031064905566494154 0.018413674043750741 -0.045957515815593028 0.024813648982020767 -0.0017873607808270317 -0.037555326013179492 0.025323828060046433 0.0021320748615083628 0.056171941895602061 0.0082819162422065797 -0.026253440568858529 -0.0032713986242374708 0.0064795123622621714 -0.0021649364812672428 -0.0033056126996021491 0.0095445632721475899 -0.0052653345971188873
leaf_weight=834.86667347699404 766.88344667851925 83.516384765505791 667.84540483355522 258.42732873558998 68.271498396992683 239.41354447603226 4240.0619162023067 67.189573809504509 83.710801675915718 4124.2579446136951 1037.6948909014463 180.47161909937859 16.814704194664955 28.066283732652664 370.28104205429554 15.748952209949492 133.12235148251057 308.84543743729591 17.421539545059204 67.566555723547935 230.35016819834709 10.987718492746351 3746.8425133228302 41.944343015551567 946.31493219733238 7377.8699147924781 34.855732455849648 359.41131757199764 565.582165107131 213.12236972153187
leaf_count=29523 1897 103 1313 502 207 564 9905 222 124 8651 2505 512 60 94 736 60 244 791 63 119 567 13 9195 163 2990 19873 100 1069 1497 664
internal_value=0.00631378 0.00749505 0.00640072 0.00874745 0.00852913 0.00893992 0.00700194 0.0105318 0.0121186 0.0125017 0.00687402 0.00381136 0.00308469 0.000797632 0.0127361 0.00483727 0.00396891 0.00567687 0.0108173 0.00490868 0.00739189 0.008032 0.0060248 0.00514592 0.00491318 0.00585093 0.0238333 0.00602497 0.000684225 0.00549127
internal_weight=27137.8 26302.9 14037.3 12265.6 12007.2 11164.8 5035.01 6129.76 4275.16 4207.97 1854.6 1218.17 842.392 794.95 636.431 266.15 825.578 757.306 448.461 315.338 297.917 250.401 13369.5 9622.62 9504.25 7779.23 118.372 7737.28 1725.02 778.705
internal_count=94326 64803 36967 27836 27334 25283 11896 13387 8997 8775 4390 3017 2051 1991 1373 637 1991 1784 993 749 686 577 35654 26459 26256 21105 203 20942 5151 2161
is_linear=0
shrinkage=0.03


Tree=63
num_leaves=31
num_cat=0
split_feature=6 6 5 5 12 3 9 5 8 4 13 11 15 0 0 11 15 8 9 1 8 11 15 12 8 0 12 15 14 8
split_gain=52.3202 36.3968 45.1092 48.5308 39.0257 38.2403 35.7808 53.8021 35.8548 34.85 34.9332 32.235 45.3751 43.4595 34.6764 34.5755 41.2375 31.785 30.8131 46.3508 54.0243 38.9882 34.1129 32.4589 30.7269 36.1336 30.4354 29.6644 43.2489 29.3929
threshold=70.301072804120309 29.523809523809543 -0.051750064509624188 -0.025568977496928158 3.7086084809737097 19.600000000002868 0.18558449077028022 0.034521243015698359 2.0686321759855786 11.43613772184373 5.2220671155490672 24.657941217167657 -0.2932677847601744 0.017787526302092131 -0.016032791840664581 -4.9668874172183735 0.25869086283192516 0.59630451259640005 0.070337285717325254 -0.016297542876901435 0.54388344149112722 -3.9196551311935997 -0.14194210289878106 -1.0006991016312807 1.8608848829211784 0.02603611580276655 0.078524866099409119 0.15607483717605874 0.089341950374214482 0.9691312435665782
decision_type=2 2 2 2 2 2 2 2 2 2 2 2 2 2 2 2 2 2 2 2 2 2 2 2 2 2 2 2 2 2
left_child=1 4 -3 5 9 17 24 -8 -9 11 -11 13 -13 15 -14 16 -1 -4 23 22 -21 -22 -20 -17 -2 -26 -7 28 -23 -6
right_child=6 2 3 -5 29 26 7 8 -10 10 -12 12 14 -15 -16 18 -18 -19 19 20 21 27 -24 -25 25 -27 -28 -29 -30 -31
leaf_value=0.0054876293765152894 0.009350118021901813 0.020830657661627783 0.027929474394754721 0.0050174625065649119 0.0063454309886307346 -0.023117653162070359 -0.028211520568057154 0.015577320210091552 -0.034166471548724486 -0.0058782071647327473 0.018033689528963327 -0.031684948697627925 0.023753415446764951 -0.037643883897907925 -0.0038245450604968748 0.036127325269985272 -0.049198192821077173 -0.0066508053091863754 0.0078808058244273227 0.038946523042493235 0.02856689722490794 -0.00069103151783120092 0.023562860547231321 0.013601235511990859 -0.030572621008670611 0.05107974488344439 0.04922405198043326 0.023174561581663887 -0.039705361601751789 -0.039947571004260392
leaf_weight=812.87119868397713 5297.5292836166918 157.67981885001063 24.984126195311546 16648.563979644328 23.019969627261162 7.0093167442828443 58.320016598328948 85.470929672941566 15.38906025700271 267.77191525697708 69.195153336971998 37.914290741086006 57.598074048757553 17.288607301190495 142.69648494757712 59.913731046020985 12.602801591157911 563.03213867545128 273.48610940761864 35.972745522856712 43.826972467824817 557.37861399166286 229.68751314096153 1472.3986444082111 31.574092045426369 5.7689182907342902 20.666811505332589 43.588099304586649 26.801940707489848 26.616415843367577
leaf_count=2317 12318 435 57 66367 53 45 274 227 79 895 168 156 121 86 452 119 59 2818 709 40 116 1898 488 3450 125 8 47 132 140 127
internal_value=0.0061264 0.00546243 0.00485747 0.00471158 0.0079655 -0.0035595 0.00874076 -0.00527502 0.00798749 0.00828095 -0.000967973 0.00909595 -0.00159067 0.00980587 0.00410596 0.0100357 0.00465272 -0.00518153 0.0116557 0.00807867 0.00312875 0.00121024 0.0150393 0.014482 0.00915896 -0.0179586 0.0309026 -0.00069964 -0.00248099 -0.0184782
internal_weight=27126.6 21632.6 17421.9 17264.3 4210.63 615.692 5494.05 159.18 100.86 4160.99 336.967 3824.03 238.209 3585.82 200.295 3568.53 825.474 588.016 2743.05 1210.74 707.568 671.596 503.174 1532.31 5334.87 37.343 27.6761 627.769 584.181 49.6364
internal_count=94326 81295 69769 69334 11526 2967 13031 580 306 11346 1063 10283 729 9554 573 9468 2376 2875 7092 3523 2326 2286 1197 3569 12451 133 92 2170 2038 180
is_linear=0
shrinkage=0.03


Tree=64
num_leaves=31
num_cat=0
split_feature=16 9 6 5 3 6 1 16 13 15 8 4 8 5 1 6 6 1 8 9 9 14 12 1 12 6 5 3 11 13
split_gain=1264.96 38.3286 40.8169 32.0337 43.8903 52.8999 44.5597 46.6039 40.633 40.1344 35.4245 35.0415 31.4376 31.1255 41.8068 31.1191 30.7836 30.3502 41.873 36.423 32.9071 29.6657 40.2134 27.9201 35.4273 36.1397 42.2436 39.2558 35.6663 33.27
threshold=0.099609374708175838 0.049249270845870073 84.121153414220373 0.021374329171348086 0.014800000000000592 43.721523114007255 -0.014498039782513903 0.39108272419378198 -0.056149480818124993 -0.18589463873865056 1.5558473000506605 1.7209300124391615 0.61120534657610037 -0.011051408392481749 -0.023767089597421239 56.12042962858775 67.586301642437832 0.0099680464357488913 1.0424649085384259 0.063900175106367293 0.074706640143608588 -0.070888547036897273 -0.22520571716703056 -0.021488101962169989 3.7086084809737097 29.523809523809543 0.0038906865778160706 0.22100000000000189 24.657941217167657 -0.49657062095935017
decision_type=2 2 2 2 2 2 2 2 2 2 2 2 2 2 2 2 2 2 2 2 2 2 2 2 2 2 2 2 2 2
left_child=-1 -2 3 12 5 9 21 8 17 -5 11 -7 13 14 -3 -13 -16 19 20 -8 -19 22 -6 24 25 28 27 -27 -14 -30
right_child=1 2 -4 4 6 10 7 -9 -10 -11 -12 15 23 -15 16 -17 -18 18 -20 -21 -22 -23 -24 -25 -26 26 -28 -29 29 -31
leaf_value=-0.030879681187996239 0.0081807024794140482 -0.043175063300199393 0.012509003524553754 0.027373095603750716 -0.047888304747899173 0.030609080641153062 0.033048768999880435 -0.020455681215639208 -0.01076115005720841 -0.034239589003328214 -0.00042500730259654746 -0.021486248223106779 0.016870121387874217 0.0052843201157568766 0.031800398554256488 0.017206313419437163 -0.0056088890258522419 -0.0027626576032371607 0.0098381368588434503 0.012125826446516188 -0.054461962294661846 -0.029263131184325712 0.015718597177447134 0.0039130076842517269 -0.022569922128768332 0.0012924150132638582 -0.011921788616701842 0.018988593750296375 0.05319666048782392 -0.0034741659826699836
leaf_weight=814.577730987221 13665.522117339075 8.1741145104169828 786.31206031143665 13.713669762015341 11.284213602542875 213.03930495679379 99.392874449491501 49.160631209611893 78.258899360895157 31.080277219414711 76.136530071496964 20.346758306026459 602.86619135737419 190.35522440075874 136.7260090559721 232.19380116462708 23.149036958813667 31.53298208117485 219.74464090168476 303.63848859071732 17.083778917789459 51.266087964177132 43.161948412656784 8632.8770277053118 32.277331605553627 308.08186234533787 122.77652512490749 178.00682608783245 10.004812419414518 136.90177831053734
leaf_count=29523 31192 29 1577 32 50 342 169 159 232 124 220 70 1353 450 190 454 59 79 526 732 70 208 109 24080 136 872 423 399 14 453
internal_value=0.00593962 0.00707892 0.0058896 0.00545122 0.00956311 0.0159551 0.00541844 0.00784071 0.00969633 -0.0153769 0.0185459 0.0216482 0.00486069 0.013591 0.0230003 0.0140889 0.0263837 0.0120809 0.0042642 0.0172857 -0.0209296 -0.0128854 0.00253578 0.00454854 0.00849303 0.009231 0.00380142 0.0077728 0.0136402 0.0003853
internal_weight=27139.6 26325.1 12659.5 11873.2 1491.03 586.51 904.525 798.812 749.652 44.7939 541.716 465.58 10382.2 358.404 168.049 252.541 159.875 671.393 268.361 403.031 48.6168 105.712 54.4462 10023.8 1390.92 1358.64 608.865 486.089 749.773 146.907
internal_count=94326 64803 33611 32034 3576 1242 2334 1967 1808 156 1086 866 28458 728 278 524 249 1576 675 901 149 367 159 27730 3650 3514 1694 1271 1820 467
is_linear=0
shrinkage=0.03


Tree=65
num_leaves=31
num_cat=0
split_feature=16 12 0 3 4 8 11 8 12 9 16 12 14 1 1 12 11 8 6 9 1 11 1 11 11 1 8 0 14 14
split_gain=1232.03 40.912 44.9948 41.5091 38.9939 33.0932 36.0081 34.936 34.422 32.2667 42.3968 45.5989 36.3532 29.4452 31.9478 29.2635 39.8863 28.1093 27.8688 28.2595 45.4852 48.1956 51.9286 38.5622 31.8328 28.3293 31.1297 28.7015 27.8235 28.7161
threshold=0.099609374708175838 -0.18999467351629859 0.0048289170618681663 1.2000000000000315 6.5604574198154317 0.86258315971476596 3.8644680164509841 1.7520895555846578 -0.40706128549086051 0.18558449077028022 0.22853084767818974 -0.59119395119972273 -0.037767966161874063 -0.0036818243707608662 0.00091583479108658949 -0.59119395119972273 -1.2227301157880619 1.4398016950360366 80.081724563594875 0.10102881698397119 -0.010217000849652989 -13.844896707951557 0.00061660922200890156 -4.6895425212311865 -1.2227301157880619 0.0012076383314357788 0.62569383888174512 -0.016781267414660125 -0.08067899621254894 -0.096838939137063915
decision_type=2 2 2 2 2 2 2 2 2 2 2 2 2 2 2 2 2 2 2 2 2 2 2 2 2 2 2 2 2 2
left_child=-1 2 9 13 17 6 8 -7 -5 18 11 12 -11 15 -15 16 -4 -3 19 -2 23 -22 -23 28 -25 -24 -27 -28 29 -21
right_child=1 4 3 5 -6 7 -8 -9 -10 10 -12 -13 -14 14 -16 -17 -18 -19 -20 20 21 22 25 24 -26 26 27 -29 -30 -31
leaf_value=-0.030852734534115144 0.0070272682142424646 0.0093455656437895357 -0.014590094807413419 -0.0030928082982591893 0.0038536170664321807 -0.017560515904623208 -0.055623142180823919 0.020144426224537795 0.0332852331535217 -0.012840757029534595 -0.027366346591428076 -0.021630005907528494 0.047317444929566958 0.015204714828573138 0.0033706545345739097 -0.016108352575762836 0.020223151410095071 0.0044497442167661348 0.01370120691435339 -0.0067706698681227872 0.015261729456518883 -0.019881198352711404 0.035305519006904554 0.039771608164326691 0.011508729630313306 0.038383493305084317 0.053130638923161631 -0.0064368349503613094 -0.022859838564817506 0.056964162210205782
leaf_weight=789.90967329964042 9159.1945069432259 11013.685366719961 53.443029046058655 58.940024256706238 1570.4219043403864 217.2979112714529 7.8000693917274466 24.622754752635956 38.834233641624451 13.424267791211603 57.516079761087894 28.649138271808624 27.68497458845377 248.95488028228283 1171.1956082135439 123.36826965212822 66.444928988814354 1167.3277787864208 515.44560018181801 17.841870501637462 101.84634611010551 185.02703566104174 19.620869532227516 48.666253253817558 136.3640910834074 16.102928414940834 7.5051286518573752 242.64422668516636 41.479059308767319 9.8884553462266904
leaf_count=29482 22921 24983 188 157 3918 774 32 68 67 51 251 109 48 597 3249 420 163 3201 1031 57 257 666 42 91 361 20 13 827 153 14
internal_value=0.00606537 0.00717035 0.00593833 0.00182322 0.00830279 -0.00760702 0.00640735 -0.0137229 0.0113559 0.00671687 -0.00829767 0.00742453 0.0276727 0.00379325 0.00544519 -0.00585092 0.00470428 0.00887639 0.00689884 0.00654773 0.00123665 -0.00345092 -0.0074981 0.0117967 0.0189424 0.000516673 -0.00204701 -0.00464966 -0.00730708 0.0159568
internal_weight=27181.1 26391.2 12639.8 2010.9 13751.4 347.495 105.574 241.921 97.7743 10628.9 127.274 69.7584 41.1092 1663.41 1420.15 243.256 119.888 12181 10501.6 9986.18 826.986 572.747 470.9 254.24 185.03 285.873 266.252 250.149 69.2094 27.7303
internal_count=94211 64729 32627 5715 32102 1098 256 842 224 26912 459 208 99 4617 3846 771 351 28184 26453 25422 2501 1825 1568 676 452 902 860 840 224 71
is_linear=0
shrinkage=0.03


Tree=66
num_leaves=31
num_cat=0
split_feature=16 9 8 6 8 5 6 4 16 1 5 3 5 5 3 13 11 5 5 12 12 1 4 1 9 5 8 3 5 13
split_gain=1182.28 39.3187 41.1529 44.4857 37.4883 76.205 38.8148 36.1483 43.1979 37.1972 34.9445 44.4875 34.2061 37.5555 34.8926 32.4857 32.0296 50.117 36.1837 56.2401 33.357 35.9134 49.3298 33.0129 31.8418 31.0655 30.4797 30.1141 46.4083 39.6253
threshold=0.099609374708175838 0.062078259512435709 1.0000000180025095e-35 1.0000000180025095e-35 0.51283230772526311 -0.0061232717238747436 85.12447712056894 5.6363635851240383 0.50979288096840747 0.0010118726435685013 -0.0040318582261517624 78.900000000005107 0.020187218564022748 0.01174982360559393 0.0023949999999998699 -0.5162872973942142 -16.864875650492674 -0.021549667297254643 -0.0078973314420869457 -1.0350363301792298 -0.83118759658468599 0.014275529011354317 1.0503978778402414 0.0044592945531974912 0.098140195018211626 0.03102839188186501 0.63155102729462398 0.10399999999999955 0.032561709129534488 -0.18655124144319887
decision_type=2 2 2 2 2 2 2 2 2 2 2 2 2 2 2 2 2 2 2 2 2 2 2 2 2 2 2 2 2 2
left_child=-1 2 3 -2 5 -3 7 8 9 -6 16 27 13 -4 -14 -16 17 23 20 -20 21 -18 -23 -11 -8 -26 -17 -12 29 -29
right_child=1 4 12 -5 6 -7 24 -9 -10 10 11 -13 14 -15 15 26 18 -19 19 -21 -22 22 -24 -25 25 -27 -28 28 -30 -31
leaf_value=-0.030826831349563703 0.044375120072031392 0.030415904419959897 0.0080163967217903639 -0.040421020298645166 0.0075847572298466349 -0.022936441813828638 0.002988146819042802 -0.00018291473315249922 -0.022858741231577964 0.034393146689783639 0.0087991741790500299 -0.035489646917416878 -0.0079024387949224832 0.0028646993641905155 -0.013079674891490626 -0.060987085035878928 -0.024190943122993365 0.02427563502744462 0.030269036314038784 -0.026013351267251048 0.0019080099843417487 -0.03464770662876214 0.032030224813113024 -0.039136929331854663 0.022693217389553478 0.00097892973259858479 0.019923675739488996 -0.0016396050010702319 -0.023652947231369428 0.014803331522928833
leaf_weight=767.19872583262622 6.8811373114585868 123.60124316811562 15560.085483580828 29.181499429047108 3769.7901739552617 29.928834572434425 193.63458240032196 1236.9083901643753 48.391405314207077 7.3281815499067333 1259.9416070282459 23.479475826025009 54.148729845881462 1387.0769646167755 29.692489415407181 4.2264702618122092 97.188094384968281 92.508633181452751 18.7238729596138 108.98815026879311 732.03986128419638 15.418072819709776 28.342859260737896 21.972024954855442 280.65804858505726 75.180397793650627 489.01083736121655 425.24531604349613 62.582795709371567 191.214878693223
leaf_count=29482 17 164 36029 167 10065 104 435 3653 180 16 2974 95 143 3445 84 17 414 202 40 403 2353 74 72 102 474 180 944 1215 215 453
internal_value=0.00588517 0.00695191 0.00777344 -0.024241 0.00532053 0.0200155 0.00506089 0.00453996 0.0053862 0.0055856 0.00314266 0.00555744 0.00783933 0.00759474 0.015022 0.0173958 -0.00107907 0.0134459 -0.0028471 -0.0177618 -0.000665192 -0.0140295 0.00853792 -0.0207466 0.0127781 0.0181055 0.0192304 0.00605449 0.000961817 0.0034607
internal_weight=27170.6 26403.4 17560.3 36.0626 8843.07 153.53 8689.54 8140.06 6903.16 6854.76 3084.97 1962.46 17524.2 16947.2 577.079 522.93 1122.51 121.809 1000.7 127.712 872.989 140.949 43.7609 29.3002 549.473 355.838 493.237 1938.98 679.043 616.46
internal_count=94211 64729 40846 184 23883 268 23615 22526 18873 18693 8628 4952 40662 39474 1188 1045 3676 320 3356 443 2913 560 146 118 1089 654 961 4857 1883 1668
is_linear=0
shrinkage=0.03


Tree=67
num_leaves=31
num_cat=0
split_feature=16 12 2 3 5 5 11 3 8 8 4 3 3 8 11 8 12 9 16 12 14 15 3 14 12 16 8 1 1 8
split_gain=1134.89 38.4041 41.6698 38.8657 36.7316 40.6152 50.5053 46.0255 34.4696 32.253 32.9134 44.3545 31.1899 31.0339 33.9661 33.0909 32.2069 29.8505 40.364 42.9896 33.814 29.8503 31.9425 29.5665 28.9547 29.4742 30.6923 28.0029 29.788 27.7045
threshold=0.099609374708175838 -0.18999467351629859 0.0048172952407261717 1.2000000000000315 -0.051750064509624188 -0.015070436018479684 -5.6440550607196487 0.08699999999999998 0.92876618180496007 1.4847894243702215 6.5604574198154317 0.17099999999999985 787.15000000000521 0.86258315971476596 3.8644680164509841 1.7520895555846578 -0.40706128549086051 0.18558449077028022 0.22853084767818974 -0.59119395119972273 -0.037767966161874063 -0.3107638772607435 0.0071000000000007732 0.076910554624664659 -0.1535451362374817 0.21311772499310516 1.1129772828505498 -0.0036818243707608662 -0.0017239941611271179 0.94950501379964158
decision_type=2 2 2 2 2 2 2 2 2 2 2 2 2 2 2 2 2 2 2 2 2 2 2 2 2 2 2 2 2 2
left_child=-1 2 17 27 -3 6 -6 23 -9 10 12 -12 21 14 16 -15 -5 -2 19 20 -19 22 -7 -8 -13 26 -26 -4 -29 -14
right_child=1 4 3 13 5 9 7 8 -10 -11 11 24 29 15 -16 -17 -18 18 -20 -21 -22 -23 -24 -25 25 -27 -28 28 -30 -31
leaf_value=-0.030801735599820867 0.0064711622629171767 0.022292872238698361 -0.0059124473521060808 -0.0031887800356757514 0.016490768862645687 -0.012378837459223562 -0.0026096711319284864 0.018342164852605179 0.0025407962884724101 0.002406850088963115 0.0072887049977411137 0.032860959842154647 0.011215055719925116 -0.017241092577949486 -0.054415223857051817 0.019360833055134287 0.031968386891838459 -0.01256665561772626 -0.026893948401522625 -0.021218025579199485 0.045436527716675154 0.0098749891904521669 0.0060669093890256135 -0.027618035623405979 -0.0081410171324524452 -0.020077074872114208 0.019758625809396992 0.02085687452413924 0.0039046164916570003 -0.017015185409609807
leaf_weight=745.1220284588635 10514.729044236243 156.41703543066978 243.31971395015717 58.922582596540451 218.5761788636446 100.42485103011131 681.48429630696774 172.78215980529785 442.32338623702526 791.12905566394329 957.41922196745872 16.467936366796494 53.175906822085381 216.50700969994068 7.7564005106687537 24.773890241980553 38.955383270978928 13.371669374406336 57.029980100691319 28.507115229964256 27.959141433238983 9225.2393638342619 532.58432392776012 45.380499690771103 128.30533882975578 112.08585821092129 49.055574879050255 100.37447735667229 1321.5061945617199 76.006815284490585
leaf_count=29482 26453 286 771 157 473 290 1976 346 1292 2175 2224 27 111 774 32 68 67 51 251 109 48 20456 1269 166 342 341 102 224 3622 226
internal_value=0.00571084 0.00674089 0.00554804 0.00158891 0.00783793 0.00767171 0.00311799 0.000939873 0.00697938 0.00826184 0.00867355 0.00411125 0.00925065 -0.00754591 0.00601493 -0.0134829 0.0108038 0.00629663 -0.00816831 0.00712313 0.0266709 0.00944256 0.00314055 -0.00417102 -0.00583322 -0.00803471 -0.000424362 0.00349199 0.00510132 -0.00539468
internal_weight=27157.7 26412.6 12653.7 2012.12 13758.9 13602.4 1560.55 1341.97 615.106 12041.9 11250.8 1263.33 9987.43 346.915 105.634 241.281 97.878 10641.6 126.868 69.8379 41.3308 9858.25 633.009 726.865 305.915 289.447 177.361 1665.2 1421.88 129.183
internal_count=94211 64729 32627 5715 32102 31816 4253 3780 1638 27563 25388 3036 22352 1098 256 842 224 26912 459 208 99 22015 1559 2142 812 785 444 4617 3846 337
is_linear=0
shrinkage=0.03


Tree=68
num_leaves=31
num_cat=0
split_feature=16 12 0 3 8 5 5 11 3 11 8 9 1 5 11 8 4 3 3 11 9 16 12 14 14 3 8 12 16 8
split_gain=1089.66 36.2063 39.1478 36.0272 42.9868 34.6445 38.196 47.439 43.2974 34.0978 32.4523 34.8247 37.1622 33.8043 30.3794 30.3484 30.9618 41.7243 29.3343 29.2681 28.0549 38.3592 40.3957 31.4539 28.0221 27.8604 27.2383 27.223 27.766 28.8503
threshold=0.099609374708175838 -0.18999467351629859 0.0049350331059604411 0.26600000000000362 0.86258315971476596 -0.051750064509624188 -0.015070436018479684 -5.6440550607196487 0.08699999999999998 4.4642857142856665 0.77236094361008389 0.074031950933021132 -0.022157752535945759 -0.030843917332845448 16.729375428435027 1.4847894243702215 6.5604574198154317 0.17099999999999985 787.15000000000521 13.932822678046966 0.18558449077028022 0.22853084767818974 -0.59119395119972273 -0.037767966161874063 0.076910554624664659 0.79300000000000026 1.8608848829211784 -0.1535451362374817 0.21311772499310516 1.1129772828505498
decision_type=2 2 2 2 2 2 2 2 2 2 2 2 2 2 2 2 2 2 2 2 2 2 2 2 2 2 2 2 2 2
left_child=-1 2 20 -4 9 -3 7 -7 24 -5 -10 12 25 19 -14 16 18 -18 -8 -13 -2 22 23 -22 -9 -12 -6 -19 29 -29
right_child=1 5 3 4 26 6 15 8 10 -11 11 13 14 -15 -16 -17 17 27 -20 -21 21 -23 -24 -25 -26 -27 -28 28 -30 -31
leaf_value=-0.030777421009887725 0.0062611551910464495 0.021647048829799259 0.0038309842317085052 0.010752014684274664 -0.013901399984724026 0.015974779362941113 0.0091572642716161983 -0.0025325089904526554 0.024149329482472795 -0.052424627028378169 0.02489649387815264 0.0048173980604468867 -0.0097928793485239501 0.015383995332488763 -0.052862027675402316 0.002333786512700109 0.0070680557757513487 0.031837568945712949 -0.0052359740684135379 -0.034096115061961862 -0.012240265621013253 -0.026343531437432479 -0.020709079501366183 0.043704933585073998 -0.026944076370880966 -0.016842328894754927 0.020265152628889671 -0.0078977996883129262 -0.019489636680900025 0.019138320976389563
leaf_weight=723.66298640146852 10570.502168700099 156.25354787707329 1473.1762731447816 147.74206705391407 312.60888993740082 218.86265031993389 9860.3880439177155 681.18535521626472 83.535006105899811 8.1108417212963086 46.624129578471184 59.30051226913929 111.4127137362957 252.17534971237183 16.987097278237343 791.4154949337244 957.68435324728489 16.487047433853149 129.10750539600849 24.616576224565506 13.317218273878096 56.483252711594105 28.334121704101562 28.191197574138641 45.124052658677101 20.820101335644722 22.512380316853523 128.28911624848843 112.00156502425671 49.125082358717918
leaf_count=29482 26576 286 4050 337 1109 473 22015 1976 148 34 91 166 335 653 71 2175 2224 27 337 106 51 251 109 48 166 68 62 342 341 102
internal_value=0.00554144 0.00653615 0.00537837 0.0014854 -0.00555257 0.00760135 0.00744003 0.00302412 0.000911687 0.0074642 0.0067659 0.00403602 -0.00601961 0.00989552 -0.0154909 0.00801222 0.00841158 0.00398704 0.00897124 -0.00659765 0.0060932 -0.0079608 0.00690574 0.0257559 -0.00404915 0.0120117 -0.0116062 -0.00565864 -0.00779467 -0.000411636
internal_weight=27146 26422.4 12661 1964.15 490.974 13761.4 13605.1 1560.64 1341.78 155.853 615.471 531.936 195.844 336.092 128.4 12044.5 11253.1 1263.59 9989.5 83.9171 10696.8 126.326 69.8425 41.5084 726.309 67.4442 335.121 305.903 289.416 177.414
internal_count=94211 64729 32627 5592 1542 32102 31816 4253 3780 371 1638 1490 565 925 406 27563 25388 3036 22352 272 27035 459 208 99 2142 159 1171 812 785 444
is_linear=0
shrinkage=0.03


Tree=69
num_leaves=31
num_cat=0
split_feature=16 9 8 6 12 8 6 1 6 15 12 6 0 12 8 6 15 12 11 3 16 9 13 8 15 12 6 9 3 8
split_gain=1046.52 35.6165 38.954 42.0145 35.8072 36.36 36.2262 31.4756 34.3707 32.0224 38.0074 31.0996 44.6466 29.7731 35.1856 42.2851 39.5373 50.2734 35.7332 40.5072 50.4594 35.2868 56.8863 39.9354 32.8913 31.9565 29.6258 29.4294 29.2444 44.2858
threshold=0.099609374708175838 0.062078259512435709 1.0000000180025095e-35 1.0000000180025095e-35 -1.3734552238411337 0.51283230772526311 85.12447712056894 0.0011149814965624174 16.845378227940504 -0.20038653868746667 -0.68300603228287204 12.108174392657149 -0.011904203854124327 1.5463843585294847 0.89416406014995675 42.930812871199393 0.082836938064596147 -0.98950904616109636 0.20241518210252221 30.730000000000249 0.24365345087394788 0.046235237910603168 -0.2928774587840195 0.58783537624970628 -0.30436012563685572 -1.2111317741863037 18.752067096143367 0.098140195018211626 0.0007399999999999769 1.1447169838619089
decision_type=2 2 2 2 2 2 2 2 2 2 2 2 2 2 2 2 2 2 2 2 2 2 2 2 2 2 2 2 2 2
left_child=-1 2 3 -2 -3 -6 7 11 -9 10 -10 12 -7 14 15 21 -17 -18 19 -16 -21 22 -4 -23 -22 -24 -15 -8 29 -20
right_child=1 4 13 -5 5 6 27 8 9 -11 -12 -13 -14 26 18 16 17 -19 28 20 24 23 25 -25 -26 -27 -28 -29 -30 -31
leaf_value=-0.03075386205819497 0.041553894924438818 -0.019614086897242471 -0.0042571922902706017 -0.040182135445516798 0.019528200419711261 0.018363640846656561 0.0027143233262694314 -0.03330449961054173 0.0081789346994531088 0.0029316055620443814 -0.023000863177210472 0.0063773480671281578 -0.015296070798342845 -0.010261166235272802 0.001422490807638867 0.011215354789168014 -0.017156090366659986 0.0066421511107952807 0.0041297510980935594 0.0038307400153683195 -0.055733845170661891 -0.04420844758000339 -0.035484994692447869 0.012424163098291946 0.027414522096005339 0.0074665739750818944 0.010626519018934851 0.0172821813686574 0.006367794872074054 0.029039570264278634
leaf_weight=702.80537539720535 7.044136866927146 53.798133917152882 655.68145427107811 28.804081119596958 151.03748336434364 48.38224758207798 192.63473662734032 24.506849095225334 56.502541184425354 3461.2670787274837 93.261928513646126 4287.4545636028051 132.84788082540035 62.605087578296661 2712.9929707348347 3781.81624956429 86.512814953923225 1043.543045386672 126.37900099158287 291.29402185976505 4.4074641466140738 11.43294210731983 15.81241227686405 565.6225109398365 150.05363492667675 1107.9732492566109 2563.9014178514481 354.44265481829643 4228.6240661293268 130.62770490348339
leaf_count=29482 17 223 1692 167 265 111 432 105 156 9610 325 11525 477 176 7133 8030 257 2310 299 731 18 42 56 1250 276 2502 5427 654 10219 244
internal_value=0.00537712 0.00633784 0.00711957 -0.0241211 0.00478647 0.0049356 0.00468084 0.00417645 0.00210365 0.00234396 -0.0112375 0.0058628 -0.00631008 0.00718343 0.0066647 0.00815913 0.00974406 0.00482025 0.00524377 0.00279955 0.0111807 0.00485557 0.00276504 0.0113021 0.0250419 0.00686222 0.0101286 0.0121526 0.00696497 0.0167906
internal_weight=27134.1 26431.3 17575.1 35.8482 8856.14 8802.34 8651.3 8104.22 3635.54 3611.03 149.764 4468.68 181.23 17539.3 14912.8 7268.39 4911.87 1130.06 7644.38 3158.75 445.755 2356.52 1779.47 577.055 154.461 1123.79 2626.51 547.077 4485.63 257.007
internal_count=94211 64729 40846 184 23883 23660 23395 22309 10196 10091 481 12113 588 40662 35059 16139 10597 2567 18920 8158 1025 5542 4250 1292 294 2558 5603 1086 10762 543
is_linear=0
shrinkage=0.03


Tree=70
num_leaves=31
num_cat=0
split_feature=16 9 8 5 5 1 8 6 4 3 13 7 1 9 16 1 5 9 3 4 13 4 16 14 3 1 16 1 11 8
split_gain=983.58 38.3932 51.7429 44.588 35.7945 44.564 35.8493 34.9788 34.4734 33.6277 34.1872 32.4534 34.7387 45.5016 31.8435 31.2329 30.214 43.6783 32.8406 30.7723 26.7985 91.4451 44.6961 33.9206 29.165 26.3144 25.8377 56.7783 54.6811 34.7207
threshold=0.099609374708175838 0.062078259512435709 0.59630451259640005 0.020187218564022748 0.0075284458169295005 -0.025720477781977277 1.0000000180025095e-35 1.0000000180025095e-35 5.6363635851240383 0.0023949999999998699 -0.5162872973942142 0.75000000000000011 -0.0041831634220820249 0.050860997312667952 0.22853084767818974 0.0022000895943524727 -0.0093829508959652596 0.10706899505820609 2.0100000000000056 4.7946955238424973 -0.25225760536716763 1.1044775995767251 0.10344827557879217 -0.13136115938357831 139.85000000000585 -0.006936974028547426 0.23663289337328705 0.0056082027319156466 12.278891851728615 1.6128561836170705
decision_type=2 2 2 2 2 2 2 2 2 2 2 2 2 2 2 2 2 2 2 2 2 2 2 2 2 2 2 2 2 2
left_child=-1 3 16 4 6 -6 7 -2 26 15 -11 -8 13 -13 20 -5 -3 18 19 -18 22 23 -7 -22 -25 -15 27 28 -4 -28
right_child=1 2 8 9 5 14 11 -9 -10 10 -12 12 -14 25 -16 -17 17 -19 -20 -21 21 -23 -24 24 -26 -27 29 -29 -30 -31
leaf_value=-0.030731207436518432 0.037036620639810329 0.02555199481920583 0.0035047564064395243 -0.036109207495173358 -0.028365610104017579 -0.034297628814166481 0.0061660264477113947 -0.035477134830146799 -0.00077523748784844092 -0.014048416371356506 0.019120001948368066 0.023794043714939983 0.0085555687781480594 0.0091856934735658081 0.0085268655999689216 0.011293665401288849 -0.035789429353506409 0.034442428815266005 0.024953530849072567 0.014292466000269137 0.0055711785958468801 0.002078413967309985 0.0061701360424184773 -0.034463175372670136 0.010547141437502001 -0.036231310238327478 0.0071608489655835567 -0.0027104884412791838 0.016587088085648845 -0.0028415293665966352
leaf_weight=682.42208171077073 7.3815103620290747 157.76518628001213 2006.4866681993008 21.249315097928047 39.435783699154854 25.179855108261108 10508.971413597465 31.689843989908695 1294.9331042692065 29.691922202706337 481.60632583498955 269.45581769943237 3176.2723723948002 31.179273933172226 879.5522154122591 30.415643349289894 36.411705031991005 30.951780773699284 19.577227190136909 15.847637474536894 31.099828138947487 907.28400944173336 1003.7883491665125 113.93190558254719 14.61872325837612 18.173870116472244 3445.7565401047468 1171.1932584941387 335.64892414212227 343.47171784937382
leaf_count=29471 18 238 5606 74 145 93 25068 181 3776 84 926 476 6801 76 1946 63 127 46 34 33 74 2231 2380 397 31 67 8622 3607 822 1067
internal_value=0.0048298 0.00574629 0.00413511 0.00655623 0.00628207 0.00331614 0.00691882 -0.0217776 0.00373596 0.0148631 0.0171939 0.00699889 0.00950313 0.0189436 0.00373604 -0.00820269 0.017306 0.00464958 -0.00818707 -0.0206021 0.00172556 -0.00160581 0.00517985 -0.022543 -0.0293446 -0.00753873 0.00453591 0.00268269 0.00537957 0.00625419
internal_weight=27161.4 26479 8858.04 17621 17058 3014.89 14043.1 39.0714 8597.49 562.963 511.298 14004.1 3495.08 318.809 2975.45 51.665 260.554 102.788 71.8366 52.2593 2095.9 1066.93 1028.97 159.65 128.551 49.3531 7302.56 3513.33 2342.14 3789.23
internal_count=94580 65109 23978 41131 39984 7297 32687 199 23500 1147 1010 32488 7420 619 7152 137 478 240 194 160 5206 2733 2473 502 428 143 19724 10035 6428 9689
is_linear=0
shrinkage=0.03


Tree=71
num_leaves=31
num_cat=0
split_feature=16 9 12 8 5 5 12 6 8 11 15 5 0 3 13 15 0 5 5 16 6 3 0 5 8 6 1 5 3 4
split_gain=945.663 36.1415 67.0726 51.0618 41.9824 33.7475 34.7421 35.9004 41.8357 36.792 44.3949 38.0564 32.2346 31.6355 32.1689 30.3507 38.2074 34.0646 50.1184 44.9442 58.5103 39.7246 32.7822 37.6961 45.7742 30.1781 34.1813 39.3043 48.5092 63.0242
threshold=0.099609374708175838 0.062078259512435709 -1.3734552238411337 0.59630451259640005 0.020187218564022748 0.0099529283259312228 0.79086141637122187 41.110385863108384 0.9341310479369529 -0.23013320445742222 0.10023424933945065 -0.025568977496928158 -0.012269289790515557 0.0023949999999998699 -0.5162872973942142 0.071233577683905494 -0.0061915471718252948 -0.00068532282775371695 0.0078618726352952025 0.31530114933211317 80.081724563594875 0.064649999999999888 -0.0013839225608789916 -0.0051118835853642816 0.75208220117394309 85.12447712056894 0.0037719722151632333 0.0093207174844457067 0.11600000000000012 1.0769230562130183
decision_type=2 2 2 2 2 2 2 2 2 2 2 2 2 2 2 2 2 2 2 2 2 2 2 2 2 2 2 2 2 2
left_child=-1 4 -3 -4 5 6 7 9 12 -2 11 -11 -9 -6 -15 -14 -17 19 -19 20 22 -20 -18 24 -24 26 -5 -28 29 -29
right_child=1 2 3 25 13 -7 -8 8 -10 10 -12 -13 15 14 -16 16 17 18 21 -21 -22 -23 23 -25 -26 -27 27 28 -30 -31
leaf_value=-0.030709081480961478 0.00013425444265354237 -0.031892831724664061 0.017357049343045095 0.0048794901657116911 -0.0079664858216450668 0.0023971596928713218 0.0090041608349256085 -0.02562454242858014 0.0042007566479440959 -0.042932415915924796 0.019134818209050091 0.0049756152264702732 0.010332263108879658 -0.01363102781500476 0.01854797391271773 -0.040091366196938628 0.015296517853605425 0.013040851189133607 -0.053160993281393294 -0.03882189871447244 0.036154647868992251 0.0023027523746877135 -0.013848978585265162 -0.017757750617072736 0.012545655449609724 0.010625281813703846 -0.0021941767025291823 0.017093511774831989 -0.0040027097201436688 0.0015393934614342296
leaf_weight=662.72341895662248 1752.2726339697838 46.584754519164562 257.69810603559017 4948.5264067873359 51.603838264942169 1967.488117992878 3920.6290674507618 24.46718493103981 3116.1489771604538 15.068414509296415 212.30986930429935 1545.534927636385 3370.6181161925197 29.683197483420372 481.56591166555882 16.913138672709465 88.276991114020348 533.29283213615417 18.591015353798866 25.709976077079773 41.096094578504562 31.004193648695946 98.584028571844101 134.6341364979744 147.76862855255604 546.34489125013351 1700.6478457450867 417.36267656087875 408.42897689342499 534.98298808932304
leaf_count=29471 4522 209 471 13504 137 4846 8511 79 7811 58 437 3818 7295 84 926 60 184 1079 71 88 52 73 281 394 325 1103 5368 839 1156 1328
internal_value=0.0046871 0.00557284 0.00400989 0.00419964 0.00635866 0.0060927 0.00657444 0.0057218 0.00687642 0.00321709 0.00626403 0.00451304 0.0087166 0.01442 0.0166797 0.00890305 0.00466197 0.00533842 0.0103582 -0.000119757 0.00182991 -0.0184881 -0.0011761 -0.00499291 0.0019832 0.00380337 0.00333806 0.000846469 0.00464656 0.00835594
internal_weight=27146.6 26483.8 8860.58 8813.99 17623.3 17060.4 15092.9 11172.3 7647.11 3525.19 1772.91 1560.6 4530.96 562.853 511.249 4506.49 1135.87 1118.96 582.888 536.07 510.36 49.5952 469.264 380.987 246.353 8556.29 8009.95 3061.42 1360.77 952.346
internal_count=94580 65109 23978 23769 41131 39984 35138 26627 17792 8835 4313 3876 9981 1147 1010 9902 2607 2547 1223 1324 1236 144 1184 1000 606 23298 22195 8691 3323 2167
is_linear=0
shrinkage=0.03


Tree=72
num_leaves=31
num_cat=0
split_feature=16 9 12 12 6 9 1 3 16 1 15 14 16 7 13 1 14 4 13 3 11 9 13 11 15 3 16 3 6 7
split_gain=909.437 34.0112 63.7019 28.0542 28.033 35.6984 38.3627 49.3445 29.9425 30.0652 28.1722 31.7993 26.753 34.814 33.3821 28.4841 35.3129 34.3663 37.0368 32.8561 25.9526 25.3242 30.3684 39.7775 29.8496 29.2975 24.1336 24.031 38.0889 22.8628
threshold=0.099609374708175838 0.062078259512435709 -1.3734552238411337 3.0310027826919428 85.12447712056894 0.098140195018211626 0.01365557792218264 0.71000000000002228 0.47607378873594641 0.0037719722151632333 0.026935059543041796 0.14811804142571169 0.18335599334884431 -0.74999999999999989 -0.15670321269789031 0.019256666086376332 -0.045877991178184217 0.44285713963060275 -0.24428549937575242 0.041999999999999878 -3.7853319874533269 0.078125003247616148 -0.11427103770119942 -5.7903914906114737 0.034192633635523002 0.00044000000000000294 0.10146161202850579 787.15000000000521 66.549295774647973 -0.74999999999999989
decision_type=2 2 2 2 2 2 2 2 2 2 2 2 2 2 2 2 2 2 2 2 2 2 2 2 2 2 2 2 2 2
left_child=-1 3 -3 27 8 6 7 -6 9 10 11 26 13 14 -11 17 -17 18 19 -15 -10 22 23 -12 -23 -24 -4 -2 -29 -28
right_child=1 2 4 -5 5 -7 -8 -9 20 12 21 -13 -14 15 -16 16 -18 -19 -20 -21 -22 24 25 -25 -26 -27 29 28 -30 -31
leaf_value=-0.030687640161846962 0.006010522701480444 -0.031307054718769427 -0.02527082382556366 0.011986860590218053 0.00039639895848132107 0.016364646898873254 0.01214320273110601 -0.048435144290531258 0.018314171292444361 0.035331594140401337 -0.012969278805996109 -0.033893992411845604 0.0034356056796762159 0.017957383077795923 -0.017314161980233167 0.018981410625411664 -0.003091884025965197 -0.011240393098930717 0.035597962502902515 -0.018432630293919876 -0.016288015948375756 0.027584923685801142 -0.020348214241275791 0.017597231690313412 0.0030195223160556172 0.034313839742806287 -0.0012194860985811522 0.00022796194366555981 -0.046307611448687891 0.0055324420243806297
leaf_weight=643.57956073060632 16804.644109755754 46.040974497795105 24.306233868002892 715.2800752222538 62.282234326004982 352.48120200634003 112.94863063097 26.569410979747772 23.586811244487762 39.277651071548462 50.354550659656525 19.466910555958748 2136.2743176370859 38.987930580973625 14.972077190876005 92.554692447185516 220.93825142085552 489.46014688909054 29.877629160881042 52.265099927783012 112.81603282690048 50.41626749932766 9.6554484218358976 160.27897083759308 380.51107347011566 102.56971372663975 514.08314009010792 85.401688545942307 19.431314885616302 3698.8472460284829
leaf_count=29471 39368 209 88 1470 141 653 222 99 51 84 161 76 5715 96 55 228 681 1622 62 196 380 105 33 368 1061 184 1578 222 71 9830
internal_value=0.00454889 0.00540508 0.00388901 0.00616736 0.00407282 0.010604 0.00054189 -0.0142058 0.00363463 0.00386864 0.00530744 0.00436081 0.00155403 -0.00255454 0.0208022 -0.00392573 0.00342497 -0.00769976 0.00660709 -0.00288497 -0.0103046 0.0106531 0.0170059 0.0102899 0.00589355 0.0296109 0.00453657 0.0059212 -0.00839764 0.00470854
internal_weight=27130.2 26486.6 8861.82 17624.8 8815.78 554.281 201.8 88.8516 8261.5 8125.1 5010.49 4256.7 3114.61 978.333 54.2497 924.084 313.493 610.591 121.131 91.253 136.403 753.786 322.859 210.634 430.927 112.225 4237.24 16909.5 104.833 4212.93
internal_count=94580 65109 23978 41131 23769 1115 462 240 22654 22223 13484 11572 8739 3024 139 2885 909 1976 354 292 431 1912 746 529 1166 217 11496 39661 293 11408
is_linear=0
shrinkage=0.03


Tree=73
num_leaves=31
num_cat=0
split_feature=16 8 11 5 3 4 8 5 12 4 12 16 9 1 13 9 13 6 4 11 9 11 15 8 9 5 1 6 15 15
split_gain=874.764 33.441 47.5292 41.1474 40.8729 38.7505 61.4677 37.7157 37.2401 38.4247 35.5354 37.3091 47.7627 34.3599 39.2646 32.6738 59.0284 41.2453 31.0884 30.7544 30.4623 29.2325 42.8455 31.8101 29.0028 36.281 43.5471 30.8275 28.4071 28.3606
threshold=0.099609374708175838 0.99103870453598708 1.7611775247764807 0.019663011120225483 0.00069999999999995077 4.7946955238424973 1.293022701505919 0.0078618726352952025 -0.66986743089370304 0.16208471102268177 -0.46812409540814076 0.37723155343562037 0.12121601605712372 0.00022895175131187886 -0.5162872973942142 0.11879553938119898 -0.56388146100704706 85.12447712056894 0.16208471102268177 44.980734828677662 0.096959070711686038 -1.7811297950256986 0.12030924899695883 0.9994702106902259 0.14083898534907374 -0.038280833824339 -0.010217000849652989 78.322425625351812 -0.21939237239241707 0.056632826604116913
decision_type=2 2 2 2 2 2 2 2 2 2 2 2 2 2 2 2 2 2 2 2 2 2 2 2 2 2 2 2 2 2
left_child=-1 3 5 7 28 10 -7 24 9 -9 -3 21 -13 14 18 16 -5 -17 -10 -6 29 -12 23 -23 25 26 -2 -27 -4 -11
right_child=1 2 4 15 19 6 -8 8 13 20 11 12 -14 -15 -16 17 -18 -19 -20 -21 -22 22 -24 -25 -26 27 -28 -29 -30 -31
leaf_value=-0.030666861458412891 -0.0044143434002954325 0.0002197771308219098 -0.014132524485752624 -0.046218420608395906 0.0054009042667509839 -0.0087318944595366679 0.009309675778228433 0.031526618254132964 0.022696134777617349 -0.0020039013863595648 0.0076947095244111656 0.026245750123707903 -0.0068117352151975509 0.00029879634634419805 0.011458849681099855 -0.031342858166796043 0.017765611864598883 0.042051665068649081 -0.031358340277091966 -0.0076726144653104641 -0.051909238668885485 -0.045362409074666911 -0.021852050952385668 0.0032770234627795833 -0.0077009725007972062 0.0061652093746633893 0.034368991376718235 0.0130646676882609 0.018205447371797839 -0.021061669829096536
leaf_weight=624.97570525854826 37.110465511679649 1985.0140357688069 26.496955573558807 13.315834850072859 7047.759628623724 641.87559698522091 231.16671874374151 23.963674992322922 13.16319367289543 329.22208370268345 1025.8134960234165 156.13284163177013 52.58422863483429 839.63257360458374 617.94176350533962 27.699768140912056 509.33848172426224 9.1732205152511579 35.137314662337303 165.75256326794624 13.468638300895689 12.349065735936163 74.05364128947258 603.0911251604557 126.98723687976599 10764.792672678828 87.474210605025291 616.20452429354191 316.16422198712826 89.350058540701866
leaf_count=29471 91 5874 84 50 17876 1969 633 41 25 848 2554 278 151 2012 1333 100 978 12 118 546 57 46 239 1568 408 24946 136 1180 677 279
internal_value=0.00441414 0.00524173 0.00410013 0.00623688 0.00558139 0.00175958 -0.00395479 0.00590872 0.00206101 -0.00545004 0.00303583 0.00594114 0.0179172 0.00433548 0.00942271 0.0142099 0.0161355 -0.0130839 -0.016627 0.0051005 -0.007501 0.0044839 -0.000293061 0.00230105 0.00655765 0.00671503 0.0228165 0.00653877 0.0157048 -0.00607205
internal_weight=27117.2 26492.2 12338.3 14154 7556.17 4782.08 873.042 13594.4 1961.88 456.004 3909.04 1924.02 208.717 1505.87 666.242 559.527 522.654 36.873 48.3005 7213.51 432.041 1715.31 689.494 615.44 11632.6 11505.6 124.585 11381 342.661 418.572
internal_count=94580 65109 32495 32614 19183 13312 2602 31474 4713 1225 10710 4836 429 3488 1476 1140 1028 112 143 18422 1184 4407 1853 1614 26761 26353 227 26126 761 1127
is_linear=0
shrinkage=0.03


Tree=74
num_leaves=31
num_cat=0
split_feature=16 8 11 3 4 8 12 16 8 12 13 1 6 8 12 8 1 8 15 11 11 14 4 8 10 6 16 11 15 12
split_gain=841.611 31.5167 44.6695 38.3939 36.462 58.9544 33.41 35.124 41.151 30.9654 28.9408 43.8927 29.6206 57.4739 47.5668 35.3822 29.6176 39.9806 29.5089 28.9336 28.4452 32.4022 28.2723 27.7198 60.5239 27.6776 27.4827 27.4691 40.3897 31.5451
threshold=0.099609374708175838 0.99103870453598708 1.7611775247764807 0.00069999999999995077 4.7946955238424973 1.4974583437755764 -0.46812409540814076 0.37723155343562037 1.1629366210392387 3.0310027826919428 -0.44620931948084114 0.015645711719580072 44.123642103951305 1.0000000180025095e-35 -1.3202617907442702 0.52998045767908752 -0.013552723966944789 0.58783537624970628 0.05069265703108336 44.980734828677662 1.4977246112398037 0.089341950374214482 10.909073884348119 0.99391405609642314 1.0000000180025095e-35 64.222848954457575 0.10146161202850579 -1.7811297950256986 0.12030924899695883 0.29310203374882415
decision_type=2 2 2 2 2 2 2 2 2 2 2 2 2 2 2 2 2 2 2 2 2 2 2 2 2 2 2 2 2 2
left_child=-1 9 4 -4 6 -6 -3 27 -9 10 11 26 14 -14 -12 22 17 -17 -15 23 -19 -22 -16 24 -5 -7 -2 -8 29 -29
right_child=1 2 3 19 5 25 7 8 -10 -11 12 -13 13 18 15 16 -18 20 -20 -21 21 -23 -24 -25 -26 -27 -28 28 -30 -31
leaf_value=-0.030646723966479973 -0.033854553278154696 0.00021317397076072437 0.015217533789033514 -0.046552746185701654 -0.0064232224502215086 0.031352244708421156 0.0074572524983096307 0.028018584358997307 0.00069875617961835104 0.01366658100077333 -0.024229058459202205 -0.012455317265849289 -0.030376729492829126 0.0090594887328349239 0.018812805648175959 -0.040617069244206272 0.0027849311499241395 0.014754614067826315 0.0048238254363784875 -0.0074540379755028132 0.005838850333956808 -0.043308337140203157 -0.031901385001048103 0.0053774755778889646 0.031502798963019767 -0.0050352836985417069 0.004141354475882951 0.0070289450683711984 -0.021240337256624643 -0.0073810631022169634
leaf_weight=606.89739569369704 17.289978042244911 1985.1043607741594 343.01708407700062 26.05767910182476 786.18358746170998 58.686617434024811 1026.7096171677113 127.43890143930912 81.262509167194366 464.60146887600422 51.327800408005714 162.3441973477602 35.704380318522453 4908.9509557113051 212.94450125098228 14.661294773221014 3233.1469564884901 467.93238814175129 2119.4361933618784 165.4984872341156 558.34040570259094 12.339969009160994 10.37543076276779 7011.9023314416409 13.610218480229376 27.690003469586372 1884.5085518211126 410.65932667255402 73.903049901127815 204.96498592197895
leaf_count=29471 65 5874 761 98 2385 136 2554 207 222 896 178 465 168 10763 420 51 7959 974 4826 546 1274 46 38 17755 23 81 4491 1046 239 568
internal_value=0.00428353 0.0050836 0.00397563 0.00541109 0.00170653 -0.00383848 0.00294395 0.00576008 0.017381 0.00604979 0.00579129 0.00251776 0.00637253 0.00758934 0.00448795 0.0048148 0.00420827 0.00857735 0.00778221 0.004945 0.00927179 0.00477613 0.0164566 0.005236 -0.0197716 0.0196874 0.00379592 0.00434692 -0.000284374 0.0022313
internal_weight=27103.5 26496.6 12342.7 7560.09 4782.6 872.56 3910.04 1924.94 208.701 14153.9 13689.3 2064.14 11625.2 7064.09 4561.07 4509.74 4286.42 1053.27 7028.39 7217.07 1038.61 570.68 223.32 7051.57 39.6679 86.3766 1901.8 1716.24 689.527 615.624
internal_count=94580 65109 32495 19183 13312 2602 10710 4836 429 32614 31718 5021 26697 15757 10940 10762 10304 2345 15589 18422 2294 1320 458 17876 121 217 4556 4407 1853 1614
is_linear=0
shrinkage=0.03


Tree=75
num_leaves=31
num_cat=0
split_feature=11 6 9 6 5 5 6 6 9 11 1 1 11 12 11 0 3 1 12 6 15 11 4 6 3 9 3 9 3 4
split_gain=35.0625 33.6552 51.9734 33.0766 30.5337 53.3514 44.2122 36.1162 33.2387 31.9688 29.2123 30.9558 28.6312 26.7544 27.5905 26.0963 31.5134 25.763 32.5072 39.5767 31.8937 38.1344 28.2883 27.5678 25.6646 24.8478 24.7226 25.4303 36.9082 34.8685
threshold=-28.211146844058863 77.777777777777914 0.16826729082782668 85.12447712056894 0.020187218564022748 0.015647184930269804 54.323687037482095 30.69066615926933 0.12389029875516848 5.9821760436016289 -0.01591564457275851 0.013096812807319671 1.6746635620990882 -0.64517387205189014 16.729375428435027 -0.012677732331114964 0.067050000000000068 0.012281070929213824 0.65361208272720417 68.092975916961834 0.16029732021256868 22.992894756244791 4.6749999386404273 25.885246518260441 0.0003499999999999962 0.0071703983303059594 40.724999999998552 0.064804528414187421 0.01590000000000014 0.93548386945888751
decision_type=2 2 2 2 2 2 2 2 2 2 2 2 2 2 2 2 2 2 2 2 2 2 2 2 2 2 2 2 2 2
left_child=-1 4 -3 -4 5 13 8 -7 15 10 -9 24 -13 14 25 16 -6 20 19 23 -15 -22 -21 -19 -12 -2 27 -8 -29 -30
right_child=1 2 3 -5 6 7 26 9 -10 -11 11 12 -14 17 -16 -17 -18 18 -20 22 21 -23 -24 -25 -26 -27 -28 28 29 -31
leaf_value=-0.0080943591983931029 0.029266526679581614 0.0091230111541996048 -0.02447342958588896 0.0044143990977252093 -0.017307031334289357 0.021078358104877015 0.017514528583858907 -0.04284869909703333 -0.02817342428809836 0.003431736039971905 -0.053845520752059561 -0.043117081840957472 -0.0016913876720784885 0.0048750338486589044 0.032718969347843838 -0.0019847961630142107 0.030493583308819572 -0.031475571051351021 0.0054700871887204206 -0.0071285578261103951 0.011081899886917814 -0.038906533299647689 -0.03425596540729569 0.0024714397222978459 -0.0039413544351414483 0.0019963887751884507 -0.030602518622836816 0.015900355024495584 0.010261360645687362 -0.0054376947989913877
leaf_weight=199.85090600326657 30.248415242880583 2176.4435618035495 69.086852978914976 73.755895528942347 16.421777691692114 50.963414976373315 397.57866450585425 22.249188797548413 36.170136390253901 271.67021223343909 9.473015967756508 39.396939864382148 24.263146875426173 13321.71793407388 26.720320757478476 280.03659982979298 50.846499230712652 22.033971505239606 1224.9617075659335 284.78400565683842 999.75255099684 13.926049176603554 39.380609199404716 940.99734047055244 443.17975356429815 5144.1931602042168 12.839890725910662 347.43153733573854 285.01147951185703 230.14934002049267
leaf_count=761 109 4606 287 183 88 114 1104 150 205 1096 57 185 99 46210 90 1351 168 105 3578 807 3111 80 144 4141 1782 21039 61 936 876 866
internal_value=0.00442498 0.00451804 0.0079725 -0.00955739 0.00419191 0.00390751 0.00812522 -0.00341775 -0.000804674 -0.00495855 -0.00919091 -0.00774052 -0.0273283 0.00419363 0.00231282 0.00204565 0.0188243 0.00477427 0.00197186 -0.00135724 0.00526537 0.0103952 -0.0104241 0.00169474 -0.00498574 0.0021558 0.0108152 0.0112372 0.00834393 0.00324777
internal_weight=27085.5 26885.7 2319.29 142.843 24566.4 22909.9 1656.49 861.196 383.475 810.232 538.562 516.313 63.6601 22048.7 5201.16 347.305 67.2683 16847.6 2512.16 1287.2 14335.4 1013.68 324.165 963.031 452.653 5174.44 1273.01 1260.17 862.592 515.161
internal_count=94389 93628 5076 470 88552 82897 5655 3483 1812 3369 2273 2123 284 79414 21238 1607 256 58176 8775 5197 49401 3191 951 4246 1839 21148 3843 3782 2678 1742
is_linear=0
shrinkage=0.03


Tree=76
num_leaves=31
num_cat=0
split_feature=16 11 9 8 1 11 5 1 14 16 12 11 5 8 8 6 15 12 14 6 11 15 4 12 11 14 6 4 9 12
split_gain=818.32 33.9882 29.6481 39.7447 59.5149 38.3566 33.7561 41.7243 40.9665 35.1554 32.1521 30.5711 32.6056 33.2545 30.3334 35.3303 30.3165 35.361 39.0306 29.6729 46.0458 29.1097 51.897 35.0691 28.9619 57.6801 40.6302 29.5849 28.8048 29.1787
threshold=0.099609374708175838 -28.211146844058863 0.062543661330825534 0.63155102729462398 -0.017164599800655041 19.833461623533449 0.009135635291774578 -0.0060297326209173821 0.13091552987906196 0.50979288096840747 3.5559394253483156 -16.438356164383617 -0.021549667297254643 0.92876618180496007 1.0000000180025095e-35 9.2739942501044386 0.22977115785836225 -0.68896586600937193 -0.045877991178184217 14.084507042253572 17.543859649122876 -0.10975796122468437 0.32692302977072546 -0.75344641068201412 -4.4270533429157917 -0.13562607856405443 65.352029254795539 15.193734752569908 0.0071703983303059594 3.0310027826919428
decision_type=2 2 2 2 2 2 2 2 2 2 2 2 2 2 2 2 2 2 2 2 2 2 2 2 2 2 2 2 2 2
left_child=-1 -2 14 4 -4 -6 7 8 9 10 21 12 13 -9 15 -3 17 -14 -19 20 -13 22 -5 -24 25 -21 27 -27 -16 -30
right_child=1 2 3 6 5 -7 -8 11 -10 -11 -12 19 16 -15 28 -17 -18 18 -20 24 -22 -23 23 -25 -26 26 -28 -29 29 -31
leaf_value=-0.030629470379074542 -0.0073883024763001853 0.038442576958427309 -0.027836690600732756 0.014998768660850398 0.020855551509313418 -0.034903139600780744 0.0058063065126273405 0.0090145734579808526 -0.031499794622975835 -0.028828382487535345 -0.023720893875668395 -0.035724452336603978 0.021432313455514041 -0.042394108506665182 0.022948453836317523 -0.035897226563140844 0.050975043719260919 -0.052411323289832216 0.0056886866267778953 0.021404577982593379 0.054734977968288558 0.010627093334262316 -0.021184838241925085 0.0018262373703355648 0.00095952633341095037 -0.002129038891573831 -0.02038526304221577 -0.034157228682574946 0.0055842876796283391 0.011711944945399592
leaf_weight=590.76983774360269 195.63014238327742 7.1480042338371268 27.373900428414345 278.69918768107891 266.00172708928585 11.587112724781035 3130.4382469952106 26.843590617179871 27.409957855939865 26.680726557970047 32.675212159752846 41.931441202759743 110.88498605787754 19.588189512491226 89.019802108407021 29.496844485402107 19.329181224107742 13.320924967527388 47.560306176543236 63.046718120574951 5.7600519359111777 841.2002549842 63.448309481143951 984.40084035694599 1976.7832488641143 452.0613144338131 189.19285608828068 27.537750437855721 16764.347040757537 729.83920793235302
leaf_count=29442 557 16 87 642 462 41 7627 69 108 114 135 179 245 101 154 169 30 56 123 151 9 2138 237 2740 5874 1466 670 121 39137 1489
internal_value=0.00429147 0.00506999 0.00516264 0.00372795 0.0143663 0.0185281 0.00334075 0.00187014 0.00495256 0.00540119 0.00581623 -0.000451085 0.00987582 -0.0126732 0.00586972 -0.0213964 0.0153547 0.0113463 -0.0070237 -0.00134101 -0.024799 0.00626146 0.00349309 0.000432894 -0.000927982 -0.00602637 -0.00861227 -0.00396804 0.00592654 0.00583993
internal_weight=27090 26499.2 26303.6 8683.76 304.963 277.589 8378.79 5248.36 2254.51 2227.1 2200.42 2993.84 237.527 46.4318 17619.9 36.6448 191.095 171.766 60.8812 2756.31 47.6915 2167.75 1326.55 1047.85 2708.62 731.839 668.792 479.599 17583.2 17494.2
internal_count=94389 64947 64390 23425 590 503 22835 15208 6114 6006 5892 9094 624 170 40965 185 454 424 179 8470 188 5757 3619 2977 8282 2408 2257 1587 40780 40626
is_linear=0
shrinkage=0.03


Tree=77
num_leaves=31
num_cat=0
split_feature=5 5 8 6 6 9 6 6 11 2 1 15 8 11 8 12 2 3 4 6 5 9 11 5 3 15 9 6 8 9
split_gain=31.5988 50.7449 33.4276 41.0841 39.1926 35.9365 32.6612 37.0132 37.1863 37.9969 32.4784 35.9115 32.3285 30.7574 33.933 45.6198 39.2684 36.4982 38.4452 39.2477 35.3772 51.3404 30.748 30.9745 44.2409 30.4727 32.3077 30.3904 30.1573 36.4052
threshold=0.019663011120225483 0.015647184930269804 1.540761654126501 54.323687037482095 66.305590648398393 0.12389029875516848 69.424460431654765 28.279677396836686 17.948717948717889 0.0055344255405471486 0.011279813223805781 -0.22550044578971032 1.7950459958334704 -28.211146844058863 0.84181546863187606 -0.64517387205189014 -0.0091290043942349967 0.03099999999999992 0.26342206000802404 82.306110142344735 -0.0021869346309839918 0.087240698916695017 22.992894756244791 0.011501101232927179 0.21200000000001043 0.058627036480018206 0.062078259512435709 90.569935385323291 0.57851512529700966 0.059252431748135638
decision_type=2 2 2 2 2 2 2 2 2 2 2 2 2 2 2 2 2 2 2 2 2 2 2 2 2 2 2 2 2 2
left_child=1 13 3 5 12 -2 7 -3 9 25 11 -8 -4 -1 16 -16 -15 18 -18 20 21 -20 23 28 -25 26 -9 -6 29 -19
right_child=2 6 4 -5 27 -7 10 8 -10 -11 -12 -13 -14 14 15 -17 17 22 19 -21 -22 -23 -24 24 -26 -27 -28 -29 -30 -31
leaf_value=-0.0082012569287093998 0.0031210189014102899 0.024976120182333496 -0.00094895025489789993 0.011042156624846481 -0.011295358032066863 -0.028421454379388662 -0.031457070455025 0.0015262285200434724 0.019248569091198483 -0.031146389483419183 -0.0065434510640464327 0.01333822682934291 0.039103388740896965 -0.0021900174300390407 0.00035579993856864166 0.004267419832947596 -0.011233448711785159 -0.0013714418047053396 -0.0014323571985711216 0.02212856531627053 0.0072673744833391925 0.016649554026842643 -0.013724373187064393 0.011557019326181802 -0.02022012037082057 -0.02670837674467872 -0.019270502517050481 0.021391431854762579 0.010034015340542424 0.019327781833161504
leaf_weight=180.84367665089667 364.21747977286577 29.325038336217403 38.93459933064878 1620.9621251299977 213.54764723870903 35.693524373695254 17.300580035895109 234.44449759460986 37.074704067781568 77.589688163250685 176.77038500458002 233.44140809215605 33.954791184514761 513.68821427598596 3431.7743129357696 12304.708093358204 143.52391557022929 430.14219203591347 1254.6147757992148 111.46149981208146 1455.4895244501531 159.26282346341759 56.740191856399179 77.893847160041332 79.854042818769813 66.4763536863029 94.258989015594125 29.08645986020565 3478.6112396698445 93.006011877208948
leaf_count=688 1637 61 219 4382 754 200 68 1052 174 456 459 564 104 1727 14476 42538 575 1720 4702 182 4812 402 212 221 344 314 477 53 10628 188
internal_value=0.00416469 0.00384973 0.00749962 0.00891752 -0.0015818 0.000305737 -0.0028881 -0.0077984 -0.00968351 -0.0119524 0.00330465 0.0102475 0.017709 0.00412373 0.00421821 0.00341438 0.00582871 0.00638985 0.00393246 0.00466269 0.00398422 0.000604436 0.00821085 0.00851007 -0.00452898 -0.00818381 -0.00443744 -0.00737694 0.00902406 0.00230849
internal_weight=27074.7 24738.3 2336.4 2020.87 315.523 399.911 966.682 539.169 509.844 472.77 427.512 250.742 72.8894 23771.6 23590.8 15736.5 7854.29 7340.6 3124.35 2980.83 2869.37 1413.88 4216.25 4159.51 157.748 395.18 328.703 242.634 4001.76 523.148
internal_count=94389 87040 7349 6219 1130 1837 3625 2534 2473 2299 1091 632 323 83415 82727 57014 25713 23986 10673 10098 9916 5104 13313 13101 565 1843 1529 807 12536 1908
is_linear=0
shrinkage=0.03


Tree=78
num_leaves=31
num_cat=0
split_feature=16 11 9 5 5 6 11 5 5 9 6 6 14 11 6 4 13 16 1 5 14 6 14 0 15 0 9 15 6 6
split_gain=784.543 30.0727 28.4942 72.6667 50.0412 35.4759 43.5371 34.0343 44.1406 32.6533 27.6735 38.2122 36.3303 27.4663 26.1487 25.3825 26.9922 40.8949 33.4174 49.669 28.7634 25.3078 24.6302 24.339 28.2235 27.2949 34.983 27.3049 25.6097 23.8888
threshold=0.099609374708175838 -28.211146844058863 0.020916798229557443 -0.0023082851804722151 0.0060109883145210421 62.163655799116242 -6.836558291848692 0.019663011120225483 0.015647184930269804 0.18558449077028022 65.352029254795539 28.279677396836686 -0.22211071936683521 5.5339740706429561 34.696527771923755 7.499996250002348 0.11500156178178017 0.28224126507777419 -0.00033048747001940265 -0.018636780631645974 0.13091552987906196 38.847990072290173 -0.1097751457667918 0.0069185419053694472 0.13348460600038339 0.0014172777046890241 0.042417108064629054 -0.15277073226008658 62.393404792724176 81.538524839571764
decision_type=2 2 2 2 2 2 2 2 2 2 2 2 2 2 2 2 2 2 2 2 2 2 2 2 2 2 2 2 2 2
left_child=-1 -2 3 5 -5 -3 -7 8 15 -9 11 -10 -13 -11 -6 -4 17 18 20 -20 21 -17 -16 24 25 26 -14 -27 -25 -19
right_child=1 2 7 4 14 6 -8 9 10 13 -12 12 23 -15 22 16 -18 29 19 -21 -22 -23 -24 28 -26 27 -28 -29 -30 -31
leaf_value=-0.030612649450705687 -0.006936350865888047 0.0010560960875411695 0.0048585878576961877 0.012703732260949929 0.02538505554470321 -0.0017582228646744957 -0.053186728806936749 0.0090376035927906048 0.025010963552751612 -0.020840496752737681 0.0022875692060334292 0.039847147191295139 0.0016471810492766348 0.0046951423733434493 0.014277550217772205 -0.0051054208565483429 0.0028964832801700357 -0.042108286591331881 -0.042807241565346585 0.011023950916083269 0.037268133203762509 -0.033168406052607818 -0.0084379615765698239 -0.050889833187337016 -0.044610735597448999 0.030244101477296663 -0.02379279794890006 -0.0046937327180431587 -0.0014315909858547233 0.018954181750560743
leaf_weight=575.536700790748 195.31656231731176 502.45157060027122 18219.008289389312 1649.581373013556 30.907778382301331 35.569210439920425 25.389674618840218 2115.9725001752377 29.012598618865013 61.002922117710114 532.88857269287109 12.353708148002623 81.250172942876816 100.1414787620306 54.036785617470741 62.268392816185951 2016.8203924745321 38.06763006746769 17.014203235507011 165.28509213030338 9.0914177596569044 54.00679424405098 209.57688997685909 27.551089003682137 19.49493470788002 28.867452353239059 121.23980891704559 66.531011968851089 14.320099204778669 6.7955042570829383
leaf_count=29442 557 1207 45028 3355 52 87 98 4730 54 239 1287 18 200 280 109 178 5198 150 73 377 13 192 552 117 77 56 426 186 39 12
internal_value=0.00403932 0.00479185 0.00487893 0.0079207 0.01067 -0.00156599 -0.0231784 0.00455844 0.00418942 0.00804621 -0.00219103 -0.00814828 -0.0107371 -0.00497164 -0.000720807 0.00447872 0.00155776 -0.00610106 -0.00219927 0.00599982 -0.0141218 -0.0181399 -0.00378163 -0.0124766 -0.00964037 -0.00735178 -0.0135849 0.00587841 -0.0339749 -0.032859
internal_weight=27077.4 26501.8 26306.5 2507.51 1944.1 563.41 60.9589 23799 21521.9 2277.12 933.509 400.621 371.608 161.144 294.521 20588.4 2369.35 352.529 307.666 182.299 125.367 116.275 263.614 359.255 317.383 297.888 202.49 95.3985 41.8712 44.8631
internal_count=94389 64947 64390 5460 4068 1392 185 58930 53681 5249 2460 1173 1119 519 713 51221 6193 995 833 450 383 370 661 1101 945 868 626 242 156 162
is_linear=0
shrinkage=0.03


Tree=79
num_leaves=31
num_cat=0
split_feature=16 9 8 5 3 12 5 5 8 6 9 12 6 5 5 13 11 4 15 15 12 8 6 9 14 11 5 3 8 6
split_gain=755.28 29.3037 32.7744 50.1161 38.0516 28.8479 39.061 37.6837 28.738 33.2955 27.0935 28.1633 41.6259 27.9647 27.112 25.966 26.0561 36.4598 30.896 35.538 28.1033 26.8821 35.2098 33.0654 24.7291 24.3797 22.8166 48.7767 36.6155 48.7959
threshold=0.099609374708175838 0.062543661330825534 0.51283230772526311 -0.0073932152861536666 0.12599999999999859 -0.98950904616109636 0.021374329171348086 0.014997013275203188 1.0000000180025095e-35 9.2739942501044386 0.0071703983303059594 3.0310027826919428 21.617611081254854 -0.0013932438535369854 0.039838890879744203 -0.62433741611276494 -4.5625167963979747 6.166664868056424 -0.33166935845681594 -0.08317899277147614 -1.3202617907442702 0.83642111031637845 63.303652441922516 0.076063440208331445 -0.082969955682873894 -3.9196551311935997 0.009135635291774578 0.15899999999999939 1.540761654126501 68.902142738628541
decision_type=2 2 2 2 2 2 2 2 2 2 2 2 2 2 2 2 2 2 2 2 2 2 2 2 2 2 2 2 2 2
left_child=-1 8 3 -3 -5 6 7 15 9 -2 13 14 -13 -10 -12 -4 17 20 -18 -20 -17 23 -23 -22 -25 -8 -7 28 29 -28
right_child=1 2 5 4 -6 26 25 -9 10 -11 11 12 -14 -15 -16 16 18 -19 19 -21 21 22 -24 24 -26 -27 27 -29 -30 -31
leaf_value=-0.030594181125858013 0.036196924734226629 0.028024171612143836 -0.045788019509914075 -0.050765433941080532 0.012825279362432824 0.002204759592744561 0.026799175396944496 -0.043833888581567788 -0.009091755320720157 -0.035560580034986758 0.0050239325847549745 -0.017667659027897426 0.012881090822604942 0.031064388494508696 0.035958726603761322 -0.037384254635231297 0.052810485598724158 -0.035346524614600187 -0.020505003231360324 0.012204877941746638 -0.019850833118447316 0.0017403774103277648 -0.034243001988274312 -0.05474957961304254 0.036339605161766035 -0.0084920111465619508 0.0029542721459942006 -0.00057954174694402956 -0.0026230977868646568 0.01295321419783
leaf_weight=558.85909298807383 7.2684373408555976 104.71885944902897 13.810646429657934 14.443272337317465 20.474060386419296 5099.3908661454916 53.953005090355873 24.299557149410248 20.203535169363022 29.19555252790451 16861.864484488964 42.638326406478882 686.18602776527405 68.618956953287125 25.536848098039627 21.066450729966164 11.635905161499975 42.320648670196533 43.611817508935928 95.03438463807106 16.687000200152397 81.692229345440865 34.941946998238564 2.8802420794963828 39.041763424873352 26.158991813659668 688.03142431378365 853.15441450476646 262.06759801506996 1214.8355248719454
leaf_count=29442 16 143 64 63 45 14471 110 101 53 170 39426 128 1361 101 36 99 17 189 163 266 52 264 151 12 64 79 1786 2352 749 2416
internal_value=0.00391965 0.00464735 0.00322813 0.017646 -0.0134785 0.0029947 -0.00394687 -0.00755311 0.00534844 -0.021257 0.00540324 0.00531991 0.0110939 0.0219305 0.00507071 -0.005364 -0.0039285 -0.0100908 0.00585646 0.00191583 -0.00464611 -0.00071057 -0.00903973 0.0158648 0.0300813 0.0152755 0.00342837 0.00549579 0.00788995 0.00933783
internal_weight=27064.6 26505.8 8764.25 139.636 34.9173 8624.61 507.135 427.023 17741.5 36.464 17705 17616.2 728.824 88.8225 16887.4 402.723 388.912 238.63 150.282 138.646 196.31 175.243 116.634 58.609 41.922 80.112 8117.48 3018.09 2164.93 1902.87
internal_count=94389 64947 23656 251 108 23405 1631 1442 41291 186 41105 40951 1489 154 39462 1341 1277 831 446 429 642 543 415 128 76 189 21774 7303 4951 4202
is_linear=0
shrinkage=0.03


Tree=80
num_leaves=31
num_cat=0
split_feature=16 15 8 5 11 8 7 0 16 8 8 11 13 4 8 6 4 0 3 14 6 3 6 8 3 15 13 16 11 16
split_gain=738.162 31.9129 54.8618 48.4311 46.8191 46.5203 39.7321 31.6105 55.4674 31.6721 39.5726 30.7559 27.4554 34.3539 39.0876 36.0071 33.3078 31.9506 29.9722 27.0524 28.104 39.8644 29.3602 26.2803 26.5002 27.442 25.5004 29.4336 25.2416 25.0375
threshold=0.1005052292243241 -0.024750734031655126 1.2304487782190003 -0.0041656626774168133 7.851332366293585 0.56859726733907934 -0.74999999999999989 0.006493347983852261 0.41611121479074542 2.0686321759855786 1.2491219385526904 -26.133683495344417 -0.55110146670405735 2.111400238302823 0.89416406014995675 12.108174392657149 0.55885669837791485 0.0067804742768845525 0.00058000000000000423 -0.087756707302848833 31.792029589198936 0.021050000000000239 22.163354478938498 1.7950459958334704 0.0071000000000007732 -0.14194210289878106 -0.44251825661997374 0.22221926794801991 13.188341124549376 0.099609374708175838
decision_type=2 2 2 2 2 2 2 2 2 2 2 2 2 2 2 2 2 2 2 2 2 2 2 2 2 2 2 2 2 2
left_child=29 2 12 7 11 -6 23 8 -3 10 -9 -5 -2 16 -15 -16 -14 18 -18 -13 21 -21 -23 24 26 -26 -4 -28 -25 -1
right_child=1 3 6 4 5 -7 -8 9 -10 -11 -12 19 13 14 15 -17 17 -19 -20 20 -22 22 -24 28 25 -27 27 -29 -30 -31
leaf_value=-0.03057626553915891 -0.0010228988453718766 0.0046897915874136321 0.0308355146136335 -0.015857989885769027 -0.054369929344869575 0.010585457913541966 0.0011112381871389019 -0.00085923028831409428 -0.034079503820824891 0.028554492592981647 -0.019659758371926395 0.012823405764917603 0.0033030343839211742 0.0054373522145441163 -0.041057911439819954 2.5133996129055636e-06 -0.011740017239735214 -0.00010420721480227341 0.0087370710759486145 0.023723875365883086 0.0043190462390411567 -0.01764833087836476 0.0096120138322774249 0.044579116796105642 -0.0084865051955419959 -0.028566056909404097 0.0067438535395198916 -0.043567540639412629 -0.023706011804657545 -0.014722421292777432
leaf_weight=541.96436097193509 785.12862507253885 2587.7690774425864 22.401465490460396 60.814911589026451 9.9634425267577154 2460.7493302077055 2531.4502347484231 630.56848848611116 33.644565463066101 28.140658512711525 119.9255945160985 429.44224792718887 2548.9258731007576 2132.79965493083 19.408868372440338 1989.3079047352076 65.373055100440979 439.02535927295685 4038.0961459949613 168.2624229490757 4653.9145001247525 43.423146575689316 196.3173573166132 14.795204579830171 158.30569130182266 99.920169159770012 36.965942084789276 14.598189100623129 7.264017477631568 107.42283123731613
leaf_count=29406 2017 6676 48 181 46 5182 7166 1748 131 53 492 912 6122 4865 80 5249 182 1134 9156 335 10912 134 454 30 562 421 117 70 30 369
internal_value=0.0036439 0.0044233 0.00350888 0.00561637 0.00688803 0.0103235 -0.000205614 0.00261571 0.00419221 -0.00269185 -0.00386347 0.00535925 0.00440078 0.00477987 0.00260892 -0.000394226 0.00604774 0.00758788 0.00841085 0.00559422 0.00498091 0.0125305 0.00467447 -0.00961575 -0.0117214 -0.0162563 0.00411065 -0.00749968 0.0220931 -0.0279537
internal_weight=26976.1 26326.7 14903.8 11422.9 8022.89 2470.71 2885.7 3400.05 2621.41 778.635 750.494 5552.17 12018.1 11232.9 4141.52 2008.72 7091.42 4542.49 4103.47 5491.36 5061.92 408.003 239.741 354.251 332.191 258.226 73.9656 51.5641 22.0592 649.387
internal_count=94280 64505 37249 27256 18156 5228 8444 9100 6807 2293 2240 12928 28805 26788 10194 5329 16594 10472 9338 12747 11835 923 588 1278 1218 983 235 187 60 29775
is_linear=0
shrinkage=0.03


Tree=81
num_leaves=31
num_cat=0
split_feature=16 15 8 5 11 8 7 9 1 1 13 16 6 12 9 4 1 15 13 12 16 15 4 13 9 9 5 1 6 9
split_gain=708.331 30.0333 51.6082 45.5889 44.1321 37.6908 37.5274 35.6259 34.1663 33.73 47.3358 45.6419 30.5187 48.8295 41.1043 32.5554 30.1569 30.4918 39.6675 29.8131 28.5615 42.0463 40.525 27.9941 27.5113 30.4991 26.926 26.9122 45.5587 54.5921
threshold=0.1005052292243241 -0.024750734031655126 1.2304487782190003 -0.0041656626774168133 7.851332366293585 0.57851512529700966 -0.74999999999999989 0.01306424016521792 0.020361082997276906 0.01496592043844769 -0.42490339458793353 0.41611121479074542 68.902142738628541 1.6326075603609775 0.043731009787681498 0.29885057213634275 -0.010434803713790795 0.10593830133276838 -0.21004011477118126 -1.0739402774721092 0.37117013023397821 0.036038210706074054 0.88764044395279484 -0.22322212905299293 0.028289454744916006 0.0495679411947893 0.0070560592066732705 0.0066914343074899749 66.305590648398393 0.01404695155353781
decision_type=2 2 2 2 2 2 2 2 2 2 2 2 2 2 2 2 2 2 2 2 2 2 2 2 2 2 2 2 2 2
left_child=-1 2 27 7 8 -6 -4 -3 16 11 -11 -9 15 -14 -15 -12 17 18 -5 -17 21 -10 -23 -22 26 -26 -7 28 -2 -30
right_child=1 3 6 4 5 24 -8 9 20 10 12 -13 13 14 -16 19 -18 -19 -20 -21 23 22 -24 -25 25 -27 -28 -29 29 -31
leaf_value=-0.027817119561035383 0.0039822520266335733 -0.047169157990439775 -0.009364176492597763 0.00061511811471463113 -0.042797484467097101 0.018654283413545702 0.0010776976736772349 0.0045950843901035624 0.0086578110817741409 -0.021166892002474548 -0.019210203279843283 -0.031786200618979236 -0.027121363814279438 -0.062967322506878198 0.025528775847143904 0.047173237872700245 0.006276700859497387 0.017084823318173643 -0.033947526489732871 0.0053101021563130742 -0.0067372103207257944 -0.0045624699072016441 -0.030697749710865769 0.029944476325963486 0.0038342482085265118 0.011604500755583846 -0.0021940938613638408 0.00069913771774166673 -0.035963643419490238 0.010150296449902556
leaf_weight=633.26186875160784 8770.8082345575094 12.928136765956877 352.94710986316204 69.68534491956234 12.100839257240294 480.44735084474087 2531.9207664057612 2710.8758458271623 107.93774038553238 112.08593734353781 47.698366403579712 31.394265577197075 77.529065892100334 5.4624925553798667 34.925577461719513 16.007830739021301 4979.3102653846145 36.381576046347618 52.326939612627029 351.39892510324717 33.822422057390213 147.57505938410759 83.670204266905785 41.946572199463844 743.28109689056873 1170.6911937892437 63.072281718254089 1641.5614856556058 23.447275340557098 1583.1995957419276
leaf_count=29775 21182 48 1278 183 51 854 7166 7028 252 396 168 122 270 22 59 29 11412 76 192 958 83 389 278 63 1646 2526 151 4157 84 3382
internal_value=0.0035364 0.00429058 0.00340351 0.00544801 0.00668191 0.0100184 -0.000199806 0.0025369 0.00519798 0.00272661 -0.00344554 0.00417858 0.000280973 -0.0131876 0.0135597 0.00410694 0.00586677 -0.00702005 -0.0142076 0.00713407 -0.0030825 -0.00680249 -0.0140189 0.0135702 0.0102785 0.00858696 0.016235 0.0042684 0.004833 0.00947731
internal_weight=26959.7 26326.4 14903.9 11422.6 8022.25 2469.59 2884.87 3400.31 5552.66 3387.38 645.108 2742.27 533.022 117.917 40.3881 415.105 5137.7 158.394 122.012 367.407 414.952 339.183 231.245 75.769 2457.49 1913.97 543.52 12019 10377.5 1606.65
internal_count=94280 64505 37249 27256 18156 5228 8444 9100 12928 9052 1902 7150 1506 351 81 1155 11863 451 375 987 1065 919 667 146 5177 4172 1005 28805 24648 3466
is_linear=0
shrinkage=0.03


Tree=82
num_leaves=31
num_cat=0
split_feature=16 16 5 5 9 8 5 8 5 1 9 4 3 6 8 6 1 16 8 6 3 6 11 11 12 0 16 12 6 5
split_gain=678.882 28.0564 30.624 26.7035 33.0975 33.3915 49.3025 32.9459 37.0835 34.357 30.2182 39.1236 40.1672 36.3977 31.8508 34.3557 31.9762 30.9245 40.0126 32.7585 29.9213 29.7095 28.829 34.5981 28.3634 27.3378 27.311 27.1078 24.5639 35.8934
threshold=0.1005052292243241 0.099609374708175838 0.0038906865778160706 0.019663011120225483 0.03805508460074674 0.51283230772526311 -0.0056663815486811481 0.51283230772526311 -0.0021869346309839918 0.0047119585217363378 0.089302500053424591 1.0769230562130183 0.014800000000000592 49.726775956284136 1.130477991924516 54.525386313465766 0.0038821627657326112 0.37723155343562037 1.3782093935550963 75.18058864212712 541.09999999999866 80.081724563594875 -31.657689551277418 -16.438356164383617 -0.66986743089370304 -0.0095340043943001312 0.26222533898737455 0.19221654609662062 75.18058864212712 0.0108237008485619
decision_type=2 2 2 2 2 2 2 2 2 2 2 2 2 2 2 2 2 2 2 2 2 2 2 2 2 2 2 2 2 2
left_child=1 -1 -3 4 7 6 -6 8 9 -2 14 13 -13 -12 15 26 -17 18 19 -16 28 -8 24 -24 -7 -18 -5 -22 -9 -30
right_child=3 2 -4 10 5 22 21 20 -10 -11 11 12 -14 -15 17 16 25 -19 -20 -21 27 -23 23 -25 -26 -27 -28 -29 29 -31
leaf_value=-0.030543582917428164 0.013034407896200964 -0.0029180279238276425 -0.037882854798073996 -0.00018902659707806851 0.024066859740369598 0.015993107808305901 -0.018962601491906868 0.0054725144129204881 -0.017449714987063072 -0.045323139372133857 -0.020890507272852216 0.0058217567239509938 -0.009582317214065085 0.011572508696510442 -0.0014850949472023224 0.026199456804099869 -0.060184302397145437 0.035979761960716672 0.01682717059180459 -0.036330414455547008 -0.03750008815924083 0.032753626491465571 0.0084740401789701481 0.00252158770932837 -0.033670061436802776 0.012777728194017216 0.031345515720165383 -0.0019817806482323782 0.014495090324766868 -0.028294436485617028
leaf_weight=512.31819634605199 91.095636039972305 73.770681634545326 32.466309875249863 184.34192517399788 150.04522171616554 14.414617449045179 47.499381542205811 8254.976147711277 119.78172328323126 10.084676712751387 33.055879846215248 326.47434718906879 285.64884856343269 521.12666794657707 216.48888552188873 248.29777234792709 4.6956335902214041 24.718703284859657 104.05853806436062 27.34916265308857 21.567233309149742 12.662426605820654 939.07136840373278 13698.70947419107 36.702459804713726 294.01415647566319 28.545102015137672 187.17554716765881 425.16628128290176 18.407268047332764
leaf_count=29406 188 234 135 457 238 31 176 18593 400 37 126 760 833 1150 569 408 19 33 229 91 75 18 2245 35791 135 577 47 450 774 55
internal_value=0.00343196 -0.0276341 -0.0136034 0.00416188 0.00386634 0.00299482 0.014867 0.00528884 -0.00615422 0.00721789 0.00725084 0.00386148 -0.00136659 0.00963615 0.0107413 0.0142644 0.0182438 0.00355667 0.00125295 -0.00539339 0.00557271 -0.00807774 0.00282492 0.00290346 -0.0196654 0.0116308 0.0040393 -0.00565152 0.00584206 0.0127194
internal_weight=26944.7 618.555 106.237 26326.2 24027.4 14899.1 210.207 9128.25 220.962 101.18 2298.82 1166.31 612.123 554.183 1132.51 759.895 547.008 372.615 347.897 243.838 8907.29 60.1618 14688.9 14637.8 51.1171 298.71 212.887 208.743 8698.55 443.574
internal_count=94280 29775 369 64505 59206 38634 432 20572 625 225 5299 2869 1593 1276 2430 1508 1004 922 889 660 19947 194 38202 38036 166 596 504 525 19422 829
is_linear=0
shrinkage=0.03


Tree=83
num_leaves=31
num_cat=0
split_feature=15 5 11 8 8 7 9 0 8 8 6 11 6 3 6 9 13 4 8 6 4 0 3 11 8 12 4 11 3 11
split_gain=29.0527 46.2565 45.3446 44.0194 41.8212 36.8487 35.1635 33.6446 30.2409 37.72 29.0193 33.8786 30.6463 32.4622 33.6862 28.807 28.1416 33.4635 37.6289 32.8141 29.8799 31.8409 27.6293 27.4912 35.3373 32.3288 27.0359 26.883 32.9893 26.8031
threshold=-0.024750734031655126 -0.0041656626774168133 7.9889259702095829 1.2304487782190003 0.56859726733907934 -0.74999999999999989 0.01306424016521792 0.006493347983852261 2.0686321759855786 1.2491219385526904 88.196861982089771 -26.133683495344417 31.792029589198936 0.021050000000000239 14.084507042253572 0.030168220520729674 -0.55110146670405735 2.111400238302823 0.89416406014995675 12.108174392657149 0.55885669837791485 0.0067804742768845525 0.00058000000000000423 -9.4278566789267195 0.52998045767908752 -0.56666193909248974 5.9999850000382642 -0.23013320445742222 55.995000000000125 28.096709563165405
decision_type=2 2 2 2 2 2 2 2 2 2 2 2 2 2 2 2 2 2 2 2 2 2 2 2 2 2 2 2 2 2
left_child=3 6 10 16 -4 -5 -2 29 9 15 11 -3 13 -13 -15 -9 -1 20 -19 -20 -18 22 -22 24 -14 -25 -26 -16 -29 -8
right_child=1 2 4 5 -6 -7 7 8 -10 -11 -12 12 23 14 27 -17 17 18 19 -21 21 -23 -24 25 26 -27 -28 28 -30 -31
leaf_value=-0.0021505110377501441 -0.044506157576052412 -0.018627260335745906 -0.051131954481487191 -0.009725877376441934 0.0093338656337963004 0.00043943751116347661 0.0036377130782135518 -0.02365677098533157 0.026669349092291014 -0.019842315221349657 0.017456396017564466 0.021212344158420833 -0.027838239037713052 -0.053561228929114676 -0.00088176074055271885 -8.0402297823393277e-06 0.0023044691759283946 0.0042656104230286828 -0.040377185317003586 -0.0010182165935411593 -0.012031877148898534 -0.0012429537574619217 0.0074441800411605748 -0.0018290950672096946 0.01075233582819848 0.004067306310459943 -0.0035558644120550621 0.025748867139151109 -0.021344884042234363 -0.031512071170083727
leaf_weight=809.12611776404083 14.843808639794586 59.577153471298516 10.33800139185041 366.52135606110096 2465.8076833486557 2580.6281803622842 2660.4806912057102 50.24380879662931 28.608381778001785 124.83802943397313 145.26875329017639 185.81627396121621 24.347315833903849 8.5746972821652871 159.95143370330334 599.41462545562536 2604.4549980619922 2184.6190267968923 19.24378827214241 2041.1428093221039 66.614129411056638 452.3558541610837 4125.8255973095074 1185.8194323033094 848.09261272009462 2843.9062832435593 138.22479951847345 89.02696431428194 15.756534492596982 19.668977302499115
leaf_count=3254 138 256 80 1990 7031 9617 9996 303 77 796 255 418 128 37 463 2425 8851 7330 80 7721 255 1850 13451 5016 2510 9118 490 181 51 112
internal_value=0.00333068 0.00445671 0.00569134 0.00246838 0.00908142 -0.000824769 0.00156945 0.0017658 -0.00362037 -0.00473921 0.00421978 0.00387389 0.00411764 0.0115378 0.00496035 -0.001837 0.00325723 0.0036379 0.00152259 -0.00138583 0.00487658 0.00631882 0.00713472 0.00344175 0.00786579 0.00233218 0.00874715 0.00685585 0.0186673 0.00337976
internal_weight=26929.1 11678.6 8180.51 15250.5 2476.15 2947.15 3498.1 3483.25 803.105 774.496 5704.36 5559.09 5499.52 459.126 273.31 649.658 12303.4 11494.3 4245.01 2060.39 7249.25 4644.8 4192.44 5040.39 1010.66 4029.73 986.317 264.735 104.783 2680.15
internal_count=94280 39881 26034 54399 7111 11607 13847 13709 3601 3524 18923 18668 18412 1150 732 2728 42792 39538 15131 7801 24407 15556 13706 17262 3128 14134 3000 695 232 10108
is_linear=0
shrinkage=0.03


Tree=84
num_leaves=31
num_cat=0
split_feature=15 5 11 8 8 7 9 1 13 1 1 12 15 13 14 11 11 13 5 13 4 8 6 4 1 9 14 2 14 14
split_gain=27.3472 43.5443 42.7103 41.4087 39.7167 34.796 33.3014 31.898 43.6029 28.1996 28.3116 29.2309 28.0556 38.2389 27.1723 54.6619 30.1914 27.3018 26.5031 26.4746 31.4672 35.6748 28.4872 28.099 32.3561 33.1869 31.3833 30.1287 31.8702 34.1309
threshold=-0.024750734031655126 -0.0041656626774168133 7.9889259702095829 1.2304487782190003 0.56859726733907934 -0.74999999999999989 0.01306424016521792 0.01496592043844769 -0.42490339458793353 0.01821993057829974 -0.010434803713790795 -0.31352012117838796 0.10593830133276838 -0.21004011477118126 0.10677860912503974 5.6405875983968965 2.581440971290661 -0.17864111377641187 -0.0051118835853642816 -0.55110146670405735 2.111400238302823 0.84993570738780511 12.108174392657149 0.55885669837791485 0.0058745127874328959 0.021524468860213922 0.054185046662713239 0.0076595160532462979 -0.075096709561766992 -0.044997178183149106
decision_type=2 2 2 2 2 2 2 2 2 2 2 2 2 2 2 2 2 2 2 2 2 2 2 2 2 2 2 2 2 2
left_child=3 6 9 19 -4 -5 -2 14 -9 10 12 -12 13 -3 -8 16 -16 -17 -10 -1 23 -22 -23 -21 27 -26 -27 28 -25 -30
right_child=1 2 4 5 -6 -7 7 8 18 -11 11 -13 -14 -15 15 17 -18 -19 -20 20 21 22 -24 24 25 26 -28 -29 29 -31
leaf_value=-0.0020863534599161464 -0.04347037958340156 -9.0386968058898856e-05 -0.050241579618235471 -0.009466449906123808 0.0090570445059423264 0.00042622052898193231 0.0043765450263474198 -0.02097635380863442 0.0008588608060163083 -0.0024047983015816148 0.0030989276772317737 0.0077102331343844406 0.015588676556911452 -0.033306093537942769 -0.0027745078400319176 -0.041695665531788016 0.021155484127909671 -0.0018247255467882834 -0.02881279281691377 0.0022351389669862548 0.0046793254409739403 -0.034579217473524534 -0.00057359178536513971 0.0044346049758842848 -0.037671713688984025 -0.00082958996109355483 0.022040671140373107 -0.0054833708411711106 0.015786056343519164 0.0076257427418170726
leaf_weight=808.98945882916451 14.743091090582309 73.928232194855809 10.20754713565111 365.28786367923021 2464.9508710615337 2580.8297019423917 2376.976976512 115.20935397781432 522.00177449267358 543.72813599277288 2739.040699060075 2256.3627173984423 36.898885920643806 53.961989521980286 315.6234181849286 45.776466528885067 55.846336502581835 23.336708892136812 28.576103155501187 2604.6799294576049 1801.8531119497493 22.376275733113289 2420.4306905847043 1574.6389097385108 20.340683873742819 597.75104306638241 59.363619117066264 162.62156104762107 651.56628032587469 1579.636300846003
leaf_count=3254 138 310 80 1990 7031 9617 8989 604 2190 1677 9874 6680 104 278 1205 303 192 100 126 8851 5962 90 9079 5170 144 2150 155 754 1919 5264
internal_value=0.00323091 0.00432348 0.00552155 0.00239433 0.0088125 -0.000800367 0.00152222 0.00171265 -0.00419309 0.00409348 0.0047782 0.0051818 -0.00745644 -0.0141054 0.00310816 -0.00373484 0.0008231 -0.0282329 -0.000681158 0.00315926 0.00352843 0.001477 -0.000885086 0.00472938 0.00612775 6.8281e-05 0.00123651 0.00716216 0.00770249 0.0100088
internal_weight=26927.5 11677.2 8179.08 15250.4 2475.16 2946.12 3498.09 3483.35 665.787 5703.92 5160.19 4995.4 164.789 127.89 2817.56 440.583 371.47 69.1132 550.578 12304.2 11495.3 4244.66 2442.81 7250.6 4645.92 677.455 657.115 3968.46 3805.84 2231.2
internal_count=94280 39881 26034 54399 7111 11607 13847 13709 2920 18923 17246 16554 692 588 10789 1800 1397 403 2316 42792 39538 15131 9169 24407 15556 2449 2305 13107 12353 7183
is_linear=0
shrinkage=0.03


Tree=85
num_leaves=31
num_cat=0
split_feature=16 9 5 11 1 5 11 8 11 8 9 16 6 1 16 6 16 8 11 9 1 11 13 14 8 5 3 9 11 16
split_gain=659.287 34.6248 45.0158 44.3812 56.2661 44.3004 48.8735 48.0683 41.4836 40.0852 37.2773 49.7784 48.6028 33.973 32.9789 30.1187 27.2092 26.314 30.5455 30.4053 33.1526 48.0667 25.7611 25.4031 24.2692 24.2025 52.0521 31.9872 30.714 34.1564
threshold=0.099609374708175838 0.023206342458122038 -0.005246354751939443 -16.438356164383617 0.0097450200093418555 0.0060109883145210421 5.5339740706429561 1.4116621191253855 10.000000000000078 0.65405870850132553 0.014867360725154427 0.21015778709336089 30.121667740299618 -0.0061776232863695038 0.1005052292243241 18.752067096143367 0.22065063485372552 0.74528864523312632 21.011259811925857 0.09031590355082901 -0.017164599800655041 -26.133683495344417 0.34911598831287344 -0.091355802702769426 0.72334028429987651 0.019663011120225483 30.730000000000249 0.048962892742632873 -3.665133982501922 0.13365498326921796
decision_type=2 2 2 2 2 2 2 2 2 2 2 2 2 2 2 2 2 2 2 2 2 2 2 2 2 2 2 2 2 2
left_child=-1 2 3 -2 10 7 23 9 -9 -4 16 -12 -13 -8 -3 -11 -5 18 19 -16 -21 -22 -23 -7 -24 27 -27 -19 29 -29
right_child=1 14 5 4 -6 6 13 8 -10 15 11 12 -14 -15 17 -17 -18 25 -20 20 21 22 24 -25 -26 26 -28 28 -30 -31
leaf_value=-0.030529979142252878 -0.050053841463276981 -0.014588490848120283 0.0034407239807968575 -0.038400117809914466 -0.057704006695814457 0.018384528609178784 0.012670532988653359 -0.043338667867119707 0.0077952305681761608 -0.036573637268948161 0.011276282394959336 0.015432817174659908 -0.054119635669467522 -0.029443068538740482 0.0057428722678986976 0.012784875524449688 0.029453755733927108 0.0045000832921993543 -0.017676747813191854 -0.01100020165880182 -0.053125398995160146 0.023554368511233152 -0.035436472742465176 -9.3428327912139351e-05 0.035036769106955856 0.0070685789735460362 -0.028827097802886368 0.0065984099764598873 0.002992372919022056 -0.0023501492593435633
leaf_weight=500.27298832684755 17.373080611228943 87.228601410984993 571.23016061633825 30.040641352534294 14.898867964744566 90.662893906235695 22.571983963251114 28.168719351291656 28.958621084690094 11.191833332180975 225.98764321208 15.170919016003607 22.383508145809174 72.97851075232029 2990.9921527504921 1902.983715057373 6.4630450308322898 8080.8147887885571 46.966724008321762 37.736901387572289 8.0983798354864103 257.7124780267477 13.201085843145849 256.13365006446838 6.5950931608676902 2142.8959646970034 36.985204070806503 464.71473993360996 6928.1990815103054 2207.2785795256495
leaf_count=29435 66 308 1329 105 60 172 47 109 66 37 485 29 86 227 6607 3789 10 18665 148 106 34 440 47 616 11 4946 128 1259 18632 6453
internal_value=0.00359032 0.00423139 0.00709911 -0.0033747 -0.000799774 0.0082652 -0.000497003 0.00978964 -0.0174182 0.010415 0.00202582 0.00596126 -0.0260224 -0.0194945 0.00382328 0.0124963 -0.0263865 0.00389244 0.0063472 0.00668763 0.0154269 0.0189186 0.0210211 0.00473726 -0.0119583 0.00347699 0.00645955 0.00310927 0.00193858 -0.00079381
internal_weight=27126.9 26626.6 3317.2 332.318 314.945 2984.88 442.347 2542.53 57.1273 2485.41 300.046 263.542 37.5544 95.5505 23309.4 1914.18 36.5037 23222.2 3361.3 3314.34 323.344 285.607 277.509 346.797 19.7962 19860.9 2179.88 17681 9600.19 2671.99
internal_count=94452 65017 7233 841 775 6392 1062 5330 175 5155 715 600 115 274 57784 3826 115 57476 7393 7245 638 532 498 788 58 50083 5074 45009 26344 7712
is_linear=0
shrinkage=0.03


Tree=86
num_leaves=31
num_cat=0
split_feature=12 1 8 15 9 11 5 5 7 8 3 4 5 11 12 0 0 12 5 9 4 11 13 5 4 6 8 11 8 12
split_gain=30.687 38.6511 39.8545 57.3707 38.4079 38.0487 31.3248 31.82 27.3718 27.0767 30.3902 28.1484 43.7746 27.0798 26.5989 28.4313 26.1152 26.0244 25.4312 27.6565 27.0723 25.4236 30.1484 28.0999 27.2886 34.8606 42.2376 37.9113 36.0498 33.2673
threshold=-0.66986743089370304 -0.0050725718611233086 0.91019182131506204 0.062697375095341568 0.12121601605712372 17.543859649122876 0.0055875320310552869 0.011501101232927179 0.75000000000000011 1.5923591705782847 0.93000000000000338 0.2355746482910725 -0.015671824253715532 -18.425263244918163 -0.8788615779262009 -0.00227706526499255 0.0016498063686386513 -1.011199849464665 -0.012673849146962459 0.09031590355082901 0.51894991920716926 -16.864875650492674 -0.5162872973942142 -0.021549667297254643 0.47326997289722089 39.047952280982315 1.293022701505919 4.4642857142856665 1.0396048138680272 -1.1245482519208656
decision_type=2 2 2 2 2 2 2 2 2 2 2 2 2 2 2 2 2 2 2 2 2 2 2 2 2 2 2 2 2 2
left_child=1 9 3 6 17 21 18 8 -8 10 11 12 -1 -12 -10 -16 -9 -5 20 -20 -3 22 -4 -24 -23 26 28 -28 29 -26
right_child=-2 2 5 4 -6 -7 7 16 14 -11 13 -13 -14 -15 15 -17 -18 -19 19 -21 -22 24 23 -25 25 -27 27 -29 -30 -31
leaf_value=-0.040723833857088193 0.0040152807884908867 -0.020986139011310294 -0.035758552907470757 -0.013812660031899026 0.039313655977738907 0.045441697544907192 0.0079753106140423302 0.017081022590127993 -0.004893866720912853 0.024135999503226296 0.02925341194946645 -0.0040063503864931869 0.023239543875186241 -0.021556453190524776 0.0020109386671614826 -0.047822833262969711 -0.0077523568591315152 0.00021278398202564011 0.011019207046333985 0.031807223896892639 0.0058865830786346838 0.0057793695833932212 -0.030539168188717547 0.017681726779669091 -0.022007590538378856 -0.0051802487323504356 0.027875145099004281 -0.020568893949869802 -0.010319196364626844 0.013576719925828483
leaf_weight=11.160593113861976 21235.716819755733 40.248116326518357 11.666709019802509 171.71814063936472 18.97256154101342 16.504555727355182 60.093894712626934 121.99071050342172 70.291800486855209 30.981807982549071 10.220511099323629 851.37248620204628 70.190287406556308 123.69023716822267 14.469634313136337 35.787863270379603 55.4293930279091 388.32373927440494 1094.3355817198753 60.798816010355949 208.65774084720761 419.91297521814704 11.728072719648479 149.73452005721629 27.652280021458864 1345.7420994713902 94.338762182742357 17.187745715491474 179.11070974729955 163.17370825633407
leaf_count=62 71021 199 62 799 40 35 196 366 282 118 36 3661 220 657 53 197 236 1452 3673 116 787 1718 67 443 132 6056 301 80 839 548
internal_value=0.00348438 0.00156556 0.0027318 0.00552715 -0.00266552 4.61524e-05 0.0082192 0.00029857 -0.00856446 -0.00351104 -0.00431408 -0.00239536 0.0144644 -0.0176785 -0.0168095 -0.0334752 0.00932261 -0.00408765 0.0102392 0.0121134 0.00154126 -0.000263416 0.010814 0.0141791 -0.00111687 -0.00270171 0.00422607 0.0204093 -0.000652747 0.00842026
internal_weight=27111.2 5875.49 4777.87 2341.12 579.014 2436.75 1762.1 358.063 180.643 1097.62 1066.63 932.723 81.3509 133.911 120.549 50.2575 177.42 560.042 1404.04 1155.13 248.906 2420.25 173.129 161.463 2247.12 1827.21 481.463 111.527 369.937 190.826
internal_count=94452 23431 18677 8396 2291 10281 6105 1330 728 4754 4636 3943 282 693 532 250 602 2251 4775 3789 986 10246 572 510 9674 7956 1900 381 1519 680
is_linear=0
shrinkage=0.03


Tree=87
num_leaves=31
num_cat=0
split_feature=12 1 8 15 9 11 10 7 9 5 11 12 5 9 9 5 1 13 5 5 12 15 8 11 7 0 8 5 12 0
split_gain=28.8581 36.3758 37.4999 53.9652 36.1122 35.7549 34.9208 39.7462 30.9982 50.8748 48.3902 40.2191 31.8074 31.5606 31.4327 47.9588 42.9393 30.9056 29.4605 29.9417 26.8749 26.043 25.8138 25.7895 25.7671 25.7185 25.6535 25.3145 25.0701 26.814
threshold=-0.66986743089370304 -0.0050725718611233086 0.91019182131506204 0.062697375095341568 0.12121601605712372 18.845919322332474 1.0000000180025095e-35 0.75000000000000011 0.064804528414187421 0.0085778979501554675 2.1277531144127564 -1.2750570246456656 -0.022724266189096658 0.050199306250976017 0.089302500053424591 0.026913500587231791 0.026915415299813231 -0.46974223168948498 0.0055875320310552869 0.011501101232927179 -0.74026018420331341 -0.3174996970211254 0.97940998200614604 -12.356152287256903 0.75000000000000011 -0.010034588375988583 1.7151781662165184 -0.011949511012514817 -0.8788615779262009 -0.00227706526499255
decision_type=2 2 2 2 2 2 2 2 2 2 2 2 2 2 2 2 2 2 2 2 2 2 2 2 2 2 2 2 2 2
left_child=1 26 3 18 -5 6 8 -8 9 10 11 22 13 -13 15 16 21 20 25 24 -11 -10 23 -4 -20 -3 -1 -12 -26 -30
right_child=-2 2 5 4 -6 -7 7 -9 14 17 27 12 -14 -15 -16 -17 -18 -19 19 -21 -22 -23 -24 -25 28 -27 -28 -29 29 -31
leaf_value=-0.0040127109356524089 0.003894185932202858 -0.050714556497222632 0.034435547195924031 -0.0039663885891416655 0.038100210742916106 0.05057877155297686 -0.0027106918296025207 -0.025573756107277551 0.025893242314145543 -0.027224184764005288 -0.018820992915125088 0.058356809193312778 -0.0065783425866538323 -0.021723692511941724 0.0020754328951136983 0.025989318422235709 0.049920272251365951 0.018559675037536784 0.0077320688142374604 0.0090427652377865278 0.025709939851228797 -0.016030359815452148 0.029097111802700554 -0.051801625869562683 -0.004747468552000208 0.010201556621518126 0.031416436605730645 0.016181978672342501 0.0019505508798915311 -0.046454336307208181
leaf_weight=1078.1891598720104 21239.134179129265 6.2656566482037297 5.125442081131041 559.85829951707274 18.989223784767091 12.536149776540695 242.34188591968268 95.362494603730738 13.892905591055749 26.452700538560748 20.479044352658093 13.385279875248672 617.54744294751436 6.6198467416688791 468.69419303070754 31.530845857225358 9.615731827914713 266.2670339634642 60.12437114212662 177.4223791891709 12.813430260866879 332.51058782730252 51.317114260978997 7.9806661177426559 70.285709261894226 1398.0748213026673 18.712903020903468 202.1519615445286 14.470069112256168 35.73755674995482
leaf_count=4690 71021 39 10 2251 40 24 1528 844 41 139 134 22 2407 50 1796 90 35 792 196 602 29 1495 138 45 282 4736 64 662 53 197
internal_value=0.00337945 0.00151851 0.0026496 0.005361 -0.00258638 4.43654e-05 -0.000216973 -0.00916687 0.00123167 0.00428247 0.000775383 -0.00308965 -0.0053723 0.0318576 -0.00315132 -0.00947245 -0.0126131 0.0148956 0.00797128 0.000289508 -0.00995058 -0.014349 0.0195002 -0.0180766 -0.00830889 0.00992977 -0.0034083 0.0129622 -0.0163131 -0.0325038
internal_weight=27113.9 5874.75 4777.85 2341.23 578.848 2436.62 2424.09 337.704 2086.38 1230.14 924.607 701.976 637.553 20.0051 856.244 387.55 356.019 305.533 1762.38 358.04 39.2661 346.403 64.4232 13.1061 180.618 1404.34 1096.9 222.631 120.493 50.2076
internal_count=94452 23431 18677 8396 2291 10281 10257 2372 7885 4428 3468 2672 2479 72 3457 1661 1571 960 6105 1330 168 1536 193 55 728 4775 4754 796 532 250
is_linear=0
shrinkage=0.03


Tree=88
num_leaves=31
num_cat=0
split_feature=16 9 5 11 1 5 11 8 11 8 9 16 6 1 16 6 12 8 8 6 5 9 9 4 8 11 0 13 16 12
split_gain=630.991 32.3076 42.4199 41.9681 53.1085 40.8633 46.28 45.1853 39.1849 38.0586 35.2101 46.9091 45.7274 31.9153 31.0055 28.3442 28.1189 39.8034 38.7189 32.7259 31.7927 30.0147 27.5878 26.5403 26.3739 48.1082 28.2925 26.3758 25.6566 25.6326
threshold=0.099609374708175838 0.023206342458122038 -0.005246354751939443 -16.438356164383617 0.0097450200093418555 0.0060109883145210421 5.5339740706429561 1.4116621191253855 10.000000000000078 0.65405870850132553 0.014867360725154427 0.21015778709336089 30.121667740299618 -0.0061776232863695038 0.1005052292243241 18.752067096143367 -0.57259725820748908 1.6842332406203195 0.51283230772526311 48.952158549623277 0.019663011120225483 0.18558449077028022 0.026088886279966989 0.5749998382812882 0.93667596882376769 -24.487076457424862 -0.005448028562087758 -0.21756339197616362 0.22065063485372552 -0.84670017260895669
decision_type=2 2 2 2 2 2 2 2 2 2 2 2 2 2 2 2 2 2 2 2 2 2 2 2 2 2 2 2 2 2
left_child=-1 2 3 -2 10 7 -7 9 -9 23 28 -12 -13 -8 -3 -11 17 18 22 -19 24 -22 -16 -4 25 27 -27 -20 -5 -29
right_child=1 14 5 4 -6 6 13 8 -10 15 11 12 -14 -15 16 -17 -18 19 20 -21 21 -23 -24 -25 -26 26 -28 29 -30 -31
leaf_value=-0.030517011869467283 -0.048931684244136318 -0.014373687518776478 0.012850381103239156 -0.037560295854469294 -0.056364692393234973 0.0044832827733596627 0.012092804893526723 -0.042439681726322329 0.0073208401267750968 -0.035668457583989045 0.010724831955590998 0.014754081231119466 -0.052742064617229557 -0.028723282651152052 -0.055510326546802713 0.012184354616849944 0.0042107083206791495 0.031552615150461608 -0.031124889853382121 0.00048586029973216873 0.0090119522655901715 -0.034968341238016315 0.023158038734848788 -0.0012024939747049088 -0.0015405405658072795 -0.0066136606223440187 0.0044117868573279205 0.019910563335044887 0.028397012853237667 -0.017569084173866469
leaf_weight=488.28430861420929 17.344232738018036 86.987354755401611 173.92824365198612 30.001339733600616 14.856102883815764 346.68105965852737 22.56768736243248 28.018404498696327 28.968074977397919 11.205854937434195 226.00315394997597 15.149275138974188 22.377347350120544 73.056623667478561 4.1845868378877631 1900.4378200769424 16877.382451049984 73.16394068300724 55.061853289604187 52.35437898337841 563.64838452637196 14.320429980754851 97.263719901442528 397.11612096428871 2772.1467964798212 229.34378088265657 2417.2108715325594 26.462003603577614 6.4487121552228919 43.287592306733131
leaf_count=29435 66 308 359 105 60 788 47 109 66 37 485 29 86 227 17 3789 40629 156 184 160 1290 65 167 970 8243 637 5748 52 10 128
internal_value=0.00327783 0.00389756 0.00666911 -0.00350004 -0.000997226 0.00780192 -0.000613265 0.00926749 -0.0171448 0.00987374 0.00174477 0.00556723 -0.0254943 -0.0190905 0.00350355 0.0119038 0.00357051 0.00186853 0.00153116 0.0185945 0.00122653 0.00792225 0.0199131 0.00307772 0.000528432 0.00259799 0.00345635 -0.0156031 -0.0258912 -0.00334984
internal_weight=27115.3 26627 3314.16 332.18 314.836 2981.98 442.305 2539.67 56.9865 2482.69 299.98 263.53 37.5266 95.6243 23312.8 1911.64 23225.8 6348.45 6222.93 125.518 6121.48 577.969 101.448 571.044 5543.51 2771.37 2646.55 124.811 36.4501 69.7496
internal_count=94452 65017 7233 841 775 6392 1062 5330 175 5155 715 600 115 274 57784 3826 57476 16847 16531 316 16347 1355 184 1329 14992 6749 6385 364 115 180
is_linear=0
shrinkage=0.03


Tree=89
num_leaves=31
num_cat=0
split_feature=16 9 8 1 5 5 14 16 15 5 3 7 8 6 16 12 8 6 0 3 5 9 12 3 5 5 8 15 1 6
split_gain=608.266 30.5044 41.1837 31.2028 33.6417 33.5858 27.7525 26.283 43.3629 24.612 33.68 31.1723 27.3581 26.947 50.1319 29.7827 25.8154 26.4753 42.0057 27.6415 27.7281 33.917 26.1872 45.6121 49.2998 58.1211 38.58 37.6955 36.6692 31.9662
threshold=0.099609374708175838 0.048962892742632873 0.74528864523312632 -0.023767089597421239 -0.015370306441570404 -0.045465155057129676 0.0053455565924540116 0.39108272419378198 -0.34954082724335922 0.019663011120225483 0.0017000000000002571 0.75000000000000011 1.6128561836170705 90.569935385323291 0.27298880272834875 1.5463843585294847 1.7950459958334704 12.108174392657149 -0.011904203854124327 3.3900000000000152 -0.015070436018479684 0.08038808734373229 -0.71431621465560935 0.79300000000000026 -0.018636780631645974 -0.032203348290777582 1.2813117275300965 -0.3174996970211254 0.021600543952462695 41.30053220470311
decision_type=2 2 2 2 2 2 2 2 2 2 2 2 2 2 2 2 2 2 2 2 2 2 2 2 2 2 2 2 2 2
left_child=-1 -2 3 4 -3 -5 -6 8 -7 16 11 -11 -12 14 -14 -16 17 18 -4 20 21 -20 23 24 25 26 -19 -26 -27 -25
right_child=1 2 9 5 6 7 -8 -9 -10 10 12 -13 13 -15 15 -17 -18 22 19 -21 -22 -23 -24 29 27 28 -28 -29 -30 -31
leaf_value=-0.030501474529547282 0.0047641744478654482 -0.0406434605028047 0.016586567470472626 0.02993767329111072 0.011245592320843425 -0.034081179484032768 -0.061211225210368321 0.024954041560982552 0.0073927984617631511 -0.028314983556702505 0.0050992706943777328 0.018076864800657188 0.0012554345568448842 0.023709934160572387 -0.045604474729329728 0.0021072353410569494 0.0091867036028560455 -0.0029225307118425081 0.049316187680217019 0.013976780504670331 -0.042280274788364894 -0.020132167676764994 0.0022250804121570042 -6.3512786908185271e-05 0.023456998993838192 -0.026364561838168727 0.045789669176736929 0.001214595655400231 0.025726279805747695 -0.022295867679524926
leaf_weight=474.09106526896358 13739.623051904142 23.86021688580513 38.382405504584312 64.295295178890228 42.003846168518066 23.166370570659637 5.3652844280004492 74.359963491559029 1100.3324963077903 13.795377388596533 1471.4645753949881 236.6595042347908 105.74054788053036 22.595177501440048 44.50872914493084 16.010480359196663 381.59162902832031 60.064191974699497 7.261702522635459 18.943089976906776 47.639936238527298 49.276023060083389 7343.7672531381249 94.112434893846512 72.770543694496155 153.55087372660637 19.345932886004448 1189.5356374084949 13.208674371242521 152.55576847493649
leaf_count=29435 31146 85 84 91 91 78 22 121 2400 52 3457 437 302 39 196 43 1015 216 10 52 202 188 19466 309 155 645 41 3444 42 588
internal_value=0.00318104 0.00378079 0.00273227 0.00772442 -0.0115938 0.00881464 0.00303874 0.00768086 0.00653761 0.00215609 0.00526659 0.0155215 0.00371966 -0.00702962 -0.0112072 -0.0329822 0.00153967 0.00122457 -0.0108156 -0.0193581 -0.0254195 -0.0112122 0.00143827 -0.00185383 0.000101822 -0.0121794 0.00894476 0.00249685 -0.0222386 -0.0138135
internal_weight=27099.9 26625.8 12886.2 1333.38 71.2293 1262.15 47.3691 1197.86 1123.5 11552.8 1910.77 250.455 1660.32 188.855 166.26 60.5192 9642.01 9260.41 161.503 123.121 104.178 56.5377 9098.91 1755.14 1508.48 246.17 79.4101 1262.31 166.76 246.668
internal_count=94452 65017 33871 2888 198 2690 113 2599 2478 30983 4526 489 4037 580 541 239 26457 25442 536 452 400 198 24906 5440 4543 944 257 3599 687 897
is_linear=0
shrinkage=0.03


Tree=90
num_leaves=31
num_cat=0
split_feature=16 15 3 12 16 11 11 7 8 13 11 15 6 8 12 16 1 6 3 0 14 11 8 15 13 16 0 9 3 12
split_gain=574.85 26.4831 32.6622 30.3685 28.184 29.4155 42.5856 27.9364 56.5946 45.8313 39.8084 30.112 28.5314 30.1947 27.2062 39.0532 29.8863 27.0491 26.6125 24.9732 24.6459 26.3725 24.2444 24.161 25.7381 29.9132 23.7755 26.5102 23.6714 23.5998
threshold=0.099609374708175838 -0.024750734031655126 787.15000000000521 3.14602506932416 0.1005052292243241 7.9889259702095829 11.25547308949675 -0.74999999999999989 1.2442777497569117 -0.3972594394377203 14.20329761746312 -0.10345019767706314 52.099766718507027 0.73442171643196175 1.464946952326025 0.27513795930633334 -0.010434803713790795 61.111111111111121 0.001199999999999986 0.00044146862132887771 0.010790352089185705 3.1603241194258285 1.2759220875207058 -0.038195812120304179 -0.36476066561162279 0.12408047145498115 0.0024788197062892707 0.025064961342272155 0.0014700000000000132 -0.65751861306528625
decision_type=2 2 2 2 2 2 2 2 2 2 2 2 2 2 2 2 2 2 2 2 2 2 2 2 2 2 2 2 2 2
left_child=-1 4 3 19 5 -2 -7 8 10 -10 12 -12 13 14 15 20 -17 -4 26 -3 -6 -22 -11 24 25 -20 27 -15 -27 -26
right_child=1 2 17 -5 7 6 -8 -9 9 22 11 -13 -14 18 -16 16 -18 -19 23 -21 21 -23 -24 -25 29 28 -28 -29 -30 -31
leaf_value=-0.030486373554803381 -0.032094159640989439 0.0059985689941933701 0.0047032209469954293 0.013569467786668236 0.012916011515149695 0.053014762790563448 -0.047926716326980708 0.003160000753183036 0.0061820409695247155 -0.046401310133099755 -0.0223787641328137 0.0046796603190023449 0.015162854820652863 -0.049072899211977612 0.027027978577755761 0.0047546388774341447 -0.043320309921097686 -0.029212876917568468 -0.027768142747527876 0.0030979910049670446 -0.0008515204237078631 -0.061290397970607764 -0.015407046433080532 0.017880433973103575 -0.0069851887001612292 0.031742094867978854 -0.055342459344976162 -0.0041802035981420077 -0.005158892409143437 0.0047454226828460523
leaf_weight=460.87462762463838 40.919985681772232 4466.9437014609575 38.236468493938446 324.85617120563984 272.08641754090786 10.181825369596483 5.9653638005256644 12325.996256418526 92.36717289686203 25.385718882083893 105.54341757297516 57.008323758840561 149.20869132131338 13.459749549627302 61.529358044266701 22.42863255739212 24.189708963036537 47.396668091416359 52.185098007321358 6646.2410634085536 50.021495386958122 7.4677674770355216 215.8082309961319 70.594690039753914 191.53039479255676 16.44239616394043 11.249687448143957 98.297040656208992 322.83307731151581 795.14203718304634
leaf_count=29474 165 10538 94 622 552 15 26 30421 279 116 331 131 314 50 94 50 85 151 172 16181 121 30 852 148 559 26 46 265 860 1880
internal_value=0.00273148 0.00330785 0.00438997 0.00452817 0.00247861 -0.0185642 0.0157233 0.00255877 -0.000232724 -0.0117876 0.00142772 -0.0128891 0.00250581 0.00156598 0.00853444 0.00550968 -0.0201909 -0.0140688 -0.000374714 0.00426388 0.00914501 -0.00870244 -0.0186692 0.000762769 -0.000114081 -0.00662296 -0.0137716 -0.00958698 -0.00337055 0.00246831
internal_weight=27022.4 26561.5 11523.7 11438 15037.8 57.0672 16.1472 14980.8 2654.78 333.561 2321.22 162.552 2158.67 2009.46 437.723 376.194 46.6183 85.6331 1571.73 11113.2 329.576 57.4893 241.194 1448.73 1378.13 391.461 123.006 111.757 339.275 986.672
internal_count=94648 65174 27586 27341 37588 206 41 37382 6961 1247 5714 462 5252 4938 932 838 135 245 4006 26719 703 151 968 3645 3497 1058 361 315 886 2439
is_linear=0
shrinkage=0.03


Tree=91
num_leaves=31
num_cat=0
split_feature=16 16 0 8 11 12 1 9 8 11 5 5 1 14 3 9 6 3 11 12 6 6 11 12 6 8 9 5 11 8
split_gain=554.644 22.8323 22.5271 21.3036 31.5719 25.7377 37.6945 25.5549 35.7987 33.0181 32.1758 27.7408 37.9187 38.2966 25.1755 30.5083 38.3971 30.4517 29.205 26.3947 28.3097 25.2249 23.6824 33.0601 27.7139 31.5451 46.3387 57.1891 41.6424 31.5584
threshold=0.099609374708175838 0.1005052292243241 0.0057664083578907741 0.78153287650927616 21.613166499134035 3.14602506932416 -0.025720477781977277 0.020916798229557443 1.4847894243702215 -1.32740633646774 -0.0097927008264727024 0.019663011120225483 -0.015213063391250945 -0.069932765475169592 0.0027999999999999835 0.063448918266985649 59.59770680552284 0.0041999999999999963 14.20329761746312 -0.77308616693030885 51.49820145522569 43.721523114007255 -24.487076457424862 -0.12453360778537374 82.306110142344735 0.66429968578279108 0.09031590355082901 -0.0011542355333580678 1.0603048893788494 0.52998045767908752
decision_type=2 2 2 2 2 2 2 2 2 2 2 2 2 2 2 2 2 2 2 2 2 2 2 2 2 2 2 2 2 2
left_child=-1 2 -2 4 5 22 -7 8 9 -5 -11 -9 13 -13 21 17 18 -16 19 20 -17 -14 23 -3 25 26 27 -24 29 -29
right_child=1 3 -4 7 -6 6 -8 11 -10 10 -12 12 14 -15 15 16 -18 -19 -20 -21 -22 -23 24 -25 -26 -27 -28 28 -30 -31
leaf_value=-0.030471771302181878 -0.0051820667042284923 -0.0091979584617373541 -0.045451487196094924 0.00062650864969545804 -0.01419573196054732 -0.062921980581798237 0.021537059109591424 0.002134120704323535 -0.02547626428010364 -0.05834699597392165 0.011601358173998962 0.0067442481439460153 -0.02298091673292469 -0.019138393973920056 -0.037144814071456284 -0.024388122020580327 0.0045541662202040452 0.013144411826060092 0.049507503840836721 -0.030730118820974039 0.027366111960182057 0.016055995754832714 -0.0044475765601240825 0.025468792257160339 0.01631265833614836 0.0066618558739863411 0.01711432213410875 -0.004605751115831642 -0.0058986845860420755 0.012266441343209009
leaf_weight=447.46481819450855 92.370703130960464 194.29534590244293 14.459673106670378 399.86733114719391 77.240756280720234 4.9441796988248816 124.85688723623753 17140.941625185311 29.945102199912071 5.9609702825546256 832.09113995730877 100.44516372680664 15.59297278523445 105.47804443538189 11.103015661239622 19.27554926276207 1046.793113514781 452.11581216752529 6.0444216430187216 60.560912728309631 18.780104950070381 334.13544172048569 983.89391525834799 28.373802557587624 194.79602500796318 3184.8458535820246 165.76050658524036 120.07460192590952 206.26183353364468 590.12427896261215
leaf_count=29474 301 526 66 946 226 20 202 43936 100 24 1659 258 54 376 37 73 2452 896 10 227 38 632 2474 49 342 6919 306 338 520 1167
internal_value=0.0026506 0.00320859 -0.0106326 0.00326448 0.00485775 0.00511157 0.01832 0.0028096 0.00693545 0.00771949 0.0111038 0.00253872 0.00573415 -0.00651337 0.00701803 0.00543744 0.00282192 0.011939 -0.0145035 -0.0184269 0.0011521 0.0143155 0.00480911 -0.00478052 0.00520122 0.00478902 0.0019021 0.000575195 0.00596754 0.00941383
internal_weight=27008.9 26561.4 106.83 26454.6 5875.47 5798.23 129.801 20579.1 1267.86 1237.92 838.052 19311.3 2170.32 205.923 1964.4 1614.67 1151.45 463.219 104.661 98.6166 38.0557 349.728 5668.43 222.669 5445.76 5250.96 2066.12 1900.35 916.461 710.199
internal_count=94648 65174 367 64807 13089 12863 222 51718 2729 2629 1683 48989 5053 634 4419 3733 2800 933 348 338 111 686 12641 575 12066 11724 4805 4499 2025 1505
is_linear=0
shrinkage=0.03


Tree=92
num_leaves=31
num_cat=0
split_feature=16 16 0 14 8 11 7 9 14 11 8 9 9 13 9 8 0 1 3 12 1 11 4 4 1 4 8 14 13 13
split_gain=535.243 21.5267 21.6514 20.4374 20.0881 29.7077 25.2474 44.1911 28.6612 29.3868 26.1115 59.5608 46.1482 30.7626 40.7385 47.0505 32.7936 30.3692 28.6986 24.37 35.5065 23.5384 23.5742 33.5635 23.2361 24.4306 22.7036 35.8737 25.8406 27.9221
threshold=0.099609374708175838 0.1005052292243241 0.0057664083578907741 -0.032660431917995912 0.78153287650927616 21.613166499134035 -0.74999999999999989 0.018947537976978315 -0.0052018657466181032 -3.4263825618215002 1.2396999871200636 0.028289454744916006 0.025580353496367291 -0.39175741861660773 0.12657912707229704 1.4116621191253855 -1.0000000180025095e-35 0.0057400896399369969 541.09999999999866 3.14602506932416 -0.025720477781977277 -2.8234399614913301 0.25663716764949712 0.86317585723914381 -0.059935602060540209 2.7921254143585559 1.0158992823399258 -0.068906968662335463 -0.31887555554468194 0.070397181706869746
decision_type=2 2 2 2 2 2 2 2 2 2 2 2 2 2 2 2 2 2 2 2 2 2 2 2 2 2 2 2 2 2
left_child=-1 2 3 -2 5 19 7 8 9 -6 12 -12 26 21 17 -16 -17 18 -15 -3 -21 -13 -23 -24 25 -8 -9 -28 -29 -30
right_child=1 4 -4 -5 6 -7 24 10 -10 -11 11 13 -14 14 15 16 -18 -19 -20 20 -22 22 23 -25 -26 -27 27 28 29 -31
leaf_value=-0.030457614101171249 -0.021154022623266166 0.0046670520037377277 -0.04477932635048433 0.0073365042548299651 -0.02123162513193972 -0.013763578202679505 0.021209968642594852 -0.020784584773213755 0.023569752724433846 0.010398760232165027 0.020124932800627784 -0.029033369236535579 0.0017468400760231701 -0.0268173802809594 -0.040391727011650905 0.00056190757410699062 0.073910329650548001 0.0084106082040307228 0.031692835477510201 -0.060947768950909489 0.020974620486359018 -0.017325012764660582 0.02586556101184943 -0.032128872189053422 0.0030545181749379313 -0.019481670776344311 -0.032206563819150255 0.037581586828057206 -0.036587198100580899 0.023233422758988213
leaf_weight=434.43903232365847 40.049693867564201 5665.8489845767617 14.239743471145628 52.18983581662178 33.823697328567505 77.275455109775066 107.23848934471607 130.40164613723755 109.01102511584759 121.02093362808228 60.44320572912693 18.913144126534462 1907.7493986487389 216.78196015954018 9.6040019392967242 10.416639238595966 11.589598089456555 27.890275448560715 7.8166984617710105 4.9510696977376929 124.36629092693329 24.860385566949844 57.486359760165215 10.644229367375372 17625.650148168206 15.155724003911017 21.655803143978119 22.849802270531654 13.453380584716799 14.690796017646788
leaf_count=29474 148 12641 66 153 100 226 221 384 185 250 129 80 4845 926 51 39 21 89 21 20 202 89 143 44 43864 61 71 32 46 27
internal_value=0.00257243 0.00311274 -0.0103491 -0.00503386 0.00316693 0.00471456 0.00272529 9.43407e-05 0.0117856 0.00348953 -0.00110726 -0.00761353 0.000299677 -0.0118473 -0.0170951 0.0150117 0.0391909 -0.0211147 -0.0247811 0.00496096 0.0178381 0.00147547 0.00768057 0.0168049 0.00314497 0.0161712 -0.013297 0.000142723 0.0138806 -0.00536182
internal_weight=26992.5 26558.1 106.479 92.2395 26451.6 5872.44 20579.1 2831.1 263.856 154.845 2567.25 456.446 2110.8 396.003 284.099 31.6102 22.0062 252.489 224.599 5795.17 129.317 111.904 92.991 68.1306 17748 122.394 203.051 72.6498 50.994 28.1442
internal_count=94648 65174 367 301 64807 13089 51718 7572 535 350 7037 1632 5405 1503 1147 111 60 1036 947 12863 222 356 276 187 44146 282 560 176 105 73
is_linear=0
shrinkage=0.03


Tree=93
num_leaves=31
num_cat=0
split_feature=16 16 0 14 14 3 11 8 0 12 11 8 3 9 16 7 3 13 11 1 1 13 6 9 9 8 8 3 8 1
split_gain=516.589 20.2979 20.8259 19.3335 19.9801 19.2291 42.8983 36.2317 27.4991 27.3037 38.1447 37.6699 29.962 35.6903 24.5794 22.9779 39.2934 57.0798 37.8782 37.8016 35.7952 41.3111 29.1173 29.0665 44.281 35.3798 30.7536 26.8615 34.7266 43.8709
threshold=0.099609374708175838 0.1005052292243241 0.0057664083578907741 -0.032660431917995912 -0.00090814594576066842 30.730000000000249 -1.6616164852567281 0.51283230772526311 0.0083789726860366027 -0.21639648026926309 3.6519305100083503 0.72334028429987651 47.335000000000043 0.01449079995273622 0.10247582221473385 0.75000000000000011 0.0016000000000004901 -0.24252894554351162 3.349698309973415 0.0048355989701649458 -0.017164599800655041 -0.54474730462320009 70.585089489189258 0.03830339637796757 0.039303628955884497 1.5101126491194976 0.76257176212420275 0.01379999999999987 0.85258909368206492 -0.034927342550665312
decision_type=2 2 2 2 2 2 2 2 2 2 2 2 2 2 2 2 2 2 2 2 2 2 2 2 2 2 2 2 2 2
left_child=-1 2 3 -2 -5 15 7 -7 9 10 11 -8 -12 -14 -11 27 -17 19 -19 20 -18 22 -22 25 -25 -20 -26 -3 29 -29
right_child=1 5 -4 4 -6 6 8 -9 -10 14 12 -13 13 -15 -16 16 17 18 23 -21 21 -23 -24 24 26 -27 -28 28 -30 -31
leaf_value=-0.0304438879692931 -0.020642849371568808 0.00090166880797559713 -0.04414545301115614 0.032058247324345236 -0.0066765369024107861 -0.020241445853221709 0.011940729456697951 0.0069561211271725962 -0.013258464076003324 0.03652791602963288 0.0292156600986265 -0.02575983781132048 -0.050059076434224935 -0.00067368783997048343 0.0010421973928895505 0.0097288960546255618 -0.014000946145900113 -0.0017897412587744531 0.011750213577484521 0.0036126051302598082 0.0037741231409672044 0.01206194557591244 -0.023937163045869247 -0.054775172179176344 0.024483328122065898 -0.035346515342864593 0.0014316171073418071 -0.022488929661987914 0.0022294509323909032 0.0063116209925593693
leaf_weight=421.78663700260222 39.813799813389778 5265.6637323573232 14.014291211962698 18.601940467953682 33.693065837025642 46.336054965853691 29.143420398235321 906.62085951864719 185.7915793210268 17.885659411549568 27.793577387928963 131.39668127894402 14.076582804322241 204.56357711553574 987.14164631068707 1152.1570081561804 55.884912014007568 1923.4407803714275 490.42308078706264 2058.7902380526066 141.29262734949589 1496.993365496397 44.992287397384644 12.299927577376364 54.42671725153923 14.788310736417769 1211.8343675881624 48.253726199269295 6408.6882685646415 3519.9045596420765
leaf_count=29474 148 13709 66 40 113 141 58 2051 544 25 51 433 53 530 2354 2408 177 4757 953 4710 338 3154 141 46 90 48 2891 147 17212 7786
internal_value=0.00249627 0.00301944 -0.0100746 -0.00489071 0.00710188 0.00307197 0.000595997 0.00563368 -0.00240858 -0.000980953 -0.00753667 -0.0189159 -0.000123624 -0.00385324 0.00167371 0.00333623 0.00457051 0.00377862 0.00113053 0.00636345 0.00961984 0.0104041 -0.00291882 0.00427945 0.00187218 0.0103716 0.00242243 0.00263519 0.00355012 0.00592214
internal_weight=26978.5 26556.7 106.123 92.1088 52.295 26450.6 2550.75 952.957 1597.79 1412 406.974 160.54 246.434 218.64 1005.03 23899.8 8657.32 7505.17 3707.21 3797.95 1739.16 1683.28 186.285 1783.77 1278.56 505.211 1266.26 15242.5 9976.85 3568.16
internal_count=94648 65174 367 301 153 64807 6240 2192 4048 3504 1125 491 634 583 2379 58567 19713 17305 8785 8520 3810 3633 479 4028 3027 1001 2981 38854 25145 7933
is_linear=0
shrinkage=0.03


Tree=94
num_leaves=31
num_cat=0
split_feature=16 15 3 6 0 13 6 16 11 5 14 8 9 3 8 4 5 4 0 6 8 8 1 5 16 13 9 4 14 5
split_gain=498.66 24.3862 29.8905 25.3173 40.986 35.0305 25.1871 23.1611 27.9572 23.0799 49.3167 43.2819 44.3847 59.0774 37.8683 34.5396 31.5791 37.3918 31.7403 29.2399 39.882 34.8477 29.0334 28.955 50.3034 31.7529 27.0338 33.3923 32.9271 27.1118
threshold=0.099609374708175838 -0.024750734031655126 787.15000000000521 82.306110142344735 0.001530249826483532 0.11500156178178017 61.111111111111121 0.1005052292243241 7.9889259702095829 -0.0012720339009667308 0.040969451308111728 0.52998045767908752 0.028540622691819884 0.20400000000000154 1.946074217491047 0.26342206000802404 0.0066052779947033307 9.4877688081510829 0.012818076727325824 56.941091645534378 1.3782093935550963 1.3169894258613091 -0.00042051340879711846 -0.017041712260291424 0.19515048604320759 0.021492499443542777 0.022942039762226477 0.77499999628651028 0.085466766153502974 0.016686832894793693
decision_type=2 2 2 2 2 2 2 2 2 2 2 2 2 2 2 2 2 2 2 2 2 2 2 2 2 2 2 2 2 2
left_child=-1 3 9 7 -5 -6 -4 8 -2 10 22 -11 16 14 -14 -12 -13 18 26 20 -15 -21 -3 24 25 -17 27 -18 -29 -28
right_child=1 2 6 4 5 -7 -8 -9 -10 11 15 12 13 19 -16 23 17 -19 -20 21 -22 -23 -24 -25 -26 -27 29 28 -30 -31
leaf_value=-0.030430579411035275 -0.030710723576728702 0.0097040946759417417 0.0044344563073386561 0.017826093419667628 0.0022944800527192667 -0.053623106751666101 -0.028291530038249208 0.0019954331391455727 0.016160440148853285 -0.017899252933124374 -0.011535608847020333 0.011847598538116838 0.0066317088327297602 -0.0049513575204717733 -0.035093730798347864 -0.010385345687931773 -0.040690330153838321 0.025776214843908504 0.034760430618625368 -0.0013444887738066353 -0.042112835770924381 0.0088415839021064278 0.0028994783824829408 -0.0018626404364892855 0.018431036731375541 0.020862170308125171 0.0070017750543854068 -0.019363118124570727 0.020330117933211253 -0.038659369437658728
leaf_weight=409.49727145023644 40.076253086328506 833.30777373164892 38.220977008342743 233.20624378323555 189.40478293597698 10.650001898407934 47.433095097541809 14545.972034983337 16.03595407307148 72.403924472630024 256.25984114408493 1302.28610868752 3422.1456500738859 349.25415734946728 19.688259810209274 139.18125019967556 34.720166251063347 49.05500753223896 19.160022810101509 1026.612072750926 28.081459298729897 428.42020739614964 1748.3201727047563 1242.5954953730106 190.23954299092293 37.061809659004211 139.23103408515453 54.508276373147964 28.718717604875565 12.777289927005766
leaf_count=29474 165 1925 94 418 424 41 151 36499 41 233 781 2552 7626 948 78 465 120 82 26 2490 122 974 4540 3272 465 87 303 156 52 44
internal_value=0.00242242 0.00292904 0.00396766 0.00213328 0.00927998 -0.000682317 -0.0136884 0.00192123 -0.0173157 0.00409992 0.00241044 0.00517521 0.00541682 0.00407635 0.00639303 -0.00130623 0.00972653 0.00155837 -0.00255074 -0.000275178 -0.00771693 0.0016547 0.0050959 0.000322885 0.00773313 -0.00381437 -0.00519889 -0.0159764 -0.00566637 0.00316366
internal_weight=26964.5 26555 11519.7 15035.3 433.261 200.055 85.6541 14602.1 56.1122 11434 4446.97 6987.06 6914.66 5274.2 3441.83 1865.34 1640.46 338.171 289.116 1832.37 377.336 1455.03 2581.63 1609.08 366.483 176.243 269.955 117.947 83.227 152.008
internal_count=94648 65174 27586 37588 883 465 245 36705 206 27341 11535 15806 15573 12238 7704 5070 3335 783 701 4534 1070 3464 6465 4289 1017 552 675 328 208 347
is_linear=0
shrinkage=0.03


Tree=95
num_leaves=31
num_cat=0
split_feature=16 8 15 5 0 11 13 15 8 12 6 5 6 11 6 1 11 0 12 3 8 13 0 5 12 16 16 13 5 16
split_gain=488.754 21.9433 29.1688 39.9396 42.0566 33.7956 30.6278 32.5043 33.8906 39.1522 33.2626 31.7121 48.6498 42.1592 30.3381 32.6732 29.4767 28.5006 28.2207 28.1724 27.589 27.3347 27.0971 27.0343 26.8851 26.5737 29.9233 26.0897 41.6683 25.6787
threshold=0.099609374708175838 0.94708936094204133 -0.01727900386486508 -0.0056663815486811481 0.011269128532229613 28.096709563165405 3.0724447528826495 -0.009385146351872993 1.402761495427338 -0.65144584603051492 51.898941417356816 -0.030843917332845448 22.727272727272716 -7.6268456039768164 34.245358974921857 -0.0017239941611271179 -7.8048539537861332 -0.0027018851743784151 -0.4613477665979076 1.7149999999999184 1.0763606214450177 -0.57856750789899947 -0.0019416192700493771 -0.063005129673424379 3.0310027826919428 0.20036514691653481 0.34544831441242274 -0.5864216510026492 0.014997013275203188 0.11025168656527794
decision_type=2 2 2 2 2 2 2 2 2 2 2 2 2 2 2 2 2 2 2 2 2 2 2 2 2 2 2 2 2 2
left_child=-1 24 23 4 6 -6 7 -4 11 10 -10 13 -13 -9 15 -5 21 -18 -15 -17 -20 -14 -19 -3 27 -11 -27 28 -2 -24
right_child=1 2 3 14 5 -7 -8 8 9 25 -12 12 16 18 -16 19 17 22 20 -21 -22 -23 29 -25 -26 26 -28 -29 -30 -31
leaf_value=-0.030417555477737255 -0.00061798058278153165 0.018735510406865937 0.018612511794462959 0.0027716887595721396 -0.019439665670378664 0.026001168157836291 0.02529901799299452 -0.033297002935741352 0.036939501664086077 -0.012139294205878146 -0.018254396869537427 -0.036295447011724102 -0.045405349480719899 0.036871471373420346 0.0044627206923003931 0.02843144672938017 0.0025713820894190768 -0.049311496909209399 0.027538655385400231 0.0045132408091767074 -0.024372950266257451 0.009884686743474095 0.012140136006526343 0.00088969458210405117 0.011566500474426433 0.017817621158007679 -0.023125850755692349 0.0040175556904857085 -0.037142064562119735 -0.013457624795821384
leaf_weight=398.78930301591754 560.58291906118393 77.13176004588604 81.535346403717995 148.08004443347454 147.58848621696234 16.36342279613018 45.968733116984367 15.419492423534392 58.198224976658821 77.487507358193398 11.823292426764963 45.0122459679842 8.487601086497305 44.543625473976135 4221.0282051712275 146.13818265497684 170.38275882601738 16.979251772165298 18.288688749074936 63.613703817129135 18.569567620754242 155.21124449372292 39.897688806056976 8037.8494429439306 404.31558084487915 92.566938683390617 19.43863832950592 11521.715943552554 29.596049755811691 304.12075631320477
leaf_count=29573 1385 151 197 374 554 31 106 73 124 262 53 178 39 97 9835 288 461 73 36 158 70 434 101 21527 774 226 76 26338 105 1001
internal_value=0.00254822 0.00304248 0.0022301 0.00382242 -0.000635755 -0.0149044 0.0012756 0.000338113 -0.00102085 0.00845089 0.0276199 -0.00395791 -0.00607011 0.0121876 0.00517372 0.0135607 -0.00411277 -0.00754174 0.0208034 0.0211775 0.00138506 0.00701796 -0.0123149 0.00105932 0.00395647 0.00136756 0.0107119 0.00370243 -0.00244958 -0.0104889
internal_weight=26996.7 26597.9 14081.7 5966.74 1387.88 163.952 1223.93 1177.96 1096.43 259.515 70.0215 836.913 740.092 96.8214 4578.86 357.832 695.079 531.38 81.4019 209.752 36.8583 163.699 360.998 8114.98 12516.2 189.493 112.006 12111.9 590.179 344.018
internal_count=94700 65127 36525 14847 4192 585 3607 3501 3304 741 177 2563 2287 276 10655 820 2109 1636 203 446 106 473 1175 21678 28602 564 302 27828 1490 1102
is_linear=0
shrinkage=0.03


Tree=96
num_leaves=31
num_cat=0
split_feature=8 9 9 15 5 0 6 1 14 7 1 15 8 4 13 9 15 13 8 0 9 1 3 8 3 4 0 12 9 13
split_gain=19.9143 47.3275 29.947 27.9333 40.6339 40.7049 29.7878 30.1424 28.9572 28.9471 34.2554 32.6418 34.0169 30.4351 29.5087 28.5623 29.718 29.77 36.7342 28.3125 28.1596 28.0599 27.4965 34.1204 26.5654 25.8398 24.9516 24.8861 36.3799 24.6226
threshold=0.94708936094204133 0.14083898534907374 0.22312426493641338 -0.01727900386486508 -0.0056663815486811481 0.0056528696865414405 34.245358974921857 -0.0017239941611271179 -0.090104607043582072 -0.74999999999999989 0.00081377275894900525 -0.3107638772607435 1.2396999871200636 5.6363635851240383 -0.071842454619425011 0.045951712221032615 -0.19782913781170108 0.27012687614358194 0.9717956472679925 0.0018908188450705856 0.096959070711686038 0.039826403490004887 0.0071000000000007732 1.946074217491047 1.7149999999999184 0.50303028763451219 0.020034659544946213 3.0310027826919428 0.076063440208331445 -0.5864216510026492
decision_type=2 2 2 2 2 2 2 2 2 2 2 2 2 2 2 2 2 2 2 2 2 2 2 2 2 2 2 2 2 2
left_child=1 27 -3 9 5 8 7 -6 -5 11 13 20 -13 26 -15 -16 -17 19 -19 -18 -2 -10 -14 -24 -9 -8 -11 29 -29 -1
right_child=3 2 -4 4 6 -7 25 24 21 10 -12 12 22 14 15 16 17 18 -20 -21 -22 -23 23 -25 -26 -27 -28 28 -30 -31
leaf_value=-0.0026583976449228463 -0.020917454658582392 -0.0202772768456152 0.024927018842149689 -0.016568806908733226 0.0025455291470489645 -0.0092607068027746892 0.0076400255236247277 0.027183357150333265 0.0026013958404971149 0.0036080323997800547 -0.0015326957362186784 0.001342944447872081 0.0059815578772295401 -0.027368591156370255 0.0080134076505514237 -0.01853356306090775 -0.035717526669806335 -0.052895788210649865 0.0054081201113800759 0.029702767139669489 0.032300575515195204 0.036978532170146954 -0.017481227309887652 0.03782089231280461 0.0040635120026456086 0.0024522781379986217 0.024976052437840391 0.012224523631448299 -0.047264684433331511 0.0035839235161225246
leaf_weight=598.09964630194008 130.40039589907974 111.45206668879837 14.960215135477481 70.231143091805279 148.74944651685655 402.9672958124429 1202.7457020301372 147.41590373497456 919.65627582836896 3820.1816901629791 2447.8735641911626 811.53639109898359 72.264149087481201 42.258261662907898 195.25751379597932 119.36643326096237 34.26222469471395 10.131324954330919 242.87551318947226 7.2060204790905109 9.6078621288761479 21.877593047916889 232.68637765012681 10.493725782260297 64.212473155930638 3069.2308985572308 49.82412667106837 395.79797286726534 9.473271267488597 11570.151267446578
leaf_count=2356 615 444 54 326 421 2138 3551 345 3843 13181 9506 3293 376 226 705 490 175 51 805 23 28 56 1395 30 201 10222 165 964 38 38677
internal_value=0.00247273 0.00333704 -0.0149276 0.00170423 0.00325255 -0.00119741 0.00461157 0.0128943 0.00201405 0.000567451 0.00132577 -0.00360379 -0.00190656 0.00287335 -0.00312622 -0.00144432 -0.00590664 -0.000788276 0.00307342 -0.0243493 -0.0172654 0.00340019 -0.0102665 -0.0150948 0.0201683 0.00391285 0.00388313 0.00352067 0.010834 0.0032771
internal_weight=26983.2 12699.9 126.412 14283.3 6047.09 1414.73 4632.35 360.378 1011.77 8236.23 6969.24 1266.99 1126.98 4521.36 651.357 609.099 413.842 294.475 253.007 41.4682 140.008 941.534 315.444 243.18 211.628 4271.98 3870.01 12573.5 405.271 12168.3
internal_count=94700 42533 498 52167 21103 6363 14740 967 4225 31064 25327 5737 5094 15821 2475 2249 1544 1054 856 198 643 3899 1801 1425 546 13773 13346 42035 1002 41033
is_linear=0
shrinkage=0.03


Tree=97
num_leaves=31
num_cat=0
split_feature=16 9 8 5 8 1 6 15 6 9 9 9 1 1 8 6 16 6 5 6 3 9 15 15 1 4 16 16 16 8
split_gain=470.553 22.3042 33.0584 36.521 27.2145 39.8605 45.9667 32.2826 23.4524 25.3645 25.7574 29.8025 23.8014 25.1071 23.1777 22.5765 25.6613 22.3473 21.7271 59.2456 47.5848 46.9657 34.1031 31.6108 27.7173 27.3365 25.4172 24.4652 23.9232 32.5184
threshold=0.099609374708175838 0.045091209099095579 0.4888415077034558 -0.0056663815486811481 0.57851512529700966 0.0029193582782685028 56.941091645534378 0.1896359330473186 77.777777777777914 0.0071703983303059594 0.025845554278428839 0.036795072400247861 -0.010217000849652989 -0.0056292292387279943 0.52998045767908752 33.317197652319429 0.16780821868549442 48.357345477780662 0.020187218564022748 54.721673235961937 0.01590000000000014 0.064804528414187421 -0.029125790244060194 -0.32432589545883256 0.012802656819536186 4.916663593752463 0.35469106942749845 0.13258077058311477 0.3185019986948649 0.99391405609642314
decision_type=2 2 2 2 2 2 2 2 2 2 2 2 2 2 2 2 2 2 2 2 2 2 2 2 2 2 2 2 2 2
left_child=-1 4 3 -3 5 8 -7 -8 9 -2 12 -12 -11 17 -13 16 -15 -14 28 24 23 -22 25 -21 27 26 -23 -20 29 -4
right_child=1 2 18 -5 -6 6 7 -9 -10 10 11 14 13 15 -16 -17 -18 -19 19 20 21 22 -24 -25 -26 -27 -28 -29 -30 -31
leaf_value=-0.030405874133411177 0.019968259470476597 0.023609668511627883 0.002621958274873369 -0.010229208037494568 0.0041476377790122584 0.0076466430370804922 -0.018549299918055234 -0.060490489639900717 0.029115829179054805 0.032273716499221852 0.016650853562890294 0.01215199338809243 -0.053596229991760939 -0.026843733817275554 -0.036770215376468192 -0.010572351897660941 0.033253077401568541 0.011643554938252086 0.0099668805009317293 -0.064272800683769199 0.015577890162666004 -0.0020449681562425474 0.0049540699233992279 0.014069344894392554 -0.038378157329163325 -0.04107062043264928 -0.027107217874123304 -0.010331560433585366 0.0040748547256878207 -0.00084930964175250782
leaf_weight=387.87504702247679 52.867651544511318 122.06738905608654 4585.4541381374002 37.53010793030262 11610.968414723873 52.598949126899242 85.321734994649887 20.481882721185684 27.282182514667511 12.688400432467459 101.09953752160072 15.513975352048872 19.577671959996227 8.8255294263362867 19.889540702104568 185.26635077595711 23.216705709695816 6.228922337293624 73.480896815657616 4.6695953309535971 212.43991857767105 272.22509536147118 466.74671041965485 632.99552781879902 24.097084313631058 20.600965887308121 42.043963357806206 195.93895085155964 2496.0560217574239 5164.1918876692653
leaf_count=29573 104 191 11225 122 26131 125 262 83 39 20 208 42 76 28 68 504 34 13 186 19 398 722 1082 1236 96 78 142 623 6182 15088
internal_value=0.00239875 0.00287724 0.00207477 0.0156523 0.00381793 -0.00225036 -0.0152738 -0.0266684 0.00211607 0.000461407 -0.00216736 0.00835569 -0.00778271 -0.00987329 -0.0153323 -0.00655098 0.0167004 -0.0378493 0.00192207 0.00486732 0.00707437 0.0030365 -0.000287151 0.0134956 -0.00755248 -0.00759244 -0.00539788 -0.00479541 0.00145422 0.000783297
internal_weight=26980.2 26592.4 14350.5 159.597 12241.8 630.859 158.403 105.804 472.456 445.174 392.307 136.503 255.804 243.115 35.4035 217.309 32.0422 25.8066 14190.9 1945.24 1651.72 1014.06 801.617 637.665 293.517 334.87 314.269 269.42 12245.7 9749.65
internal_count=94700 65127 37390 313 27737 1606 470 345 1136 1097 993 318 675 655 110 566 62 89 37077 4582 3677 2422 2024 1255 905 942 864 809 32495 26313
is_linear=0
shrinkage=0.03


Tree=98
num_leaves=31
num_cat=0
split_feature=16 9 14 14 0 14 12 8 8 6 3 5 16 4 13 12 8 12 6 4 15 7 12 6 3 12 3 0 14 13
split_gain=454.331 21.0867 31.5939 35.5432 35.3359 38.5964 44.2025 37.9123 29.8509 29.2798 28.9784 26.1002 24.959 24.0427 21.8781 28.7156 30.7533 21.8454 29.7704 21.3694 20.8171 20.8274 21.0608 20.5432 25.5364 20.5034 20.6435 20.2868 21.5194 30.4586
threshold=0.099609374708175838 0.062078259512435709 0.0034876763514028078 0.029201676668804709 -0.0060618237912714581 -0.23402744074855697 -0.49310546156645646 0.63738377481367525 1.0000000180025095e-35 1.0000000180025095e-35 0.0016000000000004901 0.039838890879744203 0.10828542700166477 2.1428568367348215 -0.5162872973942142 0.40554806668421467 1.174545534447673 3.0310027826919428 21.617611081254854 2.017390418450669 0.10593830133276838 -0.74999999999999989 3.7086084809737097 56.12042962858775 0.17999999999998553 -0.78696285438199498 0.017399999999999919 -0.013617507933488369 -0.17108672344705225 -0.39995624741349506
decision_type=2 2 2 2 2 2 2 2 2 2 2 2 2 2 2 2 2 2 2 2 2 2 2 2 2 2 2 2 2 2
left_child=-1 8 4 25 5 6 -3 -6 9 -2 -7 17 23 19 15 -5 -17 27 -19 20 21 -14 -23 -12 -25 -4 -27 28 29 -10
right_child=1 2 3 14 7 10 -8 -9 11 -11 12 -13 13 -15 -16 16 -18 18 -20 -21 -22 22 -24 24 -26 26 -28 -29 -30 -31
leaf_value=-0.030393720196358106 0.024965171854359716 0.019649550039185563 -0.0025292301823743699 -0.012651775480939837 0.012884801558986586 0.02277482257267853 -0.048895303944647778 -0.0024755332444500676 0.023752301866853991 -0.03952326212698562 -0.037875173373034657 0.033256045865144912 -0.0061391904149996675 0.017525275864846188 0.0027474690420337101 -0.017935165924252757 0.024025886237016136 -0.015801542664745538 0.010107335441530755 -0.038632833933114674 0.019715282495537969 0.0041033398184426653 -0.028329527776171214 0.020777345805406643 -0.048637715089683134 0.014925898033384523 0.0060779039474512624 0.0033557230629030401 -0.0066200600574847241 -0.0112647823745422
leaf_weight=376.5598576432094 8.3015289157628995 12.567790001630781 139.29078691452742 186.92690510302782 151.56613586843014 69.824115768074989 25.950858354568481 3154.5535987392068 55.472101330757141 26.768573336303234 24.01854832470417 26.39653368294239 221.18010970950127 106.05684643983841 2171.4404762536287 23.743962034583092 46.513888984918594 42.453168109059334 667.4470331966877 11.118356019258497 65.299489244818687 1501.1257360428572 18.238608986139297 17.148577332496647 6.6076024621725074 407.65423481166363 567.97378112375736 16447.971625387669 346.10704851150513 37.447903603315353
leaf_count=29573 20 28 433 616 294 139 105 8973 100 164 95 37 690 247 5760 70 80 122 1338 43 135 3808 80 36 29 904 1452 38300 925 104
internal_value=0.00232804 0.00279148 0.00160334 0.00380328 0.000155765 0.00322015 -0.0265306 -0.00177135 0.00339226 -0.024258 0.00378173 0.00344728 0.00310881 0.00364095 0.00176754 -0.00650611 0.00984496 0.00340257 0.00855794 0.00283051 0.0030858 0.00246191 0.00371401 -0.0183106 0.00147007 0.00823773 0.00977493 0.00318584 -0.00317862 0.00963999
internal_weight=26963.7 26587.2 8928.8 3543.54 5385.26 2079.14 38.5186 3306.12 17658.4 35.0701 2040.62 17623.3 1970.79 1923.02 2428.63 257.185 70.2579 17596.9 709.9 1816.96 1805.84 1740.54 1519.36 47.7747 23.7562 1114.92 975.628 16887 439.027 92.92
internal_count=94700 65127 24017 9315 14702 5435 133 9267 41110 184 5302 40926 5163 5003 6526 766 150 40889 1460 4756 4713 4578 3888 160 65 2789 2356 39429 1129 204
is_linear=0
shrinkage=0.03


Tree=99
num_leaves=31
num_cat=0
split_feature=16 9 8 5 8 1 6 3 9 9 6 9 9 9 8 1 11 13 5 0 8 0 6 6 9 9 6 8 0 1
split_gain=438.722 20.0853 31.3188 34.4124 25.3954 37.4324 43.1182 27.4988 23.2492 41.366 22.6564 22.1657 31.612 25.1517 29.1176 22.6856 23.5537 29.7837 21.7919 23.1971 21.3039 21.0824 40.887 23.0252 24.7224 23.2301 23.5588 21.8689 21.1278 22.6418
threshold=0.099609374708175838 0.045091209099095579 0.4888415077034558 -0.0056663815486811481 0.57851512529700966 0.0029193582782685028 56.941091645534378 0.011100000000000556 0.036299230913337824 0.018630668015857867 82.306110142344735 0.0071703983303059594 0.025845554278428839 0.037807533892747075 0.52998045767908752 -0.010217000849652989 -8.6890677576855015 0.14796881384231605 0.0016034379949426841 0.0015921627775550287 0.5572463037531189 -0.013617507933488369 43.923623478336573 22.163354478938498 0.0348010977312408 0.03805508460074674 26.624555330978364 0.93134992811146866 -0.0025574126285618499 -0.022157752535945759
decision_type=2 2 2 2 2 2 2 2 2 2 2 2 2 2 2 2 2 2 2 2 2 2 2 2 2 2 2 2 2 2
left_child=-1 4 3 -3 5 10 -7 8 9 -8 11 -2 15 -14 -15 -13 17 -17 19 -18 -20 22 23 -6 -25 -26 -27 -24 -23 -30
right_child=1 2 -4 -5 21 6 7 -9 -10 -11 -12 12 13 14 -16 16 18 -19 20 -21 -22 28 27 24 25 26 -28 -29 29 -31
leaf_value=-0.030381934829208514 0.019083824643883213 0.023014848802475826 0.0017985166352599848 -0.0099247271096977712 -0.03887877450866712 0.0072969433294347939 0.019031300143941672 -0.03789505100427288 0.031180733979547303 -0.052745286491130132 0.040051299403189904 0.031301600267680946 0.016323951996515547 0.015134497111067577 -0.040999288511818173 0.0057741284751965018 -0.0053540645722311422 -0.057569227443425137 -0.053427006933974418 -0.047583785706309688 -0.0065617371310321537 0.0061954719647764672 -0.062677081116130767 0.011789569371722486 -0.032298866493929872 0.038536720794197198 -0.0061810724835181614 -0.015434338091545725 -0.026131165799717904 0.0033985355765810176
leaf_weight=365.57044772617519 52.978921644389629 120.70682869851589 14189.206046827137 37.385225489735603 12.84265787899494 52.616899773478508 13.194692850112917 65.621634505689144 10.837226673960684 15.976024582982062 13.653657138347624 12.665652923285959 113.22957918792963 16.392533726990223 16.881295949220657 93.765537559986115 93.470453754067421 7.1931479424238196 24.91278113424778 13.383034706115721 13.438784286379812 3186.923505410552 14.162762641906737 122.99735026061535 26.243467733263969 12.188248723745344 81.531814768910408 23.370396688580513 23.436311185359955 8102.909624889493
leaf_count=29573 105 191 37077 122 44 125 30 237 16 62 15 20 231 41 60 215 239 29 97 50 34 6996 57 250 86 18 211 67 75 18327
internal_value=0.00225915 0.00270802 0.00194647 0.0152254 0.00360091 -0.00226417 -0.0148909 -0.0259432 -0.00633962 -0.0202788 0.00196946 0.000834961 -0.00155025 0.00958562 -0.0133447 -0.00785341 -0.00986802 0.00126101 -0.0176059 -0.0106432 -0.0370049 0.00391937 -0.00402098 0.000269292 0.00233862 -0.00735134 -0.000365545 -0.0332609 0.00412525 0.00331337
internal_weight=26949.7 26584.1 14347.3 158.092 12236.8 630.212 158.246 105.63 40.0079 29.1707 471.965 458.312 405.333 146.503 33.2738 258.829 246.164 100.959 145.205 106.853 38.3516 11606.6 293.337 255.804 242.961 119.964 93.7201 37.5332 11313.3 8126.35
internal_count=94700 65127 37390 313 27737 1606 470 345 108 92 1136 1121 1016 332 101 684 664 244 420 289 131 26131 733 609 565 315 229 124 25398 18402
is_linear=0
shrinkage=0.03


Tree=100
num_leaves=31
num_cat=0
split_feature=16 11 8 13 5 12 1 12 4 14 13 3 6 13 5 1 14 5 16 3 1 11 16 8 3 14 6 16 6 8
split_gain=420.112 18.7254 36.5788 39.4523 17.2456 18.0441 18.9939 16.9882 35.5804 34.1681 29.7605 25.8341 23.8273 22.3239 22.284 17.4174 18.4262 18.8023 18.3948 17.1514 36.6778 45.6822 35.1082 40.123 29.9041 34.6935 25.399 25.2737 25.0685 36.6113
threshold=0.099609374708175838 44.980734828677662 1.1591789759276632 -0.5162872973942142 0.011501101232927179 2.1926895734091163 0.039826403490004887 -1.3734552238411337 1.4782602268433707 -0.14271169118458973 -0.33979794437851435 0.75049999999998829 63.531889978693059 -0.41867370682123967 0.0055875320310552869 0.0064204276045787276 -0.0087121244564323085 -0.0045728687102649249 0.13046797017534964 0.18750000000000003 0.0028157395160995917 -13.844896707951557 0.37117013023397821 0.85750889060588686 0.08699999999999998 0.18993739655770875 32.059788568874353 0.44056048413853582 65.554052492856528 1.946074217491047
decision_type=2 2 2 2 2 2 2 2 2 2 2 2 2 2 2 2 2 2 2 2 2 2 2 2 2 2 2 2 2 2
left_child=-1 7 -3 -4 -5 6 -6 8 10 -10 12 -12 13 14 -2 16 -11 -18 -19 24 26 -22 23 -23 28 -26 -21 -28 -9 -30
right_child=1 2 3 4 5 -7 -8 19 9 15 11 -13 -14 -15 -16 -17 17 18 -20 20 21 22 -24 -25 25 -27 27 -29 29 -31
leaf_value=-0.030370572092385181 0.022602667817847564 0.012417058927994643 0.043105922579157685 -0.025732299588775671 0.015916349054420329 0.025017221192945048 -0.054517175664657282 0.0020206897461029906 0.030688922354783307 -0.045193010439293919 0.028446135609376814 -0.025778282249737532 -0.052957034302754169 -0.039016154257649947 -0.035034101476256768 0.0027435328394401388 0.0044004760131047252 -0.0014428791927066742 -0.052407338249089865 0.0060915451980375398 0.009490219662076119 0.0025700162323583002 0.0067395217087259417 -0.0048497007228990576 0.0071074410899568865 -0.034714795560441124 0.0020534055087531931 -0.045054240725378197 0.005097917297192168 -0.031078872666453681
leaf_weight=352.96532609499991 28.455235287547112 62.328771121799946 9.6551679819822294 98.212725356221199 6.2080343216657656 14.012416139245031 7.7446475774049759 9710.7779642790556 11.982037007808684 35.45319227874279 53.178860031068325 9.2888509631156904 9.5191489681601507 10.669187620282171 7.6630579680204383 19.459788784384727 21.262614063918591 10.208634600043299 16.967907905578613 1886.2553878873587 371.47743181884289 933.89735271036625 405.45848168432713 2203.8172715976834 2016.3330179825425 18.010994553565979 4502.4698105379939 10.273516818881033 3891.4371517077088 25.340603455901146
leaf_count=29408 58 125 18 396 14 27 33 24635 21 146 103 30 42 41 28 60 60 26 73 4482 842 2107 880 6017 4745 62 10925 39 8654 100
internal_value=0.00214225 0.00257681 -0.00661056 -0.0153416 -0.0198141 0.000970661 -0.0231788 0.00264627 -0.00539894 -0.0172676 0.00612592 0.020383 -0.00969123 -0.000888588 0.0103741 -0.0228273 -0.0287588 -0.0167304 -0.033263 0.00271878 0.00176882 -0.000518494 -0.00156784 -0.00264132 0.00334435 0.00673717 0.00316811 0.00194616 0.00283786 0.00486386
internal_weight=26760.8 26407.8 198.162 135.833 126.178 27.9651 13.9527 26209.7 234.109 115.334 118.774 62.4677 56.3066 46.7875 36.1183 103.352 83.8923 48.4392 27.1765 25975.5 10313.6 3914.65 3543.17 3137.71 15661.9 2034.34 6399 4512.74 13627.6 3916.78
internal_count=94197 64789 613 488 470 74 47 64176 688 386 302 133 169 127 86 365 305 159 99 63488 25292 9846 9004 8124 38196 4807 15446 10964 33389 8754
is_linear=0
shrinkage=0.03


Tree=101
num_leaves=31
num_cat=0
split_feature=16 9 5 3 3 14 15 4 1 15 4 15 8 16 13 15 8 5 15 9 14 15 0 3 5 14 13 5 5 8
split_gain=405.816 22.5474 37.0001 17.6108 29.2215 32.4286 27.9866 40.4667 27.8549 26.7992 25.7569 27.1154 25.594 35.908 35.4509 32.435 34.3637 30.4657 28.4494 26.7207 28.0903 25.9931 24.1306 26.2816 23.3341 23.0461 23.6027 22.7034 22.3309 36.0673
threshold=0.099609374708175838 0.0087269177344521543 -0.0011542355333580678 0.18750000000000003 0.08699999999999998 0.18993739655770875 -0.19782913781170108 91.126877509599908 0.0028157395160995917 -0.20038653868746667 6.5604574198154317 0.13348460600038339 0.85750889060588686 0.37117013023397821 -0.5162872973942142 0.037958321608072026 0.59630451259640005 0.03102839188186501 0.22977115785836225 0.015260457860293687 -0.21215635837505059 0.016537518260363881 0.0009520367244477691 0.37800000000000727 -0.011949511012514817 0.0098214376718989676 -0.14429459878302373 0.00076437499734938869 -0.00080374626107219819 2.0686321759855786
decision_type=2 2 2 2 2 2 2 2 2 2 2 2 2 2 2 2 2 2 2 2 2 2 2 2 2 2 2 2 2 2
left_child=-1 2 -2 4 6 -6 7 9 10 -3 11 -5 14 17 -10 19 -17 18 -14 21 -21 -16 -12 -24 -20 -19 -27 -22 -8 -30
right_child=1 3 -4 8 5 -7 28 -9 12 -11 22 -13 13 -15 15 16 -18 25 24 20 27 -23 23 -25 -26 26 -28 -29 29 -31
leaf_value=-0.03035948787996787 -0.017181037889300987 0.00055368569999836553 0.019867415603869131 0.002764918170375759 0.0067413253635455446 -0.033714445489429021 0.001751560663920139 -0.032403480747781661 -0.017944908016238697 -0.025168548158477411 -0.0018645818155946436 0.011540990468771864 -0.0040935533739119108 0.0066189073693467826 -0.031277309307070802 -0.021799538433614984 0.0019828304313222606 -0.052624724265567496 0.03440035196864389 -0.066385143022664253 0.017063632217022479 0.026545400502807952 -0.0014841458499015754 -0.051562868985348585 0.0034704919909631601 -0.02253179173798632 0.041407911002771559 0.0041386107185567168 0.0045691586168903776 -0.034815993383955621
leaf_weight=342.65679697692394 29.366975113749504 2505.8104704767466 139.53118990361691 5503.1409305408597 2043.5367828309536 17.98934967815876 5154.184743270278 34.774304330348969 67.461656495928764 36.992238894104958 492.31367793679237 336.21123787760735 2083.4922707602382 370.29627212882042 25.789899930357933 61.261449798941612 509.0160810649395 18.597780168056488 24.062354192137718 4.1496137380599967 311.23213639855385 9.6019098162651044 18.687712013721466 19.042176142334938 250.31784218549728 30.524440348148346 6.2618330419063559 201.50142185389996 6080.2177115529776 20.9984962195158
leaf_count=29408 83 6353 270 13402 4832 62 13382 121 199 121 1276 701 5710 821 81 186 1137 79 47 17 583 15 49 83 577 99 10 436 13972 85
internal_value=0.00207868 0.00249961 0.0134257 0.00242927 0.00305624 0.0063883 0.00255967 -0.000260096 0.00146577 0.000179483 0.00269545 0.00327022 -0.000505325 -0.00207958 0.00317701 0.00444637 -0.000571965 -0.0034143 -0.0028977 0.00962829 0.011355 -0.0155898 -0.00363661 -0.0267587 0.00618295 -0.0254077 -0.0116478 0.0119842 0.00320542 0.00443361
internal_weight=26749 26406.4 168.898 26237.5 15894.5 2061.53 13833 2577.58 10343 2542.8 6369.4 5839.35 3973.57 2783.55 1190.01 1122.55 570.278 2413.26 2357.87 552.275 516.883 35.3918 530.044 37.7299 274.38 55.3841 36.7863 512.734 11255.4 6101.22
internal_count=94197 64789 353 64436 38928 4894 34034 6595 25508 6474 15511 14103 9997 7343 2654 2455 1323 6522 6334 1132 1036 96 1408 132 624 188 109 1019 27439 14057
is_linear=0
shrinkage=0.03


Tree=102
num_leaves=31
num_cat=0
split_feature=6 9 11 15 5 6 11 3 15 3 12 4 0 8 5 14 4 4 8 11 13 8 9 9 5 11 14 8 11 11
split_gain=18.6098 30.023 33.7724 29.9277 60.0246 31.3917 36.2166 26.8659 22.9346 30.7295 23.2952 21.3876 23.5464 21.6002 24.3176 29.2922 25.4598 25.1734 29.6721 21.311 28.9564 30.2031 22.6439 20.5569 36.1315 25.759 19.526 27.3493 19.4164 19.3491
threshold=77.777777777777914 0.17641538363547937 19.833461623533449 -0.18589463873865056 0.010147565178229337 82.306110142344735 -6.9852203225730092 0.077999999999999639 0.29743861918920805 78.900000000005107 1.6750645014228029 6.5604574198154317 0.001530249826483532 0.5572463037531189 0.0072042670968525757 -0.028358172871833814 10.909073884348119 20.330269140908118 1.0048855450669281 44.980734828677662 -0.5162872973942142 1.1515938578851224 0.065765291270163742 0.0087269177344521543 -0.0011542355333580678 11.45384480732451 0.0034876763514028078 1.57338666513545 -3.7853319874533269 6.4630080104170053
decision_type=2 2 2 2 2 2 2 2 2 2 2 2 2 2 2 2 2 2 2 2 2 2 2 2 2 2 2 2 2 2
left_child=19 3 7 4 5 6 -2 -3 11 10 -10 12 -5 -13 15 16 -15 18 -17 23 -21 -22 -23 24 -1 -26 27 -14 -6 -9
right_child=1 2 -4 8 28 -7 -8 29 9 -11 -12 13 26 14 -16 17 -18 -19 -20 20 21 22 -24 -25 25 -27 -28 -29 -30 -31
leaf_value=-0.017283753194162449 0.012204588724972126 -0.035263607599040139 0.015611715366519877 0.013736487787845614 -0.0090745682869326858 0.021540982343463872 -0.042610094893667905 0.010991215300515306 0.0057284869527970649 -0.066596057276838747 -0.038983502085820562 0.030386408143181293 0.0012117891188103567 -0.0405550397867653 0.003823786129738372 -0.0013591751386150914 0.013247507445298845 -0.067778229037796942 -0.063549185968332964 0.040260817562887685 0.0086743574561681837 -0.039122865922446882 -0.010014808604553367 0.0017701291198890224 0.021809615756954535 -0.03195016107295863 0.0082179775155006157 -0.044352582736073544 -0.047552277422665094 -0.037221226612516589
leaf_weight=30.798128019087017 23.926295005716383 47.007444278337061 33.236385986208916 498.2833320889622 18.358153505250812 53.971153841353953 19.846564414910972 28.775840301066637 51.0423484724015 7.7776689594611517 13.199174568057058 19.049451837316155 285.74272592458874 10.062086522579191 179.95951788406819 25.196235522627831 37.109061157330871 12.690542806871234 9.5112397382035834 9.845060436986385 41.112296578474343 40.626269369386137 58.961073476821184 24114.403483391739 133.09349278360605 8.5359731530770642 869.84204259421676 12.369220733642576 33.054970061406493 10.128827301785348
leaf_count=205 50 195 74 984 54 89 71 83 110 33 43 27 643 34 403 57 72 54 41 26 119 238 239 87664 510 69 1791 47 129 43
internal_value=0.002017 0.00459678 -0.0100673 0.00539788 -0.0075725 0.00622993 -0.0126483 -0.0200016 0.00635004 -0.0102767 -0.00345812 0.00696103 0.00827653 -0.000505197 -0.00264875 -0.0149656 0.00177088 -0.031622 -0.0184017 0.00177418 -0.00947829 -0.0129586 -0.0218893 0.00184393 0.0121656 0.0185695 0.00594715 -0.000678762 -0.033813 -0.00156089
internal_weight=26737.5 2300.14 119.148 2180.99 149.157 97.744 43.7729 85.9121 2031.83 72.0192 64.2415 1959.82 1666.24 293.578 274.529 94.5692 47.1711 47.398 34.7075 24437.4 150.545 140.7 99.5873 24286.8 172.428 141.629 1167.95 298.112 51.4131 38.9047
internal_count=94197 5127 395 4732 393 210 121 321 4339 186 153 4153 3465 688 661 258 106 152 98 89070 622 596 477 88448 784 579 2481 690 183 126
is_linear=0
shrinkage=0.03


Tree=103
num_leaves=31
num_cat=0
split_feature=9 5 11 3 4 8 5 3 3 14 1 11 8 11 15 4 8 5 5 12 9 9 5 15 4 15 13 4 9 4
split_gain=17.3054 33.0093 23.7079 18.6289 21.0229 17.5278 23.3619 16.2939 27.28 30.3563 25.4736 43.5092 25.2562 29.4972 33.5812 38.0742 34.7125 29.6251 28.0288 26.1813 29.7814 30.307 27.8981 25.2273 37.8526 25.0382 24.9761 33.6938 34.4816 23.8643
threshold=0.0087269177344521543 -0.0011542355333580678 11.45384480732451 408.40000000000151 11.999999858332133 0.4888415077034558 0.0010619742194143951 0.18750000000000003 0.08699999999999998 0.18993739655770875 0.0028157395160995917 -13.844896707951557 0.85750889060588686 14.778032220687233 0.13348460600038339 1.4999997540323899 1.4398016950360366 0.02596379933264607 -0.0093829508959652596 -0.18070019753406449 0.045659540871272865 0.019295221768228302 0.024138971215054553 -0.19782913781170108 91.126877509599908 -0.20038653868746667 -0.45408644224161565 0.14564466345182167 0.028540622691819884 6.5604574198154317
decision_type=2 2 2 2 2 2 2 2 2 2 2 2 2 2 2 2 2 2 2 2 2 2 2 2 2 2 2 2 2 2
left_child=1 3 5 4 -1 6 -3 8 23 -10 29 -12 18 14 -14 17 -17 19 -13 20 21 -16 -22 24 25 -2 27 -20 -29 -9
right_child=7 2 -4 -5 -6 -7 -8 10 9 -11 11 12 13 -15 15 16 -18 -19 26 -21 22 -23 -24 -25 -26 -27 -28 28 -30 -31
leaf_value=-0.038663513866090057 0.00013852581568859563 0.025353611301125265 -0.03094006749937234 0.041821661363759595 0.030424761908186881 0.026252535128758508 -0.028429082163617891 0.0026912830515595744 0.0060342086313306068 -0.032766721776675063 0.0088154972100653525 0.01366557953691383 -0.0077269963724548507 0.0019446275291588938 -0.059539021560489853 0.0048613889113218005 0.035380538121808441 -0.058892695367898262 0.016943915604739034 0.0028333807257252723 -0.037893979038351323 0.005319866806390898 0.043107381047613552 0.0026263365370860917 -0.031517463310187947 -0.024564523192784949 0.001611134185337151 -0.061652361107800452 -0.01198722418677167 -0.0039142227087113563
leaf_weight=21.738249648362405 2535.2082584910095 15.401029454544188 8.5615108683705312 4.2146623861044636 4.8479588516056529 105.21138741541654 13.766020673327146 5914.055826023221 2068.7724878536537 18.307708015665412 375.91763014905155 159.77381323184818 1422.0645220354199 678.3601754354313 7.2489258563145986 143.49946344457567 43.773103408515453 8.8711848091334087 20.419456845149398 219.02605409640819 48.525550631806254 61.45101672410965 4.1543854475021353 11398.753927485086 35.258789446204901 37.472804631106555 766.89604975841939 18.504706422798336 39.304244048893452 536.93216151092201
leaf_count=183 8931 75 70 6 17 354 90 20658 7041 93 1100 460 5906 2042 76 477 100 41 58 637 269 245 5 40233 171 168 2389 135 137 2030
internal_value=0.00195659 0.0113938 0.0174639 -0.016776 -0.0260654 0.0205478 -3.02951e-05 0.00189486 0.00249413 0.00569385 0.000973608 -0.000901551 -0.00190455 -0.00344679 -0.00531409 0.00108105 0.0119949 -0.00477068 0.00214246 -0.00336022 -0.0145364 -0.00152377 -0.0315061 0.00201735 -0.000644408 -0.00022129 -3.60298e-05 -0.0161837 -0.0278851 0.00214149
internal_weight=26736.3 173.741 142.94 30.8009 26.5862 134.378 29.1671 26562.6 16093.8 2087.08 10468.8 4017.79 3641.87 2636.97 1958.61 536.55 187.273 349.277 1004.9 340.406 121.38 68.6999 52.6799 14006.7 2607.94 2572.68 845.124 78.2284 57.809 6450.99
internal_count=94197 795 589 206 200 519 165 93402 56637 7134 36765 14077 12977 9798 7756 1850 577 1273 3179 1232 595 321 274 49503 9270 9099 2719 330 272 22688
is_linear=0
shrinkage=0.03


Tree=104
num_leaves=31
num_cat=0
split_feature=16 9 5 6 0 12 3 8 5 9 12 15 5 6 3 6 8 5 9 6 3 11 11 16 5 8 9 6 8 5
split_gain=390.459 19.0201 31.0644 21.1113 39.2417 29.5403 22.8958 18.4841 20.6188 35.7555 20.2771 31.7973 19.3643 18.375 17.1525 29.8123 29.554 34.1836 27.3181 33.4985 41.2006 29.8863 37.3263 29.9666 33.1549 29.388 34.1036 36.659 50.0203 38.0472
threshold=0.099609374708175838 0.0087269177344521543 -0.0011542355333580678 12.108174392657149 -0.011904203854124327 1.7231098836344587 468.15000000000151 0.45446411322830399 -0.014246849626661158 0.094625507508677251 0.92027225243763278 -0.10188623213306293 -0.030843917332845448 44.501676730587576 0.18750000000000003 32.059788568874353 0.52998045767908752 -0.0015104004112762609 0.061673012145457805 34.245358974921857 239.35000000000221 -0.76582942220494432 -0.44604841726145755 0.10146161202850579 0.0031738797434279781 0.73442171643196175 0.067707820545920325 45.092191190619594 0.90483725787228031 0.001825137514636706
decision_type=2 2 2 2 2 2 2 2 2 2 2 2 2 2 2 2 2 2 2 2 2 2 2 2 2 2 2 2 2 2
left_child=-1 2 13 4 5 -3 7 -6 9 -9 -10 -12 -11 -2 -5 -16 17 -17 19 20 -18 -21 -23 24 -24 -20 -27 28 -28 -30
right_child=1 3 -4 14 6 -7 -8 8 10 12 11 -13 -14 -15 15 16 18 -19 25 21 -22 22 23 -25 -26 26 27 -29 29 -31
leaf_value=-0.030349918049483646 -0.04730700137244772 0.030864442354644479 0.018300409131285628 0.0029454559738208768 0.023629316038069517 -0.012662861697243934 0.030086514748487985 0.026668318082205367 -0.038825382939566035 0.005592035847279556 -0.041217037102234143 0.027775788727958918 -0.030203391829120445 0.0021290534847665781 0.0046416202383982126 -0.0006110164363112118 -0.014137931946999895 -0.031244350694637286 0.010951949792740856 0.0044699603290912953 0.014623359977039114 -0.022878245642944193 0.036522375841735601 0.00032873072006247428 -0.018745716591150503 -0.014064583738290113 -0.033888761501889825 -0.0046570237682596622 0.015556124870439676 -0.014052329236118275
leaf_weight=333.70493549574167 10.570455715060236 37.505067154765129 138.70483217388391 15743.018450446427 10.029248386621473 22.421356290578842 10.312921866774557 20.400520965456963 57.102174177765846 19.794304236769676 11.775011464953424 12.284072756767271 43.475897461175919 18.804834306240082 2012.3692011684179 78.801973402500153 225.71069559454918 56.142011202871799 132.46712107956409 2761.4391919672489 55.934413239359856 61.590151280164719 40.11446838080883 3263.5010388493538 12.913552030920981 243.96294963359833 24.588385492563248 991.04436222463846 238.4712370634079 46.711141422390938
leaf_count=29408 39 64 270 38451 15 72 19 41 236 62 46 22 177 44 4945 198 640 196 275 6298 111 187 67 7721 44 785 91 2877 619 177
internal_value=0.00189791 0.0023055 0.0123651 0.00224105 -0.00652225 0.0145788 -0.013351 -0.0159129 -0.0183188 -0.00786872 -0.029092 -0.00599072 -0.0190047 -0.0156601 0.0023237 0.00136835 0.000568307 -0.0133557 0.000800322 0.00169082 -0.00842597 0.00215492 0.000262495 0.000692234 0.0230633 -0.0026089 -0.00377176 -0.00184138 0.00716665 0.0107064
internal_weight=26735.7 26402 168.08 26233.9 245.101 59.9264 185.174 174.861 164.832 83.6707 81.1613 24.0591 63.2702 29.3753 25988.8 10245.8 8233.39 134.944 8098.45 6421.2 281.645 6139.56 3378.12 3316.53 53.028 1677.25 1544.78 1300.82 309.771 285.182
internal_count=94197 64789 353 64436 754 136 618 599 584 280 304 68 239 83 63682 25231 20286 394 19892 15068 751 14317 8019 7832 111 4824 4549 3764 887 796
is_linear=0
shrinkage=0.03


Tree=105
num_leaves=31
num_cat=0
split_feature=16 4 8 15 14 8 6 16 5 6 9 0 12 6 9 0 15 3 16 7 13 12 9 3 8 12 15 13 13 13
split_gain=366.79 23.8508 26.276 37.1399 34.6357 34.0501 37.7527 26.1851 29.6567 23.4332 33.1885 22.7332 34.4498 29.1865 51.4755 25.1169 29.9259 24.9814 28.2482 29.7283 30.918 27.6329 37.7599 35.9545 26.2155 24.966 24.5565 24.5098 23.9515 26.2215
threshold=0.099609374708175838 6.5604574198154317 0.84993570738780511 -0.093948322231580658 -0.023205138674934827 1.3782093935550963 60.025583691889501 0.1005052292243241 0.0069037200836346022 24.180722701285692 0.1450595690508665 0.0022117265978746086 3.14602506932416 66.816735619746694 0.18558449077028022 0.0024102607876588249 -0.22550044578971032 1.4799999999999971 0.13903568677626302 0.75000000000000011 -0.45773763838988385 0.15310501958794537 0.081148606988487373 1.6300000000000099 1.8608848829211784 1.9384539243134229 0.092424813447263651 -0.071842454619425011 -0.60421492448542791 -0.38614810273502637
decision_type=2 2 2 2 2 2 2 2 2 2 2 2 2 2 2 2 2 2 2 2 2 2 2 2 2 2 2 2 2 2
left_child=-1 7 -3 4 -4 -5 9 8 -2 10 -7 13 15 26 -15 16 -13 -17 19 -19 -21 22 28 -23 -24 -25 -9 -14 -20 -30
right_child=1 2 3 5 -6 6 -8 11 -10 -11 -12 12 27 14 -16 17 -18 18 21 20 -22 23 24 25 -26 -27 -28 -29 29 -31
leaf_value=-0.030339346561881839 -0.0045084316687044523 0.0031586649160024087 -0.0033954414550823064 -0.0017554296420229348 -0.016790015691637059 -0.045973327583057402 -0.0014791503724595862 0.001831804455465276 -0.045689486460110687 0.024940578339741441 0.031763154948132137 -0.042429547525470658 0.012616012378794674 0.0064538806871631193 -0.025458500671110759 0.0018980381898012412 -0.0054418471499778267 0.010531802221628051 -0.027863246798097818 0.017412667931549525 -0.013558190097039576 -0.043317739409870243 -0.031456084740558325 0.0037810565722322703 0.0051120022305043977 -0.0089647865490401803 0.0062793670123817537 -0.013347461033084202 0.0046383885201556601 -0.0080919082193080995
leaf_weight=323.1021316703409 66.676349222660065 1173.6301673352718 569.30737913399935 1196.3506877943873 250.05640354752541 10.696602746844293 139.38939370214939 9779.0762352123857 20.601698949933052 128.68289647996426 9.1892130672931653 21.475804403424263 332.55807317793369 2537.6809575110674 46.321318700909615 6472.5706292614341 236.3247617483139 287.67633178830147 39.233419716358185 38.725496113300323 115.63151562213898 16.810240373015404 87.414543822407722 635.75140574574471 22.105864122509956 176.7662002146244 1261.4086881577969 36.294668719172478 221.74101614952087 424.19571134448051
leaf_count=29340 219 2673 1601 3153 796 49 353 24243 94 293 20 81 639 5555 194 16108 620 663 138 78 319 61 360 1454 66 453 2901 95 536 1167
internal_value=0.0014304 0.0018199 -0.000494963 -0.00235634 -0.00748325 0.000473795 0.00973533 0.00217176 -0.0142291 0.0202569 -0.0100514 0.00223457 0.00107933 0.0030117 0.00588181 0.000702705 -0.00852307 0.000981252 -0.00189088 0.00483292 -0.00578814 -0.00372099 -0.00771862 0.000109678 -0.0240751 0.00100815 0.00233995 0.0100612 -0.00510414 -0.00372178
internal_weight=26677.4 26354.3 3477.3 2303.67 819.364 1484.31 287.958 22877 87.278 148.569 19.8858 22789.8 9165.28 13624.5 2584 8796.42 257.801 8538.62 2066.05 442.033 154.357 1624.02 794.691 829.328 109.52 812.518 11040.5 368.853 685.17 645.937
internal_count=94322 64982 8938 6265 2397 3868 715 56044 313 362 69 55731 22838 32893 5749 22104 701 21403 5295 1060 397 4235 2267 1968 426 1907 27144 734 1841 1703
is_linear=0
shrinkage=0.03


Tree=106
num_leaves=31
num_cat=0
split_feature=16 4 8 8 12 3 3 16 5 11 4 6 11 5 1 6 0 12 6 9 0 5 9 12 14 6 5 9 8 6
split_gain=354.763 22.4449 24.729 33.6181 37.425 31.7921 27.5834 24.7277 28.5243 23.3145 37.8902 33.2754 28.6061 28.5165 26.3845 21.7521 21.3895 32.4725 27.5847 45.1388 23.6403 24.98 58.118 38.2412 33.649 29.5808 31.8309 27.1597 38.1252 27.2704
threshold=0.099609374708175838 6.5604574198154317 0.84993570738780511 1.3782093935550963 -0.37971033595474174 0.0075250000000001436 6.1999999999999327 0.1005052292243241 0.0069037200836346022 -4.9668874172183735 10.909073884348119 42.126411102934505 -5.6440550607196487 0.01255154496498668 -0.024678191050528705 49.726775956284136 0.0022117265978746086 3.14602506932416 69.994864872060774 0.18558449077028022 0.0024102607876588249 -0.0061232717238747436 0.030168220520729674 -0.30573406381463741 0.13091552987906196 40.898807588974002 -0.023384192249184529 0.06437801344216719 0.63155102729462398 67.064411548618779
decision_type=2 2 2 2 2 2 2 2 2 2 2 2 2 2 2 2 2 2 2 2 2 2 2 2 2 2 2 2 2 2
left_child=-1 7 -3 6 5 -5 9 8 -2 10 13 -12 -13 -4 -11 -7 18 20 -9 -20 -18 22 23 -22 27 26 -26 -24 29 -29
right_child=1 2 3 4 -6 15 -8 16 -10 14 11 12 -14 -15 -16 -17 17 -19 19 -21 21 -23 24 -25 25 -27 -28 28 -30 -31
leaf_value=-0.03032920654277188 -0.004378792264566095 0.0030644223984544988 -0.016427500587304848 0.0014546525029479258 -0.0018071491543125387 0.040923607434957113 -0.017860304317698653 0.0023708046577592926 -0.045007338211333292 -0.0220749144154068 -0.018833995626793172 0.0064299495749076986 -0.03532357623476471 -0.05525326657745 -0.00020329279615902479 0.012037890433124509 -0.0082704779774479889 0.0097739634890438801 0.0068635610873556546 -0.026784008612433727 -0.0036984962025824225 0.0019912586950429629 0.0042335182310460811 -0.031893382925186252 0.0049029665696865461 -0.0041082206988475945 -0.042809815597496081 0.027354624059406352 -0.0040927544521001816 -0.016382232330246181
leaf_weight=313.65627048071474 66.592165693640709 1173.4349664747715 120.13670293241739 72.76005632430315 260.8923604786396 51.74729298055172 121.19417677819729 11679.902277812362 20.291221126914024 51.670511722564697 85.511460542678833 197.68726503103971 15.959998011589049 19.836612120270729 1263.0367327779531 42.925245434045792 257.71026889979839 368.3161207139492 1907.2501649409533 36.57071553170681 83.423482656478882 6054.0268134400249 1034.3173185288906 90.004450395703316 17.50351095199585 125.46498370915651 44.774767234921455 59.620424285531044 1012.7041081115603 16.348585188388824
leaf_count=29340 219 2673 395 205 748 101 359 28631 94 179 296 500 59 83 3242 98 701 734 4102 160 217 14404 2521 294 55 357 189 86 3235 45
internal_value=0.00138792 0.00176544 -0.000480333 -0.00228619 0.00529688 0.0163663 -0.00401844 0.00210678 -0.0138674 -0.00306193 -0.00904683 -0.00301902 0.00331085 -0.0219298 -0.00106289 0.0278266 0.00216768 0.00104704 0.00292151 0.00623052 0.000681609 0.000951812 -0.00158137 -0.0183309 -0.000324269 -0.012498 -0.0294 0.000752297 -0.00255511 0.0179424
internal_weight=26665.3 26351.6 3476.79 2303.36 428.325 167.433 1875.03 22874.8 86.8834 1753.84 439.132 299.159 213.647 139.973 1314.71 94.6725 22787.9 9164.21 13623.7 1943.82 8795.9 8538.19 2484.16 173.428 2310.73 187.743 62.2783 2122.99 1088.67 75.969
internal_count=94322 64982 8938 6265 1152 404 5113 56044 313 4754 1333 855 559 478 3421 199 55731 22838 32893 4262 22104 21403 6999 511 6488 601 244 5887 3366 131
is_linear=0
shrinkage=0.03


Tree=107
num_leaves=31
num_cat=0
split_feature=16 4 4 12 9 9 13 16 9 5 14 8 1 3 8 14 8 14 1 13 11 8 8 3 11 1 16 2 12 15
split_gain=343.164 21.2335 43.0368 40.9304 19.0353 23.8763 20.7878 19.0211 24.1188 19.5566 22.9385 18.249 26.4522 25.9667 26.6306 25.8228 30.4079 20.8188 20.6626 21.7456 19.9105 20.7324 28.0397 30.2621 21.1358 19.1739 24.6164 18.1296 29.7424 29.0593
threshold=0.099609374708175838 7.7894695844896598 10.368420643352817 -0.8086313091411037 0.053731554645797035 0.050199306250976017 0.37763452724714902 0.1005052292243241 0.017909541161843519 -0.0019581452321761304 -0.055095984788472573 1.6344059853575812 -0.0028873400691526436 17.910000000000085 0.86767473767248471 0.067464439965820147 1.0892679807633805 -0.18463589638926811 -0.0022464991473414293 0.27012687614358194 -24.487076457424862 0.92055351374678973 0.89416406014995675 0.0040000000000002265 5.5339740706429561 -0.026826615938986383 0.14212063306436171 0.0022092843310241145 3.14602506932416 0.092424813447263651
decision_type=2 2 2 2 2 2 2 2 2 2 2 2 2 2 2 2 2 2 2 2 2 2 2 2 2 2 2 2 2 2
left_child=-1 7 3 4 5 6 -3 8 -2 10 -10 13 -13 14 -4 16 18 -16 -15 -20 -19 22 24 -24 -22 26 -23 29 -29 -9
right_child=1 2 11 -5 -6 -7 -8 27 9 -11 -12 12 -14 15 17 -17 -18 20 19 -21 21 25 23 -25 -26 -27 -28 28 -30 -31
leaf_value=-0.030319372757103075 0.024286509224477754 -0.012638671465263944 0.0054876371578258679 -0.004399600208377168 -0.042829966159637016 0.024270230311139895 -0.057640447871680711 0.0022156158154106381 -0.044983731623618899 -0.033827277277532444 0.009367375373660428 -0.0077208463062334587 0.023991286703453914 0.01089547930997696 -0.043415022071196435 0.019397946355286029 -0.055080940135276403 0.030578431745661286 0.0061909539274159781 -0.054014784402918278 0.0046032111522933085 0.023431734769105008 -0.010217219849010055 -0.05171252766300407 -0.037173956332773213 0.00062415049666280286 -0.036505323184424163 0.0006857547179179161 0.0093859314645357607 0.0062429239781487868
leaf_weight=304.48356282571331 14.130495324730871 35.21218079328537 824.0843760818243 541.37715674191713 36.270393550395966 11.174239486455916 12.524120301008223 12221.815162874758 9.1445334106683713 37.511450260877609 29.64296218752861 35.616697043180466 70.593843474984169 21.023407697677612 10.515551418066023 14.798942774534224 20.140915408730507 17.689364232122898 8.8831484019756335 13.767293840646742 81.085394382476807 8.0927777737379056 40.301731765270233 26.036628186702728 12.591369748115538 1113.7164430096745 25.916592642664909 8827.5518312081695 368.39945349097252 1857.5731839388609
leaf_count=29340 32 99 1827 1444 155 23 51 29859 42 159 89 118 149 45 40 28 84 34 21 52 195 19 113 102 43 2933 107 22192 737 4190
internal_value=0.00134677 0.00171272 -0.000671484 -0.0075893 -0.0257319 -0.0152049 -0.0244454 0.00201694 -0.0117153 -0.0183828 -0.00344643 0.0012065 0.0133569 0.000630031 0.00124642 -0.0163062 -0.0245862 -0.00136979 -0.0105231 -0.030403 -0.00103622 -0.00146386 -0.0115802 -0.0265034 -0.00101218 -5.3444e-05 -0.0222429 0.0020703 0.00103429 0.00274696
internal_weight=26651.7 26347.2 2981.41 636.558 95.1809 58.9105 47.7363 23365.8 90.4294 76.2989 38.7875 2344.85 106.211 2238.64 2160.03 78.6137 63.8148 1335.95 43.6738 22.6504 1325.43 1307.74 160.015 66.3384 93.6768 1147.73 34.0094 23275.3 9195.95 14079.4
internal_count=94322 64982 7682 1772 328 173 150 57300 322 290 131 5910 267 5643 5413 230 202 3586 118 73 3546 3512 453 215 238 3059 126 56978 22929 34049
is_linear=0
shrinkage=0.03


Tree=108
num_leaves=31
num_cat=0
split_feature=16 4 16 5 4 12 4 4 6 3 13 4 9 0 12 6 9 9 13 3 0 15 5 9 11 14 16 5 1 16
split_gain=331.971 20.0346 22.2044 26.7816 21.303 25.7893 26.6245 25.5793 25.493 22.74 22.3053 22.2595 19.4264 19 28.8746 26.0214 46.3661 23.7459 23.1587 22.4964 22.2461 28.346 23.5083 54.7962 36.0808 32.9916 31.314 28.3486 29.7327 27.7039
threshold=0.099609374708175838 6.5604574198154317 0.1005052292243241 0.0069037200836346022 10.368420643352817 -0.83118759658468599 8.0483439850665111 7.2499981875000232 24.180722701285692 0.043449999999999996 0.52166814372702797 11.43613772184373 0.070337285717325254 0.0022117265978746086 3.14602506932416 66.816735619746694 0.18558449077028022 0.01404695155353781 -0.071842454619425011 468.15000000000151 0.0024102607876588249 -0.22550044578971032 -0.0061232717238747436 0.027818754312374332 2.581440971290661 0.13091552987906196 0.20596512006429415 -0.014499759530730344 0.001897183701607297 0.15525902625330398
decision_type=2 2 2 2 2 2 2 2 2 2 2 2 2 2 2 2 2 2 2 2 2 2 2 2 2 2 2 2 2 2
left_child=-1 2 3 -2 5 6 7 9 10 12 -6 -12 -3 15 20 -4 17 -17 -16 -19 21 -15 23 24 26 -25 29 -27 -29 -22
right_child=1 4 13 -5 8 -7 -8 -9 -10 -11 11 -13 -14 14 18 16 -18 19 -20 -21 22 -23 -24 25 -26 27 -28 28 -30 -31
leaf_value=-0.030309835698406926 -0.0040995371082809505 0.0047180915740460995 0.0021179343660841718 -0.04391102377354178 -0.029751850521276903 -0.0018962997574638414 -0.027709674593653949 0.0096813262387523691 0.0021249007112085177 -0.056210677232140738 0.032161739078288766 -0.0076249554895410354 -0.049091340350103915 -0.041128590785517789 0.011720026296260155 -0.018243243905809909 -0.024487828115078301 0.0065799643350601842 -0.013532857649742021 -0.029115581634069784 -0.022718284178158726 -0.0050514333015351772 0.0019110639815552548 0.00052212769146005723 -0.044009869782691273 0.00031208964104987615 -0.057713860413959074 -0.047944091367370927 -0.012768622523531803 0.014511610005904278
leaf_weight=295.57628643373027 66.35650210082531 25.409485548734665 11042.585357904434 19.729211807250977 38.036832004785538 954.51611576229334 76.443771332502365 54.440035134553909 2144.73118314147 12.013677403330801 13.840644806623457 147.80955839157104 7.9206051975488654 21.373441830277443 330.99499040842056 35.836688004434109 45.691933438181877 2483.0977098047733 36.264913514256477 15.992465004324911 33.233527511358261 236.30737841129303 6053.6678251028061 2166.7980798482895 41.013331204652786 86.108840346336365 10.625959783792494 30.354033514857292 75.222995683550835 39.215214520692825
leaf_count=29340 219 61 27144 94 139 2478 269 135 5290 50 26 455 35 81 639 102 194 5398 95 55 102 620 14404 6008 149 264 43 124 227 82
internal_value=0.00130669 0.0016614 0.00198389 -0.0132236 -0.0004609 -0.00384302 -0.0143872 -0.00418098 0.00117034 -0.0208242 -0.00908205 -0.00421838 -0.00806925 0.00204135 0.00098491 0.00275177 0.00546396 0.00600384 0.00922644 0.00635154 0.000640719 -0.00804387 0.000902878 -0.00155555 -0.0209866 -0.000533212 -0.00962023 -0.0124627 -0.0228818 -0.00256641
internal_weight=26641.2 26345.6 22870.5 86.0857 3475.16 1130.74 176.228 99.7838 2344.42 45.3438 199.687 161.65 33.3301 22784.4 9161.18 13623.2 2580.62 2534.93 367.26 2499.09 8793.92 257.681 8536.24 2482.57 124.088 2358.48 83.0747 191.686 105.577 72.4487
internal_count=94322 64982 56044 313 8938 3028 550 281 5910 146 620 481 96 55731 22838 32893 5749 5555 734 5453 22104 701 21403 6999 376 6623 227 615 351 184
is_linear=0
shrinkage=0.03


Tree=109
num_leaves=31
num_cat=0
split_feature=16 4 4 12 6 14 13 4 8 3 1 16 13 9 15 13 14 1 9 9 13 16 5 9 6 15 9 9 1 3
split_gain=321.174 19.0835 38.8733 36.8174 24.0162 21.8199 22.5801 23.7928 21.6261 22.8467 36.8815 31.8425 27.7183 21.5212 20.7371 21.397 23.6561 19.786 18.5363 22.6922 19.5888 18.4294 24.5459 18.3561 18.2816 17.8227 23.1041 25.3385 22.5964 19.2026
threshold=0.099609374708175838 7.7894695844896598 10.368420643352817 -0.8086313091411037 24.180722701285692 0.085466766153502974 0.52166814372702797 11.43613772184373 1.6344059853575812 0.060000000000030702 0.0091691059131343584 0.18729129754021004 1.6205842707259304 0.039534326547765834 -0.032051513380499018 0.057534163045244703 -0.024029225681184228 -0.0041831634220820249 0.053731554645797035 0.050199306250976017 0.37763452724714902 0.11310135232803679 0.001825137514636706 0.0071703983303059594 83.16173287749892 0.11741754257487057 0.017174869373765975 0.022084445024075937 0.0093537407209149954 0.034399999999999882
decision_type=2 2 2 2 2 2 2 2 2 2 2 2 2 2 2 2 2 2 2 2 2 2 2 2 2 2 2 2 2 2
left_child=-1 -2 3 18 5 6 -4 -8 9 14 21 12 -12 -9 15 16 -6 -10 19 20 -3 22 -11 -23 -17 26 -5 -28 -27 -29
right_child=1 2 4 25 8 -7 7 13 17 10 11 -13 -14 -15 -16 24 -18 -19 -20 -21 -22 23 -24 -25 -26 28 27 29 -30 -31
leaf_value=-0.030300586322255518 0.0019001063403131023 -0.01172684591546095 -0.027872162038704958 -0.035282438845035784 -0.0060388306448491162 -0.05093697502328623 0.037499329678500219 0.021069944719746631 -0.012940983803648887 -0.047942040197065855 0.01603596045875872 -0.042123311494374212 -0.044920454739096449 -0.010346998235030864 0.0071386361176101684 0.00027114562597649387 -0.053745172347020392 0.024095939747975186 -0.041543752639589732 0.024325605052068881 -0.055517245213074537 0.046346965932806836 -0.00017794011456641941 0.00012101826378918768 0.023839896491895961 -0.037324996565566405 0.024722550484428837 -0.0081380356760275448 -0.0011149201226645612 0.0047816051929618414
leaf_weight=286.9269260186702 23362.483737297356 35.163037657737732 35.969052448868752 18.331010848283768 31.966072559356689 10.490510255098341 12.919612631201742 23.603643834590912 16.058564096689224 16.792983949184418 22.89158783853054 38.839908301830292 9.5000927448272687 116.38181804120541 708.56831046193838 694.72244638949633 13.225067555904387 67.752207368612289 35.734579727053642 11.1755014359951 12.448554486036299 7.8626219928264609 22.87116576731205 462.8326932862401 30.938987821340561 31.229480862617493 32.209849327802658 253.79375429451466 30.814839348196983 174.88525777310133
leaf_count=29340 57300 99 131 64 91 45 22 43 55 65 46 142 35 379 1619 1780 57 139 155 23 51 8 58 1147 48 108 54 712 75 431
internal_value=0.00126787 0.00161172 -0.000649143 -0.00722847 0.00113529 -0.00882448 -0.00648545 -0.00145449 0.00206106 0.0014536 -0.00358407 -0.0238058 -0.00184183 -0.00504963 0.00343401 2.8711e-05 -0.02 0.0169995 -0.024504 -0.0141461 -0.0231763 -0.000761698 -0.0204003 0.000893189 0.00127601 -0.00421162 -0.00225284 -0.000939143 -0.019341 -0.0028673
internal_weight=26629.4 26342.5 2979.97 635.786 2344.19 199.365 188.874 152.905 2144.82 2061.01 581.591 71.2316 32.3917 139.985 1479.42 770.853 45.1911 83.8108 94.5217 58.7871 47.6116 510.359 39.6641 470.695 725.661 541.264 479.22 460.889 62.0443 428.679
internal_count=94322 64982 7682 1772 5910 620 575 444 5290 5096 1501 223 81 422 3595 1976 148 194 328 173 150 1278 123 1155 1828 1444 1261 1197 183 1143
is_linear=0
shrinkage=0.03


Tree=110
num_leaves=31
num_cat=0
split_feature=16 16 11 9 14 9 5 8 13 0 15 11 8 9 8 5 6 8 1 9 5 9 11 6 3 9 15 12 12 1
split_gain=327.38 22.9262 20.3669 32.054 26.7918 17.6737 36.2815 34.8645 32.4599 36.4428 27.1062 25.3797 23.4745 37.2423 51.9393 33.7554 28.336 31.2301 26.735 27.9087 33.7709 30.4945 31.6678 27.0681 43.4959 52.1917 42.0933 38.3854 26.5651 30.7106
threshold=0.1005052292243241 0.099609374708175838 -31.657689551277418 0.033581999440356801 0.035539361188090084 0.020605949655277494 -0.0058131594866724264 1.4847894243702215 -0.24252894554351162 -0.001260748259151123 0.092424813447263651 -21.156698689099837 0.74528864523312632 0.025064961342272155 0.57851512529700966 0.015305537304099401 82.306110142344735 0.7161654683222124 -0.03285844678471566 0.082790194226277231 0.00043745755278394994 0.068177370417914232 -12.124802847039012 35.637157388053701 0.20400000000000154 0.042127711420679219 -0.12277440314884532 -1.2111317741863037 -0.63335834989478046 -0.013847739951552916
decision_type=2 2 2 2 2 2 2 2 2 2 2 2 2 2 2 2 2 2 2 2 2 2 2 2 2 2 2 2 2 2
left_child=1 -1 3 4 -2 6 8 10 -4 -10 -8 -12 13 14 -7 -16 17 18 -15 20 -20 23 -23 -22 27 -26 -27 -25 29 -21
right_child=2 -3 5 -5 -6 12 7 -9 9 -11 11 -13 -14 16 15 -17 -18 -19 19 28 21 22 -24 24 25 26 -28 -29 -30 -31
leaf_value=-0.030291731928796219 0.025111855846578542 -0.013612966979627959 -0.023534040995481197 -0.023854436191633251 -0.03825081089077681 -0.029452455982815949 0.0040541836050719685 -0.028496958005368084 0.027755606988361679 -0.011989381382637382 -0.033247908128535744 0.012437610473762904 0.0015595805584571248 -0.028512490714057571 0.0015739203256671212 -0.063012824726992323 0.017268210717985715 0.010205928094260379 -0.0010919143736621262 -0.055490523235041146 -0.0037019378516499886 0.01798359989326194 -0.041443225777064538 -0.045238111470476114 0.0076744130245408474 0.0030745741639272126 -0.059381797550917624 0.017637115612379357 0.0047572572895439843 0.026663961372161715
leaf_weight=279.8498697807081 28.026837170124054 100.92229537665844 74.858525529503822 65.035476014018059 7.6439195573329917 62.424046479165554 1608.720371901989 26.576473623514175 33.841827154159546 53.724619850516319 11.154931068420408 578.49379222095013 20381.174805417657 24.065941751003265 347.60214073956013 7.4386716187000266 169.05902780592442 695.1136409342289 1213.6728649735451 4.2585381418466559 135.76323021948338 12.541159048676489 22.638662844896317 8.9298557341098768 121.31500118970871 17.271777004003525 22.188123166561127 408.36300996690989 175.42373606562614 106.7212393283844
leaf_count=29468 49 370 230 216 27 205 3552 90 53 148 37 1125 51275 78 779 30 286 1419 2895 18 328 23 80 32 250 38 87 739 386 170
internal_value=0.00174793 -0.0258711 0.00214593 -0.0113197 0.0115338 0.00219744 0.00465883 0.00565807 -0.00902908 0.00337087 0.00607098 0.0115733 0.00195194 0.00420153 -0.00421634 0.000220725 0.00532164 0.00464122 0.00293957 0.00327612 0.00199952 0.00700879 -0.0202583 0.0083526 0.0111837 -0.00207399 -0.0320444 0.0162916 0.0120244 0.0235115
internal_weight=26804.8 380.772 26424 100.706 35.6708 26323.3 2387.37 2224.95 162.425 87.5664 2198.37 589.649 23936 3554.79 417.465 355.041 3137.33 2968.27 2273.15 2249.09 1962.68 749.011 35.1798 713.831 578.068 160.775 39.4599 417.293 286.404 110.98
internal_count=94483 29838 64645 292 76 64353 5235 4804 431 201 4714 1162 59118 7843 1014 809 6829 6543 5124 5046 4472 1577 103 1474 1146 375 125 771 574 188
is_linear=0
shrinkage=0.03


Tree=111
num_leaves=31
num_cat=0
split_feature=16 16 11 9 14 4 3 8 1 8 1 1 14 12 9 9 3 7 9 5 8 15 8 9 8 11 9 12 8 12
split_gain=314.415 23.6162 19.1884 30.2313 25.2353 17.6552 20.047 17.5284 17.3741 28.0575 25.8792 17.1416 16.7836 16.7415 27.099 24.1609 18.3507 21.4735 16.8298 36.2556 33.1269 26.9027 24.626 37.6312 52.146 26.8467 25.8518 46.8127 25.6742 29.7104
threshold=0.1005052292243241 0.099609374708175838 -31.657689551277418 0.033581999440356801 0.035539361188090084 0.35555551209878195 0.47000000000014103 0.92326973843175286 -0.011379941503252609 0.77862666530090208 0.001897183701607297 -0.0035701877736413197 -0.060973654955048064 -1.3734552238411337 0.063448918266985649 0.041904372858356916 0.006999999999999785 0.75000000000000011 0.020605949655277494 -0.0058131594866724264 1.4847894243702215 0.092424813447263651 0.74528864523312632 0.025064961342272155 0.57851512529700966 21.011259811925857 0.089302500053424591 -0.63335834989478046 0.7161654683222124 -0.085297984615043801
decision_type=2 2 2 2 2 2 2 2 2 2 2 2 2 2 2 2 2 2 2 2 2 2 2 2 2 2 2 2 2 2
left_child=1 -1 3 4 12 7 -7 -3 -5 -10 -11 -8 -2 14 15 16 17 -4 19 -15 21 -21 23 24 -20 26 28 -28 -25 -30
right_child=2 5 13 8 -6 6 11 -9 9 10 -12 -13 -14 18 -16 -17 -18 -19 22 20 -22 -23 -24 25 -26 -27 27 -29 29 -31
leaf_value=-0.030283028043086233 -0.0095347127870629642 0.039529297758478271 -0.055495309569885541 0.0091108472384627461 -0.037186133621777105 -0.029389903893999567 0.035512752949520963 -0.022586095001399208 -0.051744583675568341 0.0123133862000542 -0.053255716493944276 -0.014557909750391682 0.040264891946930698 -0.009265939633096798 -0.026073851095816551 0.011472575770344542 -0.0035453085910261695 0.0039804473285488303 -0.029988674982924034 0.0040004956737479114 -0.027711564761021549 0.011530480297768039 0.0015616147291645458 0.0031894616078337913 0.00019291588854053826 -0.016778417414030515 0.028601580451708151 0.0049719311902416208 0.0037151527167528647 0.016554912388442478
leaf_weight=271.65593583928421 8.9481901675462741 10.183856815099718 14.821634367108345 12.172381490468977 7.6271347552537909 55.453123897314072 9.1231817901134509 6.8314757049083701 27.332601174712181 17.539263203740123 7.8386153727769843 18.904825478792191 19.073970556259155 157.81791388988495 47.480728775262833 82.4702378064394 83.396134883165359 8.6530613899230957 60.404084876179695 1586.1133056506515 26.510793834924698 584.34005162119865 20225.387099422514 2072.934590652585 350.31220307946205 48.271581046283245 120.49436549842358 201.87016847729683 329.93907454609871 319.02395275235176
leaf_count=29468 24 20 60 32 27 230 22 29 108 41 35 69 25 421 209 193 213 19 201 3499 90 1148 50792 4612 798 154 187 445 733 579
internal_value=0.00169614 -0.0256865 0.00208184 -0.0109997 0.0111943 -0.0132614 -0.0189383 0.0145906 -0.0231941 -0.0306542 -0.00793933 0.00174021 0.0243626 0.0021318 -0.00580864 -0.000726768 -0.0101408 -0.0335718 0.0022039 0.00462292 0.00562062 0.00602775 0.00196384 0.00428601 -0.00424589 0.00541912 0.0057711 0.0138043 0.0048197 0.0100271
internal_weight=26792.9 372.152 26420.8 100.532 35.6493 100.496 83.4811 17.0153 64.8829 52.7105 25.3779 28.028 28.0222 26320.2 236.822 189.341 106.871 23.4747 26083.4 2354.78 2196.96 2170.45 23728.6 3503.25 410.716 3092.53 3044.26 322.365 2721.9 648.963
internal_count=94483 29838 64645 292 76 370 321 49 216 184 76 91 49 64353 694 485 292 79 63659 5158 4737 4647 58501 7709 999 6710 6556 632 5924 1312
is_linear=0
shrinkage=0.03


Tree=112
num_leaves=31
num_cat=0
split_feature=16 16 11 9 14 4 13 3 4 12 8 0 14 12 9 9 9 9 8 1 15 8 9 8 6 8 11 13 1 4
split_gain=302.015 24.2361 18.0829 28.5133 23.7864 16.7109 22.6324 21.1782 16.6648 16.191 32.6331 24.9618 15.8185 15.7713 25.8125 23.0355 28.8335 15.859 23.8951 39.8499 24.2454 23.2066 35.4323 49.1123 27.9175 26.4849 26.7056 28.3042 25.0063 24.7737
threshold=0.1005052292243241 0.099609374708175838 -31.657689551277418 0.033581999440356801 0.035539361188090084 0.35555551209878195 0.56635111185513376 0.56050000000001898 0.24999999107142495 -0.29811598459392485 0.77862666530090208 0.00038071813607887256 -0.060973654955048064 -1.3734552238411337 0.063448918266985649 0.036299230913337824 0.031128510603084435 0.020605949655277494 0.65405870850132553 0.0095479353203371548 0.094939706776665786 0.74528864523312632 0.025064961342272155 0.57851512529700966 82.306110142344735 0.7161654683222124 -6.3730688481919806 -0.5864216510026492 -0.03285844678471566 0.46590897619665966
decision_type=2 2 2 2 2 2 2 2 2 2 2 2 2 2 2 2 2 2 2 2 2 2 2 2 2 2 2 2 2 2
left_child=1 -1 3 4 12 8 7 -7 -3 10 -5 -12 -2 14 15 16 -4 18 19 -15 -20 22 23 -19 25 26 27 29 -28 -24
right_child=2 5 13 9 -6 6 -8 -9 -10 -11 11 -13 -14 17 -16 -17 -18 21 20 -21 -22 -23 24 -25 -26 -27 28 -29 -30 -31
leaf_value=-0.030274586244912978 -0.0092496471968841459 -0.013639149401356727 -0.0055111185060715759 -0.055168987553195478 -0.036173622394946627 -0.037680778063343523 0.016188987637383797 -0.0027240975196567677 0.045806696661663503 0.0053983328292768829 -0.038073274041038101 0.02133890081250308 0.03910894257454621 0.00057123355501801103 -0.025538392797594026 0.0080712516905952283 -0.056450461984346646 -0.029113944916005649 0.0041888908455476777 -0.049723223329164096 0.0122749199802484 0.0015146759809998851 -0.0041906688290604243 0.00018713177192385147 0.017187314586016442 0.009744808786290169 -0.035195551637317905 0.0074082149632461684 0.00047457954253646734 -0.061010742574236429
leaf_weight=263.69969131750986 8.9472594410181063 9.0894782692194003 66.416166037321091 24.726511090993881 7.6057193130254737 45.024390339851379 14.065334498882292 23.866170048713684 7.9620314836502066 14.480493426322935 12.096354201436045 13.431720979511736 19.048958614468575 594.70824006944895 47.028859913349152 111.14699169993401 11.773624137043951 60.353083722293377 1294.4783922880888 14.524752363562582 449.66542910039425 20226.574827462435 23.997232601046562 350.30594182014465 167.07452999055386 684.09238751232624 17.957924425601959 1010.2325823828578 1177.428560256958 9.6966002583503705
leaf_count=29468 24 34 172 102 27 203 38 80 15 36 49 29 25 1400 209 265 48 201 2837 60 861 50792 61 798 282 1395 61 2135 2737 39
internal_value=0.00164581 -0.0255055 0.00201962 -0.0106919 0.010873 -0.0129303 -0.0184901 -0.0255705 0.0141185 -0.0225518 -0.0306055 -0.00681327 0.0236541 0.00206808 -0.00564634 -0.000705402 -0.0131814 0.00213799 0.00448697 -0.000627839 0.00627359 0.00190502 0.00416006 -0.00411914 0.00526019 0.00457855 0.0030003 0.00650607 -6.12819e-05 -0.0205427
internal_weight=26781.5 363.707 26417.8 100.337 35.6019 100.007 82.9559 68.8906 17.0515 64.7351 50.2546 25.5281 27.9962 26317.5 236.366 189.337 78.1898 26081.1 2353.38 609.233 1744.14 23727.7 3501.14 410.659 3090.48 2923.41 2239.31 1043.93 1195.39 33.6938
internal_count=94483 29838 64645 292 76 370 321 283 49 216 180 78 49 64353 694 485 220 63659 5158 1460 3698 58501 7709 999 6710 6428 5033 2235 2798 100
is_linear=0
shrinkage=0.03


Tree=113
num_leaves=31
num_cat=0
split_feature=16 16 11 9 14 5 11 8 8 1 6 14 9 11 6 8 8 11 6 5 1 3 4 3 5 9 14 9 1 8
split_gain=291.548 23.3846 17.0542 26.9296 22.433 16.1909 27.2136 23.5311 25.8121 19.594 26.5331 21.2943 18.8306 46.746 28.6787 28.8511 27.6881 32.6031 30.163 61.3106 35.308 34.9082 29.502 28.1495 39.5866 31.7317 31.5936 29.1127 27.566 27.4011
threshold=0.099609374708175838 0.1005052292243241 -31.657689551277418 0.033581999440356801 0.035539361188090084 -0.051750064509624188 -10.230948353769628 1.540761654126501 1.7520895555846578 -0.050391194271541422 27.607995121757778 -0.067863944846722243 0.062078259512435709 -19.040559233770534 77.777777777777914 0.51283230772526311 0.60381963137791728 -4.5625167963979747 64.661504358505837 0.011042495727252695 0.023063941394198987 541.09999999999866 15.193734752569908 19.600000000002868 -0.017431917384178808 0.13657850357205037 0.038819232988585091 0.095780521191734413 -0.016706978437194705 0.89150965968262985
decision_type=2 2 2 2 2 2 2 2 2 2 2 2 2 2 2 2 2 2 2 2 2 2 2 2 2 2 2 2 2 2
left_child=-1 -2 3 4 -3 6 -4 -8 -9 -10 11 -11 14 -14 15 -7 -15 18 21 -20 -21 22 -18 -19 25 27 -26 -25 -29 -28
right_child=1 2 5 -5 -6 12 7 8 9 10 -12 -13 13 16 -16 -17 17 23 19 20 -22 -23 -24 24 26 -27 29 28 -30 -31
leaf_value=-0.03026639844931641 -0.012613329015905101 0.022977993505568187 -0.021409276517886947 -0.02195681225866291 -0.035208695423335185 -0.0082056893740412324 0.02167696058052036 -0.042270916718329075 0.031607398242942321 0.013253804653638002 0.015781141539553782 -0.038465145147189392 0.011156779984952575 0.011258512901254977 0.0078065982100209517 0.0023696226625770974 -0.00016143502363217505 0.0014909655791116266 -0.019034285459125385 0.0024872975719181347 -0.043692865468145298 0.050573311888746496 -0.021392668316168321 -0.0021731124802910262 -0.025631389118095069 -0.044582266298169894 0.046738190328357958 -0.014825012367956695 0.050178024372476648 -0.0075961020637056714
leaf_weight=255.97437265655026 99.479125201702118 27.956312820315361 23.143964268267155 64.503529071807861 7.5801188200712195 235.51393378525972 122.50352346897125 10.506568610668181 22.687629252672195 10.875925987958906 40.455521047115326 20.997839689254764 373.78094299137592 202.68669448792934 870.23327665030956 16385.105858355761 1112.6188711225986 5937.442261300981 287.08133060485125 296.83416356146336 15.688174262642859 11.799575224518774 62.196520209312439 38.78282043337822 116.22172475606203 8.8383760154247266 9.5844589918851835 7.5359982997179022 26.58330574631691 65.034686163067818
leaf_count=29468 370 49 84 216 27 706 218 40 37 21 85 75 862 402 1729 38274 3215 15745 979 714 57 18 236 113 425 43 11 24 41 199
internal_value=0.00159696 0.00190458 0.00195925 -0.0104038 0.0105664 0.00200625 0.00958662 0.0127326 0.00234897 0.00728285 -0.000347069 -0.0208177 0.0019332 0.000781386 0.00249774 0.00221977 0.000308382 3.08213e-05 -0.00354098 -0.00902519 0.000169119 -0.000769771 -0.00128545 0.00105819 -0.00836855 0.00910029 -0.0158508 0.0156086 0.0358207 -0.000617132
internal_weight=26770.2 26514.3 26414.8 100.04 35.5364 26314.7 251.171 228.027 105.523 95.0169 72.3293 31.8738 26063.6 8572.71 17490.9 16620.6 8198.93 7996.24 1786.22 599.604 312.522 1186.61 1174.82 6210.02 272.581 81.7405 190.841 72.9021 34.1193 74.6191
internal_count=94483 65015 64645 292 76 64353 560 476 258 218 181 96 63793 23084 40709 38980 22222 21820 5219 1750 771 3469 3451 16601 856 221 635 178 65 210
is_linear=0
shrinkage=0.03


Tree=114
num_leaves=31
num_cat=0
split_feature=16 16 3 15 15 9 5 8 13 0 10 8 5 6 15 16 15 1 3 9 1 4 8 3 16 5 1 4 11 3
split_gain=281.945 22.0726 16.1636 20.6083 18.9191 16.1364 32.2929 31.2132 30.6608 34.266 29.7269 25.3786 25.8702 29.4895 25.4314 24.577 63.4939 30.5574 27.6 24.9148 34.281 28.8703 36.9575 26.4793 24.741 23.1237 25.9726 22.0744 20.9721 29.5345
threshold=0.099609374708175838 0.1005052292243241 0.47000000000014103 -0.027633946040504471 0.039857458843035119 0.020605949655277494 -0.0058131594866724264 1.4847894243702215 -0.24252894554351162 -0.001260748259151123 1.0000000180025095e-35 0.54388344149112722 0.0011697226997994727 33.317197652319429 0.094939706776665786 0.22853084767818974 -0.19040213311363038 -0.0045520949730053486 2.0100000000000056 0.018278063196098839 0.0012982750002141776 0.37776155851774951 0.68727627063138796 0.00099999999999991784 0.26650150298540953 -0.0038903169540055521 0.0052169878596928241 0.25663716764949712 -31.657689551277418 0.0035999999999999648
decision_type=2 2 2 2 2 2 2 2 2 2 2 2 2 2 2 2 2 2 2 2 2 2 2 2 2 2 2 2 2 2
left_child=-1 2 -2 -4 -5 6 8 11 10 -10 -3 12 13 -8 15 19 18 -18 -17 20 21 22 -13 -22 -20 -15 -27 -21 29 -7
right_child=1 5 3 4 -6 28 7 -9 9 -11 -12 14 -14 25 -16 16 17 -19 24 27 23 -23 -24 -25 -26 26 -28 -29 -30 -31
leaf_value=-0.030258456908552517 -0.021352004608100588 -0.059575738400774202 -0.024182902268593553 0.045885752301714947 -0.011507312904158934 0.011061877541847556 0.029490279887140397 -0.027200317062530351 0.027085547001048225 -0.011481659902424507 -0.013053231850922784 0.016370457218606478 -0.02088989275321005 -0.034715795140584926 0.012270026843178846 -0.065263070370921952 0.021451828179015857 -0.0050625690861822448 0.003954115598693895 0.033259782884941247 -0.050772579604296465 0.0096202533286040594 -0.024023118739516874 -0.003944548158478234 -0.046818045425426655 0.0058790415560951376 -0.054857400781978621 0.0101669954970594 0.0017210633636469646 -0.025190237044613945
leaf_weight=248.47340034367517 63.51763291656971 15.608183637261389 14.148359745740889 12.675550878047945 8.7289876341819745 30.732602812349796 28.993890553712845 26.456611156463623 33.771215870976448 53.704356804490089 59.423426672816277 32.525435507297516 60.766497761011124 18.881085842847824 526.5259722918272 16.815405949950218 60.135223627090454 111.93935063481331 19.529607236385345 42.149762555956841 11.411044791340826 558.18469123542309 54.616821378469467 228.22737777233124 15.488386854529379 89.674283534288406 6.8184508532285681 320.7763364315033 23928.023110590875 59.160949349403381
leaf_count=29468 257 63 58 23 32 71 47 90 53 148 168 60 195 64 1004 68 101 265 43 59 42 1138 161 545 55 207 32 647 59118 201
internal_value=0.00154961 0.00184775 -0.0122862 0.00391056 0.0224803 0.00190077 0.00425032 0.00519123 -0.00866079 0.00340777 -0.0227309 0.00558015 -0.0044687 0.00244322 0.0066117 0.00458747 -0.0045645 0.00420347 -0.0336721 0.0062296 0.00351499 0.00711309 -0.00894641 -0.00617439 -0.0185023 -0.00435381 0.00158723 0.012849 0.00166673 -0.0127964
internal_weight=26757.9 26509.4 99.0705 35.5529 21.4045 26410.3 2392.42 2229.92 162.507 87.4756 75.0316 2203.46 205.134 144.368 1998.33 1471.8 223.908 172.075 51.8334 1247.89 884.965 645.327 87.1423 239.638 35.018 115.374 96.4927 362.926 24017.9 89.8936
internal_count=94483 65015 370 113 55 64645 5255 4823 432 201 231 4733 545 350 4188 3184 532 366 166 2652 1946 1359 221 587 98 303 239 706 59390 272
is_linear=0
shrinkage=0.03


Tree=115
num_leaves=31
num_cat=0
split_feature=16 4 13 15 9 11 6 14 10 8 11 4 12 9 14 2 6 14 3 1 6 11 2 12 12 3 12 3 3 9
split_gain=269.488 21.5399 22.651 23.5707 21.6074 27.5211 27.3929 27.732 28.2193 20.4027 30.116 27.1414 25.6737 23.7384 22.4361 21.6521 21.7769 27.5102 23.5937 22.3996 26.2472 21.5695 19.9767 30.5314 54.7206 26.729 37.0957 27.5461 23.7529 22.4011
threshold=0.099609374708175838 5.9999850000382642 0.11500156178178017 -0.33166935845681594 0.02734746896019687 -12.124802847039012 65.352029254795539 -0.070888547036897273 1.0000000180025095e-35 0.78446616854034101 8.2693780186124197 7.2499981875000232 -0.18999467351629859 0.0495679411947893 0.064570436572293083 -0.0012615436708507124 66.305590648398393 -0.063837080012340466 0.11600000000000012 0.004003422838683047 74.056288951659909 9.0189487356807447 0.0022092843310241145 -0.37971033595474174 -0.37326413998664076 30.730000000000249 -0.25882246688701432 157.5499999999993 294.50000000000006 0.026348575263500321
decision_type=2 2 2 2 2 2 2 2 2 2 2 2 2 2 2 2 2 2 2 2 2 2 2 2 2 2 2 2 2 2
left_child=-1 22 3 -3 5 -5 7 -7 -9 21 14 13 -13 -12 15 -11 -17 -18 19 -19 -21 -6 -2 29 -25 -26 -27 -28 -29 -24
right_child=1 2 -4 4 9 6 -8 8 -10 10 11 12 -14 -15 -16 16 17 18 -20 20 -22 -23 23 24 25 26 27 28 -30 -31
leaf_value=-0.030250774518018157 0.0026451319859431 -0.035873431078596314 0.00064125641865109685 -0.050759419722268127 0.0096042099629747944 0.0074574581262394106 0.015170559661796017 -0.011355194302828817 -0.04976187432283237 -0.027491483501978265 0.0064644874446826411 0.039188213883580361 0.0045167965506857132 -0.051187693302755272 -0.034831431493239924 0.001368852071581437 -0.058937852728925953 0.021270871998476618 -0.035915532672921441 0.0080518863617238014 -0.066736266522007676 -0.041503580131208785 0.0059069369524712319 0.032230268268303178 0.002409681231684631 -0.036942820433144445 -0.015254990131782675 0.014837301009536463 -0.0027547834002872897 -0.0024901424448026009
leaf_weight=241.9724000422284 13379.599440827966 21.770899996161461 3007.1489431113005 16.755992412567139 158.88869335502386 28.51416252553463 30.098080918192863 40.703474149107933 29.840179249644279 40.918917022645473 15.100938692688944 29.845756530761719 53.997530579566956 11.191509649157522 28.899088636040688 189.92767652869225 12.196774661540983 25.032817482948303 20.780041232705116 10.153367817401888 7.231306627392768 7.7967457994818679 319.1556416451931 53.59229938685894 5551.1349579393864 30.013447821140289 120.09907586872578 88.564780473709106 313.9017747938633 2746.3013158291578
leaf_count=29561 32222 79 7613 65 333 64 58 109 113 146 33 49 132 49 106 525 50 47 75 22 30 31 717 97 13148 111 347 170 763 7600
internal_value=0.00126485 0.00155382 -0.000540151 -0.00509694 -0.00421284 -0.0145867 -0.00989387 -0.0175095 -0.0276013 -0.00173936 -0.00509085 0.00851903 0.0168588 -0.0180754 -0.00956341 -0.00717894 -0.00404626 -0.0176876 -0.00972654 0.00310328 -0.0230569 0.00721363 0.00190465 0.000830418 0.00204833 0.00178332 -0.00450897 -0.00264614 0.00111644 -0.00161589
internal_weight=26631.1 26389.2 3786.79 779.644 757.873 145.912 129.156 99.0578 70.5437 611.961 445.276 110.136 83.8433 26.2924 335.14 306.241 265.322 75.3943 63.1975 42.4175 17.3847 166.685 22602.4 9222.76 6157.31 6103.71 552.579 522.566 402.467 3065.46
internal_count=94465 64904 9729 2116 2037 409 344 286 222 1628 1264 263 181 82 1001 895 749 224 174 99 52 364 55175 22953 14636 14539 1391 1280 933 8317
is_linear=0
shrinkage=0.03


Tree=116
num_leaves=31
num_cat=0
split_feature=16 4 13 15 0 8 6 1 8 11 14 6 14 13 8 0 12 12 3 12 3 1 15 16 14 9 16 12 6 3
split_gain=260.768 20.2684 22.234 19.7276 19.8674 21.2675 20.4743 18.962 30.8394 22.3678 32.3995 27.9114 22.447 24.8683 19.3448 18.7925 28.7298 51.3467 25.1536 35.0536 25.9143 22.742 27.2267 26.6673 26.6226 26.625 24.897 22.2064 35.9015 30.0974
threshold=0.099609374708175838 5.9999850000382642 -0.19261598651677492 -0.34014784766249678 0.0014758705451570766 0.99662075329638256 39.882032919004729 -0.029304925570076242 0.90741249453417427 17.948717948717889 -0.016454953309071374 12.108174392657149 0.0034876763514028078 1.0457230890787848 1.1629366210392387 0.0022117265978746086 -0.37971033595474174 -0.37326413998664076 30.730000000000249 -0.25882246688701432 157.5499999999993 0.010172203481375043 0.058627036480018206 0.12105097126743648 0.042113566130256332 0.05693905391124171 0.13258077058311477 -1.1245482519208656 76.439731284317205 0.0029050000000001718
decision_type=2 2 2 2 2 2 2 2 2 2 2 2 2 2 2 2 2 2 2 2 2 2 2 2 2 2 2 2 2 2
left_child=-1 15 -3 4 5 6 -4 8 -5 11 -11 -9 13 -12 -15 27 -17 -18 -19 -20 -21 22 24 -24 -22 26 -26 28 29 -2
right_child=1 2 3 7 -6 -7 -8 9 -10 10 12 -13 -14 14 -16 16 17 18 19 20 21 -23 23 -25 25 -27 -28 -29 -30 -31
leaf_value=-0.030243302504932363 -0.020145387306817815 -0.037719243916035324 -0.025668866244845115 0.018403146841445964 0.036245674482084086 -0.033330167956105702 0.008528078962512238 -0.031098616332072098 -0.027740437325593014 0.017485154566379658 -0.059358152821134512 -0.00014668849958609638 0.0046598837668541133 0.018412992034428127 -0.040266264176194957 -0.0015677633043317764 0.031189258292450062 0.0023375638244484539 -0.035961159689097182 -0.01479547608257323 0.0086078695868772974 -0.010040981543398678 -0.043725483394663422 0.018535098728354845 0.0040827434369144966 0.031926898886867651 -0.036895316534043175 0.0028021268011651098 -0.061158931571675082 0.00067604881293871803
leaf_weight=234.87817574059591 74.092539981007576 14.408979952335356 26.707326576113701 17.621592849493027 6.9729127436876288 39.78812213242054 38.431326806545258 26.431900814175606 50.086473561823368 156.69795623421669 11.724918261170385 3286.3544897437096 89.811722755432129 12.740593940019609 8.3835485577583295 3064.7912789359689 53.717622771859169 5550.730256177485 29.909326061606407 120.11394549906254 81.32336862385273 117.21819517016411 6.5078064352273932 127.38473834097385 19.691308975219727 8.8730603605508787 41.397341698408127 12897.304715320468 9.6097763329744321 398.7006333693862
leaf_count=29561 234 51 84 35 15 152 84 109 200 319 49 8365 211 24 31 8317 97 13148 111 347 174 308 23 229 44 17 138 30904 40 1044
internal_value=0.00122716 0.00150729 -0.000524132 -0.000382038 -0.0127901 -0.0160488 -0.00549292 -2.66265e-06 -0.0157312 0.000293803 0.00844595 -0.000393646 -0.00310155 -0.0243219 -0.00487507 0.00184759 0.000805592 0.00198701 0.00172998 -0.004375 -0.00256696 0.00108322 0.00565566 0.0155089 -0.00306483 -0.0166332 -0.0236865 0.00256576 -0.00375372 -0.00258693
internal_weight=26622.4 26387.5 3786.16 3771.75 111.9 104.927 65.1387 3659.85 67.7081 3592.15 279.359 3312.79 122.661 32.8491 21.1241 22601.4 9221.66 6156.87 6103.15 552.419 522.51 402.396 285.178 133.893 151.285 69.9617 61.0887 13379.7 482.403 472.793
internal_count=94465 64904 9729 9678 335 320 168 9343 235 9108 634 8474 315 104 55 55175 22953 14636 14539 1391 1280 933 625 252 373 199 182 32222 1318 1278
is_linear=0
shrinkage=0.03


Tree=117
num_leaves=31
num_cat=0
split_feature=16 12 8 9 11 5 9 15 14 1 5 16 8 11 9 14 1 3 16 3 4 4 0 5 1 9 16 4 9 9
split_gain=252.352 19.1309 25.7109 26.8769 21.3717 23.8983 40.4627 31.0013 37.4711 29.3679 28.8348 27.8636 26.8387 27.041 24.6922 24.1274 24.1166 28.4272 23.5868 26.1483 23.1687 33.8014 26.7138 32.1998 28.3094 35.3073 29.7204 25.1061 23.2991 23.0665
threshold=0.099609374708175838 -0.64517387205189014 1.8608848829211784 0.18558449077028022 -10.02558223753298 -0.019561502911166654 0.091307354332788207 -0.20545656394790673 0.040969451308111728 -0.0046833467219537508 -0.0037751420076233382 0.10247582221473385 0.95780037151707498 -14.145207313941276 0.058117800036489801 0.044428801486179011 -0.0041831634220820249 47.335000000000043 0.20036514691653481 0.08699999999999998 0.45833332060185084 0.56671290404268815 0.0035018383266546276 0.029391998570772588 0.014275529011354317 0.052743838403906555 0.17847097391098743 0.92307685207103651 0.13657850357205037 0.058883503010927506
decision_type=2 2 2 2 2 2 2 2 2 2 2 2 2 2 2 2 2 2 2 2 2 2 2 2 2 2 2 2 2 2
left_child=-1 2 4 -4 5 11 7 9 -9 -7 -8 -2 13 -13 -14 -10 -11 -18 -12 -20 -6 -22 -23 24 25 26 -24 29 -29 -27
right_child=1 -3 3 -5 20 6 10 8 15 16 18 12 14 -15 -16 -17 17 -19 19 -21 21 22 23 -25 -26 27 -28 28 -30 -31
leaf_value=-0.030236054875139744 0.045802367555183986 0.0019051635520984994 0.036511002659209729 -0.020200240212125162 0.0034701816594971055 -0.025224139286962773 0.02839673273067447 0.0069101019796585662 -0.046402308994671723 0.033764786345088831 0.018322058804139136 0.0069298105365136042 0.017706172957844796 -0.026379672114373389 -0.03812186900300843 -0.0030713995294194647 -0.00047279138753952604 -0.042106795113734885 -0.028932812199313217 0.016743119741218948 -0.015433182739588696 -0.00071430336030129684 -0.010730627689743462 -0.048161660206596887 0.012064636120315471 -0.049284319255591312 0.016644338852143281 -0.035115753938171922 0.012435524356515463 -0.00015720479564022683
leaf_weight=227.99028952699155 8.1440126001834852 20284.915460810065 32.369123965501785 9.7976951003074628 735.71141824126244 65.848395586013794 93.612433522939682 917.7147441804409 11.96300248801708 15.796750530600546 57.53476157784462 76.971064209938049 8.5451267063617689 30.676588833332062 43.058867588639259 347.89993873238564 127.98387302458286 16.683884054422379 27.749414011836052 19.005913317203522 170.09598371386528 2886.4779681190848 91.288119569420815 18.050628051161766 58.377071976661682 9.9432775080203992 58.609903410077095 86.521692462265491 10.387118794023989 63.74958224594593
leaf_count=29561 11 48848 61 36 1887 214 197 2110 45 24 122 186 20 105 223 907 318 60 98 40 530 7646 260 72 161 43 118 340 33 189
internal_value=0.00119061 0.00146216 -1.08572e-05 0.0233338 -0.000173338 0.00249414 0.00355803 0.00187995 0.00369281 -0.00835396 0.01631 -0.00832167 -0.0110895 -0.00256247 -0.0288773 -0.00451186 -0.0014311 -0.00527425 0.00546078 -0.0103657 -0.00136354 -0.00239329 -0.00171776 -0.00901495 -0.0071499 -0.0106497 -2.70566e-05 -0.0199832 -0.030019 -0.00678586
internal_weight=26613.5 26385.5 6100.57 42.1668 6058.4 1869.19 1701.79 1503.89 1277.58 226.313 197.903 167.396 159.252 107.648 51.604 359.863 160.465 144.668 104.29 46.7553 4189.21 3453.5 3283.41 396.927 378.877 320.5 149.898 170.602 96.9088 73.6929
internal_count=94465 64904 16056 97 15959 4680 4135 3678 3062 616 457 545 534 291 243 952 402 378 260 138 11279 9392 8862 1216 1144 983 378 605 373 232
is_linear=0
shrinkage=0.03


Tree=118
num_leaves=31
num_cat=0
split_feature=16 4 13 0 5 15 9 6 4 6 0 0 16 5 11 3 11 9 9 14 9 4 14 11 9 8 4 14 5 3
split_gain=244.226 19.1529 21.1749 23.0814 31.6468 28.1761 22.9703 26.559 23.11 30.4816 24.4112 23.8625 25.9031 22.8131 21.3334 20.3317 33.6392 24.7853 24.464 24.1624 20.8089 18.0054 30.612 22.7919 21.4525 21.0026 36.7805 30.3399 23.0521 34.1936
threshold=0.099609374708175838 5.9999850000382642 0.11500156178178017 0.0020835053915325701 -0.018636780631645974 -0.33166935845681594 0.027818754312374332 51.49820145522569 10.368420643352817 71.778409924312925 -0.0009629768355479128 -0.0014443212353917876 0.14525304916013979 0.0067514253607741919 17.948717948717889 0.0050000000000005604 -10.02558223753298 0.070337285717325254 0.040299467037905524 0.044428801486179011 0.055834849652252348 3.8908530448219492 -0.039553929311375441 -17.338160263545202 0.019969620264339707 1.57338666513545 3.1111107654320747 -0.068906968662335463 0.019663011120225483 35.259999999999998
decision_type=2 2 2 2 2 2 2 2 2 2 2 2 2 2 2 2 2 2 2 2 2 2 2 2 2 2 2 2 2 2
left_child=-1 21 3 4 -3 -6 7 14 9 11 -11 -8 -13 -5 -7 16 -10 19 -18 20 -17 25 -23 24 -24 28 -27 -28 -2 -30
right_child=1 2 -4 13 5 6 8 -9 15 10 -12 12 -14 -15 -16 17 18 -19 -20 -21 -22 22 23 -25 -26 26 27 -29 29 -31
leaf_value=-0.030229024790465169 0.0014078073713053238 -0.027172136095936921 0.00058531577082116947 0.02992532742958328 -0.040231196071097312 -0.033688244704951277 -0.022160322384283695 -0.0025045467820372178 0.022141772015345715 0.0022329973111980556 -0.038072574459935199 0.01745394533038121 -0.0042207562285221743 -0.023164510395453378 0.020748088681924043 0.01691860627313075 0.0067006329907333771 0.033408711242470371 -0.049952688759064737 -0.034653296290143749 -0.027675917487761881 -0.00072767781564310539 -0.059746776078511782 0.0062881190024710407 0.025695640041469462 -0.0016174865639334867 0.0064474989721783954 -0.050035344554919647 0.0056915242512710507 -0.034976057589972763
leaf_weight=221.30283688660711 18208.70828537643 59.369423888623714 3006.4104747623205 30.447591930627823 19.122905850410461 59.24294975399971 39.426818951964378 86.226878501474857 19.388644650578499 20.506932392716408 39.715347930788994 75.340123102068901 145.37888996303082 9.5754835456609708 7.2748834490776053 74.350509651005268 10.949896067380907 41.53621880710125 18.365818351507187 11.732297062873839 10.783144190907477 639.12923868745565 2.7376108020544043 1130.8519409745932 77.910717621445656 935.39391653984785 12.759412869811056 25.999386087059975 1546.1241434216499 18.83431077003479
leaf_count=29561 44419 226 7613 57 72 201 129 210 35 46 137 157 398 32 14 150 25 74 74 41 38 1611 11 2631 134 2680 34 114 3474 67
internal_value=0.0011551 0.00141834 -0.000556671 -0.00496546 -0.00616766 -0.00433203 -0.00329223 -0.0134919 -0.000222239 -0.00511478 -0.0243477 -0.000662465 0.00317768 0.0172236 -0.0277347 0.00815488 -0.0085157 0.0140213 -0.0287918 0.005708 0.0112702 0.00174915 0.00458452 0.00738698 0.0227953 0.00149624 -0.00280409 -0.0314412 0.0017081 0.00520209
internal_weight=26604.9 26383.6 3785.15 778.735 738.712 679.342 660.219 152.745 507.475 320.368 60.2223 260.146 220.719 40.0231 66.5178 187.107 48.7044 138.402 29.3157 96.866 85.1337 22598.4 1850.63 1211.5 80.6483 20747.8 974.153 38.7588 19773.7 1564.96
internal_count=94465 64904 9729 2116 2027 1801 1729 425 1304 867 183 684 555 89 215 437 134 303 99 229 188 55175 4387 2776 145 50788 2828 148 47960 3541
is_linear=0
shrinkage=0.03


Tree=119
num_leaves=31
num_cat=0
split_feature=16 12 8 9 7 11 13 12 12 5 15 3 11 16 8 15 8 9 5 0 13 12 3 12 9 3 5 0 6 16
split_gain=236.38 17.9985 24.4063 25.0097 20.5047 19.8631 27.6585 29.1285 23.1565 22.1916 30.8811 24.859 19.5646 26.3986 19.3213 27.6329 31.163 45.4022 45.2589 31.4895 31.8643 42.4074 29.8439 27.8318 26.9999 27.8269 26.6765 26.4107 25.7516 23.9634
threshold=0.099609374708175838 -0.64517387205189014 1.8608848829211784 0.18558449077028022 1.0000000180025095e-35 -10.02558223753298 -0.45773763838988385 -1.2111317741863037 -0.66986743089370304 -0.0075599212508545401 0.13691316438438481 21.719999999999917 17.543859649122876 0.1005052292243241 1.6128561836170705 0.066849936021018033 1.946074217491047 0.042693258181680599 -0.005246354751939443 -0.016032791840664581 -0.15463106954431646 -0.4410938268337492 0.062000000000002949 1.8746035514143411 0.19942808896615341 0.011800000000000479 0.039838890879744203 -0.02346543003220147 16.845378227940504 0.18335599334884431
decision_type=2 2 2 2 2 2 2 2 2 2 2 2 2 2 2 2 2 2 2 2 2 2 2 2 2 2 2 2 2 2
left_child=-1 2 5 4 -4 6 7 -2 -8 -9 11 -11 13 -7 24 16 17 18 -16 27 23 -22 28 -21 -3 26 -26 29 -18 -19
right_child=1 14 3 -5 -6 12 8 9 -10 10 -12 -13 -14 -15 15 -17 22 19 -20 20 21 -23 -24 -25 25 -27 -28 -29 -30 -31
leaf_value=-0.030222205615994532 -0.045003977254100561 0.0020860883970412053 0.05245003020533915 -0.019523099723352613 0.0022691812879512951 -0.035481290234638779 0.0047044677592680099 -0.017849443479698582 -0.010954971873689675 0.0093577197176777493 -0.035171539227289661 -0.041891922245148962 0.025062057791321434 -0.0013502206530543839 0.051010887907623648 0.0073825205497125256 0.020446858545437565 0.027852551489702199 -0.0018803119496996045 -0.02950481292457376 0.026861468414763553 -0.014322519132469855 0.01061390374419495 0.018405895036217 -0.021156599009463702 -0.029065217015608456 0.031303418090629052 0.022018969671977758 -0.018671425412600473 -0.035749622973225058
leaf_weight=214.81007681554183 16.732949897646904 19242.12187255919 21.412340939044952 9.7380022406578046 11.142073467373846 20.495863676071167 1518.4948594868183 73.544399991631508 90.027670577168465 142.6338271945715 18.089372783899307 9.059151425957678 25.0727419257164 4142.8450129628181 19.584525004029274 205.62796261906624 19.117572441697121 7.5003123581409481 56.761201530694962 160.13738477230072 26.573054566979408 146.89082185924053 172.44685297459364 11.710340887308119 16.997636429965496 50.472240813076496 17.922814533114433 37.482963025569916 72.897754669189453 18.437484249472618
leaf_count=29561 67 45778 29 36 32 97 3698 253 250 317 62 33 48 11134 23 498 38 16 145 625 58 505 425 24 67 215 32 80 244 75
internal_value=0.00112065 0.00137586 -5.30685e-05 0.0226576 0.0352751 -0.000211644 0.00236044 -0.00671686 0.00382802 -0.00408396 0.00187882 0.00629708 -0.00135913 -0.00151825 0.00180555 -0.00235954 -0.00503217 -0.00954885 0.0116876 -0.0135155 -0.0170841 -0.00801351 0.00325235 -0.02624 0.00201139 -0.0148204 0.00576834 0.00591456 -0.010544 -0.0173581
internal_weight=26596.8 26382 6099.29 42.2924 32.5544 6057 1868.58 260.06 1608.52 243.327 169.782 151.693 4188.41 4163.34 20282.7 955.168 749.54 485.078 76.3457 408.732 345.312 173.464 264.462 171.848 19327.5 85.3927 34.9205 63.4208 92.0153 25.9378
internal_count=94465 64904 16056 97 61 15959 4680 732 3948 665 412 350 11279 11231 48848 2756 2258 1551 168 1383 1212 563 707 649 46092 314 99 171 282 91
is_linear=0
shrinkage=0.03


Tree=120
num_leaves=31
num_cat=0
split_feature=16 0 6 14 9 15 9 13 12 12 6 12 0 11 5 1 9 13 5 16 11 8 4 11 1 9 5 14 13 16
split_gain=225.959 27.1385 32.669 31.4044 30.4296 23.9208 28.5498 23.7634 29.0922 23.5967 22.6244 28.038 23.0687 21.306 26.6476 20.6368 24.6971 25.9542 26.2726 20.9851 20.5989 20.152 42.2081 35.7347 28.3462 42.3214 32.6064 28.8794 40.4553 38.5984
threshold=0.099609374708175838 -0.0025574126285618499 12.108174392657149 -0.203547676094115 0.0098060456729500249 -0.030607878086921919 0.037300913351421099 0.82521022501491104 0.97550022789698188 0.11468342951768036 75.987854929669396 -0.96950149427789756 -0.0032192229198257922 20.412343049856844 0.00043745755278394994 0.01496592043844769 0.045659540871272865 -0.2502162609825242 0.021982905799934487 0.20036514691653481 4.2635639032091452 1.5101126491194976 10.909073884348119 -1.32740633646774 0.0010118726435685013 0.12389029875516848 -0.018226548538744402 0.0070865111585291839 -0.29490782644503083 0.14947853861140983
decision_type=2 2 2 2 2 2 2 2 2 2 2 2 2 2 2 2 2 2 2 2 2 2 2 2 2 2 2 2 2 2
left_child=-1 7 13 4 -4 6 9 10 -9 -6 15 12 -12 14 -3 -2 -17 18 19 -18 -19 -5 24 -24 25 -23 -26 -28 29 -29
right_child=1 2 3 21 5 -7 -8 8 -10 -11 11 -13 -14 -15 -16 16 17 20 -20 -21 -22 22 23 -25 26 -27 27 28 -30 -31
leaf_value=-0.030215518940831316 0.0023367617950085444 -0.035177490746820451 0.02682789233911707 0.00095130534702321252 -0.052726916748439892 0.030207703169941542 -0.0070987342674960121 0.038360480391743564 0.0029545270060920368 -0.0085645937987335781 -0.057149920667362811 0.010624553742321713 0.018761908643560248 0.013501125471840784 0.015872493746941205 0.010999633713765108 -0.018807369870203029 -0.020907309613241842 0.0058932327247787041 -0.054567995772478693 0.0029284274752109634 -0.006865836678182957 0.037417959542760733 0.0030766951477140328 -0.029159805481615307 0.016614507030348748 -0.017790997770481234 0.019483383113293871 0.0077015628815249315 -0.023084822947179819
leaf_weight=207.74057667842135 8164.0478466823697 52.833760976791382 14.029968485236166 16290.127138413489 36.344708055257797 7.8506147116422644 46.347008585929871 36.896859645843506 48.134345009922981 15.546995520591734 10.14312160015106 411.26640219241381 5.5875630825757971 14.94268701225519 11.143559306859968 65.473578043282032 36.02147863805294 43.645393937826157 20.346955806016922 25.031695656478405 129.30240850150585 204.96217967569828 35.332042381167412 119.52904115617275 71.996656686067581 104.21376770734787 157.00039421021938 23.737072691321373 168.8865087479353 99.65776327252388
leaf_count=29462 19942 222 22 39830 139 12 126 59 123 39 44 848 11 45 27 135 122 147 49 107 323 636 66 326 306 252 508 52 397 329
internal_value=0.000950275 0.00119487 0.000505652 0.000593021 -0.0146934 -0.0201844 -0.0242115 0.00253366 0.0183179 -0.0394957 0.00238304 0.00912109 -0.0301859 -0.0187524 -0.0262856 0.00204391 -0.00543165 -0.00966135 -0.0236301 -0.0334692 -0.0030868 0.000699311 -0.00346689 0.0109118 -0.00614819 0.00104867 -0.0104167 -0.00741318 -0.00183868 -0.0148961
internal_weight=26678.1 26470.4 17474.5 17395.6 120.119 106.089 98.2387 8995.9 85.0312 51.8917 8910.87 426.997 15.7307 78.92 63.9773 8483.87 319.822 254.348 81.4001 61.0532 172.948 17275.4 985.315 154.861 830.454 309.176 521.278 449.282 292.281 123.395
internal_count=94706 65244 43334 43040 338 316 304 21910 182 178 21728 903 55 294 249 20825 883 748 278 229 470 42702 2872 392 2480 888 1592 1286 778 381
is_linear=0
shrinkage=0.03


Tree=121
num_leaves=31
num_cat=0
split_feature=16 0 14 9 13 12 5 8 9 3 8 5 12 3 8 3 1 0 9 1 4 14 8 8 7 8 5 9 11 16
split_gain=218.788 25.5363 29.8259 28.8275 22.3347 27.3034 21.1539 21.6354 20.5914 34.6007 47.258 34.0807 41.1339 50.2138 31.3511 29.8445 29.8238 31.2804 40.0757 27.1193 27.0719 26.7711 29.9732 52.38 32.92 31.3013 29.0151 33.4309 29.1799 28.9102
threshold=0.099609374708175838 -0.0025574126285618499 -0.203547676094115 0.0098060456729500249 0.82521022501491104 0.97550022789698188 0.0043809857843600366 1.1515938578851224 0.077424868651224374 0.19599999999999887 1.946074217491047 0.0093207174844457067 0.17879209484628325 0.072000000000000522 1.57338666513545 0.05199999999999972 -0.02293804710961694 0.011616007030294863 0.079648625848114898 -0.018132384042777613 0.42099047385300509 -0.1600326205815554 1.4202043193558205 1.0793057109962507 1.0000000180025095e-35 1.3423723066064983 -0.038280833824339 0.13297823188937399 -16.864875650492674 0.14947853861140983
decision_type=2 2 2 2 2 2 2 2 2 2 2 2 2 2 2 2 2 2 2 2 2 2 2 2 2 2 2 2 2 2
left_child=-1 4 3 -3 -2 -6 -5 -8 -4 11 -11 12 16 19 15 20 -10 18 -18 -14 -13 -20 23 26 -25 -26 27 -23 -28 -30
right_child=1 2 8 6 5 -7 7 -9 9 10 -12 14 13 -15 -16 -17 17 -19 21 -21 -22 22 -24 24 25 -27 28 -29 29 -31
leaf_value=-0.030209104704737588 0.0023116828693666371 0.026114960808673524 0.0011100575437680718 -0.029574299944588225 0.037149056187009873 0.0028654871715248246 0.011579945811631546 -0.040954927778898038 -0.026040979041718329 -0.009100832523595696 0.015292964148994913 0.022064003069133139 -0.0036151781931022774 0.0088540659803843565 -0.0091477525774537483 -0.0040935738591295302 -0.02189064458226914 -0.014540941296696723 0.038844427004899838 -0.024253258844074414 0.0063554864351752271 0.040854083120875372 0.015945383352355041 -0.017926867462499285 0.0100937946959946 -0.051820771740632474 0.020029148991081772 -0.017808778847052748 0.01547244168634895 -0.0039786130395496472
leaf_weight=201.64307487476617 8910.2579002156854 13.981331184506415 13886.320844464004 68.922725692391396 36.956079423427582 48.141029596328735 28.143435001373291 9.4156333059072477 38.25315634906292 756.1638929694891 78.937205418944359 115.69425810873508 82.435256883502007 81.879279047250748 140.46997587382793 208.91831122338772 56.888500168919563 106.5951339751482 19.47861236333847 187.9645291864872 673.77582815289497 39.792184621095657 142.59002850949764 167.71444754302502 82.091299273073673 8.0713936537504178 85.021448880434036 11.205037571489809 89.927919030189514 292.3174773901701
leaf_count=29462 21728 22 33310 225 59 123 58 35 143 2377 191 197 242 195 416 528 206 385 37 633 1498 64 400 639 225 36 174 41 219 838
internal_value=0.0009219 0.00115906 0.00049047 -0.0143856 0.00245777 0.0177542 -0.0197034 -0.00158995 0.000593742 -0.00147474 -0.00679503 0.000213915 -0.00276889 -0.0117288 0.00412224 0.00598928 -8.73563e-09 0.00090419 0.00255868 -0.0179614 0.00865752 0.00404116 0.00330328 0.000980712 -0.0100678 0.00455118 0.0064782 0.0279648 0.00413317 0.000597486
internal_weight=26670 26468.3 17473 120.463 8995.36 85.0971 106.482 37.5591 17352.5 3466.19 835.101 2631.08 1492.23 352.279 1138.86 998.388 1139.95 1101.69 995.098 270.4 789.47 938.21 918.731 776.141 257.877 90.1627 518.264 50.9972 467.267 382.245
internal_count=94706 65244 43334 340 21910 182 318 93 42994 9684 2568 7116 4477 1070 2639 2223 3407 3264 2879 875 1695 2673 2636 2236 900 261 1336 105 1231 1057
is_linear=0
shrinkage=0.03


Tree=122
num_leaves=31
num_cat=0
split_feature=16 0 6 13 12 6 12 0 11 5 1 9 13 5 3 11 16 8 13 13 6 12 9 12 13 9 9 8 15 13
split_gain=211.858 24.0233 30.5027 21.001 25.6524 21.3347 26.4525 21.8489 20.0586 25.306 19.4308 23.2691 24.5579 24.8973 21.7538 20.5349 20.0243 18.8117 31.5601 35.0676 27.3906 25.7541 34.6526 30.3537 27.587 22.3724 21.1532 44.6847 19.5797 24.7817
threshold=0.099609374708175838 -0.0025574126285618499 12.108174392657149 0.82521022501491104 0.97550022789698188 75.987854929669396 -0.96950149427789756 -0.0032192229198257922 20.412343049856844 0.00043745755278394994 0.01496592043844769 0.045659540871272865 -0.2502162609825242 0.021982905799934487 7.6999999999999327 4.2635639032091452 0.20036514691653481 1.5101126491194976 -0.29710133260357446 -0.28410918336677932 74.056288951659909 -0.32901816662076572 0.033581999440356801 -0.2667425154475313 -0.24428549937575242 0.19942808896615341 0.17641538363547937 1.1097687471318596 -0.20834973164757351 3.9976179002963197
decision_type=2 2 2 2 2 2 2 2 2 2 2 2 2 2 2 2 2 2 2 2 2 2 2 2 2 2 2 2 2 2
left_child=-1 3 8 5 -5 10 7 -7 9 -3 -2 -12 13 16 15 -14 -13 25 20 -20 -19 22 -21 -23 -24 26 -4 -28 -26 -30
right_child=1 2 17 4 -6 6 -8 -9 -10 -11 11 12 14 -15 -16 -17 -18 18 19 21 -22 23 24 -25 28 -27 27 -29 29 -31
leaf_value=-0.030202882663027959 0.0021971291369505428 -0.034329059907245413 0.00077776238487342229 0.036000276148422286 0.0027791526626417379 -0.055823852837350169 0.010249588541938012 0.01813512442366249 0.013006061571457166 0.015415820642346041 0.010609209475310201 -0.018367401007283533 -0.01898919509303458 0.0056458432454647729 -0.051679059470105676 0.0054020375074065995 -0.05339679642333274 -0.0063124351452689903 0.032552841849913944 -0.040791326085195138 -0.027831403936506741 -0.041497021699631535 -0.028964382030924839 -0.0041431766269009497 0.035343117749017494 -0.018923106171657496 -0.031850833619034812 0.022704660666465665 0.0050818289956035727 0.044967247684525723
leaf_weight=195.72332602972165 8164.6932697966695 52.261578112840652 16249.024521715939 36.990704953670502 48.147338397800922 10.08595711737871 410.74956747889519 5.5859170556068412 15.00149681419134 11.171205043792723 65.419557444751263 35.915228754281998 41.509710550308228 20.351333290338516 7.9054400920867911 123.45623265206814 24.84844683110714 190.02482777833939 28.236224755644798 13.364110380411146 73.95345550775528 20.522785946726799 16.14850402623415 425.61401009559631 27.487718805670738 51.588501274585724 15.957990035414694 88.161046639084816 175.77924141287804 15.235023483633993
leaf_count=29462 19942 222 39697 59 123 44 848 11 45 27 135 122 138 49 34 298 107 594 57 53 253 87 67 1210 52 220 64 178 484 24
internal_value=0.000894399 0.00112438 0.000475781 0.00238395 0.017213 0.00224227 0.00879008 -0.0294627 -0.0181906 -0.0255684 0.00191316 -0.00534559 -0.00945509 -0.0230734 -0.00306509 -0.000735429 -0.0326922 0.000559967 -0.00346385 -0.000219926 -0.012341 -0.00155303 0.00619717 -0.00586149 0.00887331 0.000801906 0.000864132 0.0143431 0.0116697 0.00826303
internal_weight=26660.9 26465.2 17469.5 8995.66 85.138 8910.52 426.421 15.6719 78.4343 63.4328 8484.1 319.406 253.986 81.115 172.871 164.966 60.7637 17391.1 986.366 722.388 263.978 694.151 248.015 446.137 234.65 16404.7 16353.1 104.119 218.502 191.014
internal_count=94706 65244 43334 21910 182 21728 903 55 294 249 20825 883 748 278 470 436 229 43040 2881 2034 847 1977 680 1297 627 40159 39939 242 560 508
is_linear=0
shrinkage=0.03


Tree=123
num_leaves=31
num_cat=0
split_feature=16 0 6 15 1 6 16 9 6 6 16 0 6 12 13 13 13 5 1 8 0 8 6 8 16 4 5 9 16 6
split_gain=205.16 22.6061 28.8564 20.3635 32.1542 35.7068 32.8917 29.8533 31.146 35.157 27.5426 21.2197 20.6963 21.0957 19.9284 19.5279 21.754 19.1258 41.7199 46.2984 50.6789 26.9305 25.7315 29.9999 25.2293 50.8794 33.2494 27.8231 24.8346 24.5583
threshold=0.099609374708175838 -0.0025574126285618499 12.108174392657149 -0.01727900386486508 0.0050868459201880442 34.696527771923755 0.40722131728508287 0.049889435973599988 42.930812871199393 68.902142738628541 0.11904727651383691 -0.01412899844314036 75.987854929669396 -0.96950149427789756 -0.12820552216724415 -0.19261598651677492 -0.14258997593596778 -0.0086441063256786407 -0.01555427187829672 1.1825366146137448 -0.0093167318404284698 1.7520895555846578 51.898941417356816 0.96631724610711778 0.30019880407350508 0.19248893568329675 -0.0019581452321761304 0.078125003247616148 0.22681037542776541 42.930812871199393
decision_type=2 2 2 2 2 2 2 2 2 2 2 2 2 2 2 2 2 2 2 2 2 2 2 2 2 2 2 2 2 2
left_child=-1 3 -3 4 17 11 7 10 -9 15 -7 -6 -5 -14 -11 -10 -17 22 19 24 -21 -22 -2 -24 26 -26 -19 29 -29 -28
right_child=1 2 -4 12 5 6 -8 8 9 14 -12 -13 13 -15 -16 16 -18 18 -20 20 21 -23 23 -25 25 -27 27 28 -30 -31
leaf_value=-0.030196846962041939 0.0053504235919134254 -0.017742965824798295 0.00054315519496002157 0.0038474089677131024 0.015109104967229428 -0.024500912351994513 0.033768879776991112 0.013854217100693582 -0.035360245120348334 0.0015988594765859851 0.0097588972660864332 -0.040317123584617164 -0.052687026161397477 0.015000754919528994 -0.03378566226787625 0.012213333806446498 -0.028461512593246314 0.012165248539096554 0.0028275701306014031 -0.0060637013073263643 -0.037664437460134204 0.018188214715691858 -0.0012796561334513141 -0.037560091535569953 0.012849048762233462 -0.018907668199704457 -0.001554252579384419 0.00094142590116775779 0.032369105018429212 -0.020272933737296661
leaf_weight=189.9762197593227 1903.4744480103254 78.016304135322571 17390.125401102006 2052.9668695405126 7.4457084238529196 24.610838606953621 20.672740340232849 39.467559888958931 77.006518930196762 103.83609463274479 148.85904647409916 37.658215835690498 4.2276516854763022 209.31425006687641 16.617199957370758 20.708394691348076 27.614453196525574 221.69599834084511 2975.2159097492695 233.69386611878872 82.743390470743179 8.5747907012701017 102.59495642781258 25.638498142361641 65.502609372138977 147.99534900486469 252.53523872792721 65.606529429554939 34.54507502913475 84.082464821636677
leaf_count=29462 4589 294 43040 4894 16 76 31 101 290 252 308 159 19 396 59 51 96 447 6997 746 345 21 255 105 130 434 614 168 56 255
internal_value=0.000867676 0.00109069 0.000461486 0.0023126 0.00148413 -0.00564842 -0.00324745 -0.00491563 -0.0108838 -0.0148562 0.00489833 -0.0311674 0.00477198 0.0136607 -0.00328263 -0.0259795 -0.0110306 0.00208714 0.000924766 -0.00380487 -0.013469 -0.0324199 0.00447413 -0.00853343 -0.000202714 -0.00916449 0.00270302 -0.00209984 0.0117817 -0.00622992
internal_weight=26653 26463 17468.1 8994.9 6728.4 524.497 479.393 458.72 285.25 245.783 173.47 45.1039 2266.51 213.542 120.453 125.329 48.3228 6203.9 4172.19 1196.98 325.012 91.3182 2031.71 128.233 871.963 213.498 658.465 436.769 100.152 336.618
internal_count=94706 65244 43334 21910 16601 1439 1264 1233 849 748 384 175 5309 415 311 437 147 15162 10213 3216 1112 366 4949 360 2104 564 1540 1093 224 869
is_linear=0
shrinkage=0.03


Tree=124
num_leaves=31
num_cat=0
split_feature=16 0 14 9 6 15 9 12 13 12 15 1 6 16 9 6 6 16 4 14 0 6 12 11 5 1 5 11 0 6
split_gain=198.686 21.2785 28.1139 27.1618 26.923 22.4876 25.8271 22.4002 19.6967 24.1257 20.0711 30.6951 33.3733 31.4625 31.2206 26.9893 37.0888 26.335 20.551 20.3807 20.2529 20.0522 20.1301 18.9512 25.3863 17.6749 17.5771 17.2237 34.6221 36.9379
threshold=0.099609374708175838 -0.0025574126285618499 -0.203547676094115 0.0098060456729500249 12.108174392657149 -0.030607878086921919 0.037300913351421099 0.11468342951768036 0.82521022501491104 0.97550022789698188 -0.01727900386486508 0.0050868459201880442 34.696527771923755 0.40722131728508287 0.049889435973599988 42.521525676220115 68.902142738628541 0.11904727651383691 1.8749998242187824 -0.022386519318520644 -0.01412899844314036 75.987854929669396 -0.96950149427789756 20.412343049856844 0.00043745755278394994 0.010582251926958277 0.0061674281449571773 19.336760941906775 -0.016032791840664581 34.945228602749864
decision_type=2 2 2 2 2 2 2 2 2 2 2 2 2 2 2 2 2 2 2 2 2 2 2 2 2 2 2 2 2 2
left_child=-1 8 3 -3 23 6 7 -5 10 -10 11 27 20 14 17 18 25 -14 -16 -19 -13 -12 -23 24 -4 -17 -18 -2 -29 -30
right_child=1 2 4 5 -6 -7 -8 -9 9 -11 21 12 13 -15 15 16 26 19 -20 -21 -22 22 -24 -25 -26 -27 -28 28 29 -31
leaf_value=-0.03019099197496437 0.0023785605524923718 0.025392316398533905 -0.033255137164543452 -0.050537651836872879 0.00062690382886685108 0.029762739669849856 -0.0068589161209794006 -0.0075404063953196931 0.034828900305151844 0.0026059214990605505 0.0036606647175985128 0.014658058722570044 -0.023767338155972713 0.032853648723032605 0.025007206643016415 -0.040507475695901657 -0.021874087708184605 0.012674337585511368 -0.03103147575596563 -0.032459401965811034 -0.039543145525415817 -0.051627683395699293 0.014842990298488651 0.013166727933955324 0.017122086547717404 -0.017275133189316616 0.0040611286270413813 0.00561557720350202 -0.016757572333389027 0.0042436548600413432
leaf_weight=184.39678844995797 5579.6723040416837 13.926900774240492 51.321376711130142 36.289116904139519 17270.212149344385 7.8328322768211356 46.67396579682827 15.589111447334288 36.981000974774361 48.125553265213966 2035.111203700304 7.4445932358503333 24.609338968992233 20.612087845802307 27.984741359949112 48.193559408187866 32.142223112285137 138.64998778700829 7.4597895145416251 9.6299104392528516 37.249634563922882 4.1855992153286925 201.47467005252838 14.980237402021883 10.917935743927954 75.869809806346893 87.65765093266964 238.40252463519573 214.59933258593082 116.18185742199421
leaf_count=29462 13491 22 221 139 42702 12 128 39 59 123 4856 16 76 31 64 188 105 275 28 31 159 19 380 45 26 250 203 604 668 284
internal_value=0.000841779 0.00105804 0.000447645 -0.0140043 0.000547876 -0.0191617 -0.0230502 -0.0376172 0.00224376 0.0166076 0.00210652 0.00128087 -0.00573613 -0.00339381 -0.00504604 -0.0112479 -0.0148032 0.00497323 0.0132131 0.00974317 -0.030515 0.00456283 0.0134902 -0.0171268 -0.024418 -0.0263 -0.00289727 0.00187144 -0.00309981 -0.00938121
internal_weight=26644.4 26460 17467.7 120.312 17347.4 106.385 98.5522 51.8782 8992.24 85.1066 8907.13 6666.36 517.503 472.809 452.197 279.308 243.863 172.889 35.4445 148.28 44.6942 2240.77 205.66 77.2195 62.2393 124.063 119.8 6148.86 569.184 330.781
internal_count=94706 65244 43334 340 42994 318 306 178 21910 182 21728 16473 1426 1251 1220 838 746 382 92 306 175 5255 399 292 247 438 308 15047 1556 952
is_linear=0
shrinkage=0.03


Tree=125
num_leaves=31
num_cat=0
split_feature=12 10 1 6 8 6 12 6 1 3 5 3 0 13 6 5 9 12 6 0 9 1 12 0 4 3 15 14 4 4
split_gain=28.8267 26.055 26.1271 31.1775 40.0855 32.535 34.7185 29.045 32.7235 26.1866 26.1536 24.9416 24.0569 24.0327 22.8003 23.2821 26.9397 22.3828 22.3469 21.7791 22.3332 30.4705 32.7207 21.5606 26.0277 24.5176 41.2261 21.5017 20.1297 19.8798
threshold=1.0603533525111974 1.0000000180025095e-35 -0.014498039782513903 41.110385863108384 0.84459725953559672 64.661504358505837 -0.80141073815389496 67.328503022123684 0.010582251926958277 0.093050000000008751 0.0089508485508895032 267.05000000000297 0.010948536645547515 -0.67636726807843039 58.16850176633141 -0.028474569202239525 0.026088886279966989 -1.2111317741863037 73.3636269780189 -0.013125715159628513 0.15015777647295353 0.051070732558400007 2.4852955943205015 -0.0064753169301194893 13.499999895535577 13.71499999999992 -0.30436012563685572 -0.084089003648246882 6.9999978709682198 0.2430245688464803
decision_type=2 2 2 2 2 2 2 2 2 2 2 2 2 2 2 2 2 2 2 2 2 2 2 2 2 2 2 2 2 2
left_child=1 -1 -3 13 -5 6 10 -7 9 -9 12 -8 14 -4 15 -6 -17 -15 -10 29 21 -21 -23 27 25 -25 -27 -19 -16 -2
right_child=19 2 3 4 5 7 11 8 18 -11 -12 -13 -14 17 28 16 -18 23 -20 20 -22 22 -24 24 -26 26 -28 -29 -30 -31
leaf_value=0.00096811654787970502 0.0046073329343915784 0.0064367858709868256 -0.057963354843521352 0.0030965899260211719 0.042930948323956102 -0.036642413895601259 2.0890990979339954e-05 0.030181244293305397 -0.044844030589625633 -0.02134169797955339 -0.031451241029939049 -0.026422982021233259 0.042273772290340253 -0.052222597371164546 -0.045859333824376028 0.0046593030259172294 -0.018310493330300832 -0.01079237423045817 0.013866922186314863 0.0039712149019869806 0.01726264887089465 -0.03322527546208804 0.00097073908654409858 0.0011400535529830073 -0.032362483422858024 0.033089254936655162 -0.03845992905467091 -0.045762260679460813 0.011008687765689484 -0.0046564277640328998
leaf_weight=18165.00198879512 330.61843197699636 299.65466865058988 9.372452531475572 983.18752348562703 8.3077592803165299 51.767062529921532 1002.8100345158018 24.523034051060677 23.016886406112466 13.916212177835403 53.770993775688112 33.1624860833399 8.1815025657415372 10.683032535482196 25.399091638624668 80.874664727132767 106.42622596956789 43.380326851271093 7.8161067962646475 4086.4421263425611 109.84344368427992 41.197560715954751 64.785922086331993 255.39981091022491 28.590178715530783 9.2019277252256853 34.129252059850842 24.911747391801327 7.1872113761492065 564.39443101501092
leaf_count=59981 974 1454 60 5088 52 265 6691 53 101 63 494 274 44 89 206 574 782 176 16 12283 244 149 161 1213 172 17 218 152 32 2002
internal_value=0.00102016 0.000531593 -0.00198916 -0.00287632 -0.00157775 -0.00475346 -0.00339449 -0.0196425 -0.00693849 0.0115283 -0.0125667 -0.000825603 -0.00827087 -0.0104688 -0.010083 -0.00621259 -0.00839236 -0.00937319 -0.0299609 0.00302343 0.0039092 0.00355933 -0.0123218 -0.0082161 -0.0050171 -0.0024 -0.0232655 -0.0235488 -0.0333166 -0.00123439
internal_weight=26508 21310.7 3145.67 2846.02 2430.35 1447.16 1326.12 121.039 69.2722 38.4392 290.147 1035.97 236.376 415.669 228.195 195.609 187.301 406.296 30.833 5197.28 4302.27 4192.43 105.983 395.613 327.321 298.731 43.3312 68.2921 32.5863 895.013
internal_count=94080 78267 18286 16832 14735 9647 9149 498 233 116 2184 6965 1690 2097 1646 1408 1356 2037 117 15813 12837 12593 310 1948 1620 1448 235 328 238 2976
is_linear=0
shrinkage=0.03


Tree=126
num_leaves=31
num_cat=0
split_feature=12 10 8 12 6 6 3 5 3 15 6 11 11 0 9 15 0 9 9 11 14 12 5 9 5 0 5 0 8 8
split_gain=27.1361 24.5245 23.9807 34.654 35.1176 33.9451 30.0287 24.4739 23.5999 27.0157 22.4843 22.4303 21.9529 21.8933 21.749 21.6804 21.3942 21.2765 26.5819 33.2422 26.6231 25.2412 22.6496 21.5014 23.962 38.9088 26.1698 23.6044 26.134 21.694
threshold=1.0603533525111974 1.0000000180025095e-35 0.84459725953559672 -0.80141073815389496 64.661504358505837 41.110385863108384 267.05000000000297 0.0089508485508895032 5.3600000000000714 -0.32432589545883256 67.064411548618779 31.350925547079104 -21.156698689099837 0.02603611580276655 0.067203062868960592 0.0097741405433210329 -0.013125715159628513 0.15015777647295353 0.077424868651224374 22.992894756244791 0.035539361188090084 3.2779003812715839 0.037081326427172746 0.10395756878182204 -0.016013537596299508 0.020034659544946213 -0.013692239183583714 0.010389016757720861 1.2257913591511083 1.540761654126501
decision_type=2 2 2 2 2 2 2 2 2 2 2 2 2 2 2 2 2 2 2 2 2 2 2 2 2 2 2 2 2 2
left_child=1 11 5 7 6 8 -5 -4 -3 -10 -6 -1 -2 -13 -7 -11 -14 18 -18 22 -21 -22 23 24 25 -20 -26 29 -29 -25
right_child=12 2 3 4 10 14 -8 -9 9 15 -12 13 16 -15 -16 -17 17 -19 19 20 21 -23 -24 27 26 -27 -28 28 -30 -31
leaf_value=0.0010457457715613145 0.041297386633955442 -0.0053115739381441882 -0.0086509475690868046 -8.5564879529241331e-05 -0.035573502729991831 0.0039498659471045904 -0.025886322376941377 -0.028585902001754555 0.035081087910174537 -0.061248763997357333 -0.0076674363862802427 -0.011885042131319794 -0.0013956015560396638 0.034940594908125594 -0.054400190661669803 -0.001160548109992999 0.0042779599746206624 0.016746919194691449 -0.036599297596128552 -0.028065055650577184 -0.015464621276432585 0.034149178506334039 -0.04099100190948287 0.013005352337196824 0.033880872972579558 0.044921045506718514 -0.0025372801271154898 0.0083764086738191829 -0.0391851140460905 0.049619201125394162
leaf_weight=17981.232285016216 13.389692286029456 197.84095522062853 288.80228658951819 1381.6155791184865 42.406302102375776 1019.0055936318822 41.828026520088315 68.589739082846791 4.4629435115493861 19.505406689830128 67.104618762154132 174.72004080750048 891.06442011985928 9.4736597253940982 5.7817011186853042 7.4753401675261548 3655.3379473621026 109.82952273543924 34.703810698352754 73.33340003201738 25.728590437211096 14.390852510929106 11.235758981201796 85.448984586633742 19.603795552626252 6.2126933918334535 188.66311009600759 34.414212337229401 14.899265387095509 17.556787724606693
leaf_count=59358 19 856 2000 8623 214 5212 324 615 7 117 229 606 2972 17 46 43 11078 244 146 266 77 20 46 192 37 21 517 76 74 28
internal_value=0.000989606 0.000515624 -0.00193053 -0.00406442 -0.00210316 0.00128603 -0.000843723 -0.0124768 -0.00914863 -0.033291 -0.0184736 0.000939051 0.00293357 -0.00947665 0.00362066 -0.0446006 0.00283445 0.00371279 0.00337044 -0.00293388 -0.017316 0.00233186 0.00101946 0.00219509 -0.00323277 -0.0242214 0.000890696 0.0110747 -0.00599353 0.019246
internal_weight=26505.7 21309.8 3144.42 1890.35 1532.95 1254.07 1423.44 357.392 229.285 31.4437 109.511 18165.4 5195.81 184.194 1024.79 26.9807 5182.42 4291.36 4181.53 526.191 113.453 40.1194 412.738 401.503 249.183 40.9165 208.267 152.319 49.3135 103.006
internal_count=94080 78267 18286 12005 9390 6281 8947 2615 1023 167 443 59981 15813 623 5258 160 15794 12822 12578 1500 363 97 1137 1091 721 167 554 370 150 220
is_linear=0
shrinkage=0.03


Tree=127
num_leaves=31
num_cat=0
split_feature=16 12 11 15 6 5 16 11 16 5 11 0 14 1 14 14 0 11 0 12 9 16 12 1 4 6 3 12 9 1
split_gain=193.365 24.1358 20.6991 20.716 28.035 29.9677 25.8944 33.698 19.7443 27.8894 20.5044 19.0795 27.0197 23.9058 37.2938 28.0861 22.5131 22.2612 25.8558 21.9181 27.4851 21.3241 19.8961 23.5036 27.9586 19.0102 45.7799 39.2209 37.496 27.0416
threshold=0.099609374708175838 1.0603533525111974 -21.156698689099837 -0.30436012563685572 18.752067096143367 0.00096015928689722346 0.11608585813665863 -5.1002988228131807 0.16203266856417245 -0.017431917384178808 13.932822678046966 -0.013617507933488369 -0.17108672344705225 -0.012417533394119827 0.039878620337302308 -0.13765732187592872 -0.01533301442957846 22.992894756244791 -0.00084773601510007557 3.14602506932416 0.08195448509178023 0.15861074234685676 1.8253998254429422 0.02095376378735914 0.34068269195053141 44.697981049410132 541.09999999999866 0.63177129501305307 0.18558449077028022 0.0012982750002141776
decision_type=2 2 2 2 2 2 2 2 2 2 2 2 2 2 2 2 2 2 2 2 2 2 2 2 2 2 2 2 2 2
left_child=-1 25 -3 4 -4 -6 -7 -8 9 10 -5 12 -11 14 17 -15 -14 18 -13 20 21 22 -17 -24 -25 -2 28 -28 29 -27
right_child=1 2 3 8 5 6 7 -9 -10 11 -12 13 16 15 -16 19 -18 -19 -20 -21 -22 -23 23 24 -26 26 27 -29 -30 -31
leaf_value=-0.030185561475536402 -0.00039384775250722592 0.040391494846995377 -0.025292870318218141 -0.010666438925702147 0.0042445078364171974 0.026131155878063569 0.021493972350717459 -0.029764985150558358 0.0045823727935655461 0.028619332064714963 -0.052957535668831116 0.016268442301551736 -0.0098145132949606952 -0.029508299454430044 -0.03688739399842788 0.0062091176427583154 -0.051321780414300265 0.039976389221231381 -0.031923796240555455 0.015007547030061075 -0.033133987482950975 -0.027711131142015132 -0.0013708413768230929 0.0082212355770114754 -0.053036923894468888 0.0034356483209903848 -0.032076846685383818 0.015003031917667458 -0.012909503787645311 0.00061041288442986871
leaf_weight=178.19574882322922 8331.8323917612433 13.296284362673758 47.054356098175049 54.058345049619675 278.28677732497454 11.888331986963747 13.855446264147757 69.151503831148148 3574.8760319128633 14.585519000887869 12.751788914203642 100.02414214611053 97.699540361762047 26.964387685060501 12.201125293970106 382.83458501845598 13.370010212063788 31.599454522132874 11.134885028004645 96.67052797973156 22.135881707072258 22.732705280184746 232.7248802036047 10.701397582888605 17.957784757018089 5191.1562668010592 64.366709150373936 21.160936132073402 158.44257919490337 7389.0847917571664
leaf_count=29309 22051 16 162 156 640 22 24 226 7942 23 55 193 269 82 42 828 51 47 38 176 75 69 539 24 69 12266 225 43 588 17830
internal_value=0.000960002 0.00117083 0.00300865 0.00291224 -0.00347133 -0.000719859 -0.0152782 -0.0212089 0.00347878 7.81851e-05 -0.0187384 0.001228 -0.00976975 0.00265608 0.0134547 0.000597134 -0.014811 0.0177573 0.011441 0.00163024 -0.000246427 0.000845099 0.00185277 -0.00452773 -0.030163 0.00072184 0.0014467 -0.0204285 0.00159357 0.00177623
internal_weight=26502.8 26324.6 5168.56 5155.26 420.236 373.182 94.8953 83.007 4735.02 1160.15 66.8101 1093.34 125.655 967.682 154.96 812.722 111.07 142.758 111.159 785.758 689.087 666.951 644.219 261.384 28.6592 21156 12824.2 85.5276 12738.7 12580.2
internal_count=94080 64771 11768 11752 1074 912 272 250 10678 2736 211 2525 343 2182 320 1862 320 278 231 1780 1604 1529 1460 632 93 53003 30952 268 30684 30096
is_linear=0
shrinkage=0.03


Tree=128
num_leaves=31
num_cat=0
split_feature=16 12 8 15 16 1 0 3 12 13 9 1 3 14 12 4 1 12 6 16 12 4 4 14 0 11 13 6 9 3
split_gain=187.236 22.7269 21.4181 41.9106 24.8272 26.693 29.7512 28.9763 23.812 23.8769 29.7811 27.7968 27.2753 23.5006 23.3841 20.984 20.926 20.8517 35.8017 30.7944 26.3743 24.0276 23.5176 26.8383 23.2078 26.8316 20.9182 20.7389 20.2063 38.3475
threshold=0.099609374708175838 1.0603533525111974 1.57338666513545 0.18419190210482567 0.41611121479074542 0.0012076383314357788 -0.0064753169301194893 2.6700000000000448 -0.72061381269967184 2.4263964971946272 0.16826729082782668 0.00042023674458346877 3.1949999999985725 -0.019048017304366584 -0.18070019753406449 65.473307917350397 0.0041102314918798353 -0.16239051220183315 68.641650668736915 0.13682748470763076 -0.18999467351629859 0.5749998382812882 4.0688569299268291 -0.040458394056997256 -0.0010229369220464688 11.860263750347622 -0.1324931197422092 72.406920324937559 0.19942808896615341 0.01379999999999987
decision_type=2 2 2 2 2 2 2 2 2 2 2 2 2 2 2 2 2 2 2 2 2 2 2 2 2 2 2 2 2 2
left_child=-1 2 15 4 5 8 -7 13 -4 10 11 17 27 -8 -13 28 -15 19 21 26 24 -19 -23 -24 25 -21 -10 -12 -2 -30
right_child=1 -3 3 -5 -6 6 7 -9 9 -11 12 14 -14 16 -16 -17 -18 18 -20 20 -22 22 23 -25 -26 -27 -28 -29 29 -31
leaf_value=-0.030180044194319904 0.001098870759873748 0.0029196768168262099 0.020707618752529574 0.018415097744256887 -0.025444028800995448 0.0089341544107196975 -0.035856975323779898 -0.002660668706147945 0.0037305472834505519 0.023488866001273416 0.019726397441603892 -0.0099870093093886048 -0.037303169702683193 -0.050347797058105777 0.051214020043142273 -0.0066589578326939989 -0.0090413986834878123 -0.0081015458318877097 0.014579575909268359 -0.045327440864591374 0.035667585288305922 -0.046842056875423206 0.029512888250154367 -0.036500981911019303 0.00031604882350412468 0.00082793691614458027 0.051718233399838352 -0.029374390696538757 0.0076183552485670387 -0.031039828130404075
leaf_weight=172.96040544379503 19765.824010916054 5166.3407516106963 46.971484079957008 71.75506691634655 52.422747626900673 59.897967107594013 67.025658547878265 118.1774999499321 21.736348628997803 31.31128066778183 84.873070910573006 10.248219162225725 9.8240883946418744 12.372767582535742 12.438600808382033 324.38284306973219 102.32585979998112 44.793091490864754 23.991613790392876 33.224407106637955 9.936960890889166 52.915610626339912 9.110081300139429 14.154980614781378 43.550865843892097 17.205985367298126 13.103957816958426 8.5190464034676534 43.433078601956367 49.315407909452915
leaf_count=29309 48843 11768 108 152 205 156 272 348 60 69 178 31 39 54 15 881 334 138 50 139 17 226 19 60 127 50 19 36 134 243
internal_value=0.000931416 0.00113585 0.000700217 -0.0036498 -0.00540873 -0.00416973 -0.0103689 -0.0142243 0.000401751 -0.00176136 -0.00369145 -0.00838627 0.0102458 -0.0217442 0.0235679 0.000909687 -0.0134972 -0.0109414 -0.0188982 -0.00262858 -0.0108118 -0.0255376 -0.0357897 -0.0106514 -0.0157262 -0.02958 0.0217794 0.0152475 0.00103332 -0.0129366
internal_weight=26494.1 26321.2 21154.8 971.887 900.132 847.709 359.8 299.902 487.91 440.938 409.627 306.411 103.216 181.724 22.6868 20183 114.699 283.724 144.965 138.759 103.918 120.974 76.1807 23.2651 93.9813 50.4304 34.8403 93.3921 19858.6 92.7485
internal_count=94080 64771 53003 2902 2750 2545 1164 1008 1381 1273 1204 951 253 660 46 50101 388 905 493 412 333 443 305 79 316 189 79 214 49220 377
is_linear=0
shrinkage=0.03


Tree=129
num_leaves=31
num_cat=0
split_feature=12 10 1 6 8 6 11 0 6 1 3 6 9 4 5 11 5 8 9 3 11 8 7 12 0 14 0 9 11 1
split_gain=22.6464 22.951 24.5924 28.1287 35.2041 29.1443 33.489 27.8636 26.2625 30.9186 26.2689 26.1982 23.0781 24.1019 37.8311 26.5497 34.8031 34.8067 31.7361 28.6927 27.9808 27.7624 24.9421 23.3976 22.7296 23.9356 22.3947 20.9673 20.9008 25.4689
threshold=1.0603533525111974 1.0000000180025095e-35 -0.014498039782513903 41.110385863108384 0.84459725953559672 64.661504358505837 5.7476122462859616 -0.010914411877669892 67.328503022123684 0.012003543394233375 0.093050000000008751 73.3636269780189 0.040579178305217102 1.18040313990539 -0.014499759530730344 -14.145207313941276 -0.0024326242656175505 1.0100312995804688 0.021796691463682228 30.730000000000249 0.11885415146828394 0.91506021331603116 1.0000000180025095e-35 -0.64517387205189014 -0.0064753169301194893 -0.048682416762114079 0.0030371528043203759 0.039797287766690267 31.350925547079104 -0.044918600897569154
decision_type=2 2 2 2 2 2 2 2 2 2 2 2 2 2 2 2 2 2 2 2 2 2 2 2 2 2 2 2 2 2
left_child=1 28 -3 24 -5 6 7 -6 -7 10 -10 -11 13 15 -15 23 21 18 20 -20 -18 -17 -19 -9 -4 -26 -24 -16 29 -1
right_child=-2 2 3 4 5 8 -8 12 9 11 -12 -13 -14 14 27 16 17 22 19 -21 -22 -23 26 -25 25 -27 -28 -29 -30 -31
leaf_value=0.016104852173941666 0.0026807586497482332 0.0062785119454381267 -0.025126049383622246 0.0028575615153784554 0.024958468153434908 -0.03485625810842366 0.003674380841844124 -0.015121136251638868 0.027377424471396891 -0.049160224784690044 -0.02251850164737268 0.016358729839425736 -0.016413230695622699 0.029730859375417498 -0.0040695788096373553 0.0018154396551407826 0.011231236839440535 0.027350167145326277 -0.043614132219837794 0.060870702676829862 -0.038939354430616128 -0.040538084823027697 -0.032434902030430743 0.056484366256051459 0.0018518959191060863 -0.014078966884468266 0.0063060394369580126 0.041278823740913462 -0.0091838201862542834 0.00089872134912954938
leaf_weight=99.685316145420074 5189.0760304112919 299.4972645570524 73.383556706830859 981.7787329335697 24.60488098859787 51.441241723950952 428.73969927662984 7.2675481513142612 26.926311476621777 20.014750610105697 14.67010362446308 7.5700722485780707 198.08329074364156 35.322609663475305 340.23553444584832 18.203905471134931 35.141340857837349 32.289879510644823 42.873114733025432 2.5035418430343261 13.986707266420124 59.314639952033758 18.876346793491393 9.443730994127689 157.68987331865355 183.83426248189062 46.535887255333364 9.4304802683182043 183.84448657138273 17873.395219578408
leaf_count=274 15813 1454 362 5088 159 265 3113 47 60 90 68 15 1410 171 2237 120 150 197 387 4 152 499 184 21 659 1076 263 35 623 59084
internal_value=0.000903603 0.000470586 -0.00189777 -0.00275997 -0.00152509 -0.00450595 -0.00321874 -0.00652408 -0.0186227 -0.0065519 0.00978027 -0.0311799 -0.00741496 -0.0047603 0.000142434 -0.0113499 -0.0136233 -0.00677965 -0.0197602 -0.0378494 -0.00305228 -0.0305921 0.00577611 0.0253439 -0.00997815 -0.00672331 -0.00487363 -0.00284653 0.000880117 0.00098306
internal_weight=26485.7 21296.6 3139.66 2840.16 2425.25 1443.48 1322.85 894.113 120.622 69.1812 41.5964 27.5848 869.509 671.425 384.989 286.437 269.725 192.207 94.5047 45.3767 49.128 77.5185 97.7021 16.7113 414.908 341.524 65.4122 349.666 18156.9 17973.1
internal_count=94080 78267 18286 16832 14735 9647 9149 6036 498 233 128 105 5877 4467 2443 2024 1956 1337 693 391 302 619 644 68 2097 1735 447 2272 59981 59358
is_linear=0
shrinkage=0.03


Tree=130
num_leaves=31
num_cat=0
split_feature=16 5 11 6 14 9 3 9 8 9 3 8 13 11 4 10 12 3 8 6 0 14 14 4 11 9 8 6 13 5
split_gain=178.208 17.6012 23.8263 29.2301 28.5669 22.9442 20.2166 33.731 21.9923 21.0037 32.1984 34.3465 36.7611 31.884 32.3425 26.7712 24.7435 24.1237 23.8426 22.2782 21.4815 21.1269 20.402 19.9651 19.7821 40.6156 18.9572 26.5535 18.6897 18.3861
threshold=0.099609374708175838 0.019663011120225483 44.980734828677662 32.8125 -0.08531653955373053 0.074031950933021132 0.0016000000000004901 0.063448918266985649 1.1028900263194077 0.064804528414187421 0.027000000000000583 1.0366860177126032 -0.557671127357662 9.1820692280345302 1.0769230562130183 1.0000000180025095e-35 -0.84670017260895669 30.730000000000249 1.2491219385526904 32.329313949466247 -0.0037144475578412268 0.11174131492095758 -0.11151947085461485 31.249992187512333 9.1820692280345302 0.04454544662097943 0.92326973843175286 63.303652441922516 -0.15463106954431646 0.025019402298831175
decision_type=2 2 2 2 2 2 2 2 2 2 2 2 2 2 2 2 2 2 2 2 2 2 2 2 2 2 2 2 2 2
left_child=-1 2 -2 -4 -5 -6 7 24 -9 10 15 12 -12 14 17 20 -13 28 -17 -16 -8 -18 -10 -21 25 -3 27 -22 -11 -15
right_child=1 6 3 4 5 -7 9 8 22 13 11 16 -14 29 19 18 21 -19 -20 23 26 -23 -24 -25 -26 -27 -28 -29 -30 -31
leaf_value=-0.030174775370324931 0.00071636480005572592 0.0090259260410579783 -0.029522934668052982 0.032314522513883226 -0.0010101590910594033 -0.034723084681520404 -0.046185579109867578 0.029736155124855172 -0.032222908123519689 0.0021401874800530147 -0.058144826187219639 0.023023060327725851 0.018901503217096088 -0.0037215925180270142 -0.048588839041612771 0.001868572537232724 -0.0027493220615781586 -0.048784056330203551 0.051329347368819493 -0.0064559972334408029 -0.056719803749130292 -0.049209165253620742 0.012393461467019449 -0.047388410703350071 0.025171709111081835 -0.054009151763609736 0.0029123834418177969 -0.00032189489169152593 0.030782874141177349 0.010382148180236994
leaf_weight=167.44277506042272 23944.870250664651 18.527671352028847 50.986538581550121 18.084477663040161 81.707157269120216 23.363910928368568 15.751344859600065 70.83222334086895 9.8528374135494214 457.36193606257439 5.6868882030248633 32.631295129656792 279.49564558267593 110.29840941727161 12.194761663675306 40.466506734490395 112.65987887978554 8.1001668274402601 11.198981538414953 428.17520128935575 14.222580149769785 9.5561180114746076 144.55983470380306 11.000068068504332 10.074492841958998 18.272620350122452 52.584432020783424 15.927585959434508 21.465282768011093 338.46008285135031
leaf_count=29228 59244 39 239 32 207 88 57 107 33 1123 23 61 485 282 54 93 277 36 16 1170 54 35 290 42 15 71 117 35 38 735
internal_value=0.000676744 0.000872655 0.000635954 -0.0104207 -0.00251238 -0.00850666 0.00341071 0.0110772 0.0158955 0.00235561 0.00709577 0.011189 0.0173651 0.000338702 -0.00280685 -0.00489983 -0.000185438 0.00255571 0.0125897 -0.00859185 -0.0140748 -0.00638204 0.00954656 -0.00748124 -0.0120762 -0.0222732 -0.0079614 -0.0269262 0.00342421 0.00691565
internal_weight=26535.8 26368.4 24119 174.142 123.156 105.071 2249.36 272.12 225.245 1977.24 590.181 440.03 285.183 1387.06 938.297 150.151 154.847 486.927 51.6655 451.37 98.4859 122.216 154.413 439.175 46.8748 36.8003 82.7346 30.1502 478.827 448.758
internal_count=94326 65098 59810 566 327 295 5288 555 430 4733 1253 881 508 3480 2463 372 373 1197 109 1266 263 312 323 1212 125 110 206 89 1161 1017
is_linear=0
shrinkage=0.03


Tree=131
num_leaves=31
num_cat=0
split_feature=16 5 11 4 16 3 9 8 9 3 8 13 11 4 10 10 12 3 3 8 1 5 14 13 0 11 14 14 3 1
split_gain=172.653 16.5807 22.504 26.9998 46.5694 19.0798 31.8028 20.8298 19.7907 30.3583 32.4703 34.6941 30.0128 30.4479 25.1614 24.4942 37.9133 28.5719 22.9666 22.2634 20.3135 25.1637 27.954 20.3254 20.1523 19.2255 19.209 19.1926 19.0089 22.4004
threshold=0.099609374708175838 0.019663011120225483 44.980734828677662 1.3640704833616806 0.25629178078220666 0.0016000000000004901 0.063448918266985649 1.1028900263194077 0.064804528414187421 0.027000000000000583 1.0366860177126032 -0.557671127357662 9.1820692280345302 1.0769230562130183 1.0000000180025095e-35 1.0000000180025095e-35 -0.84670017260895669 0.21200000000001043 30.730000000000249 1.2491219385526904 -0.012692679913887893 0.025019402298831175 0.0098214376718989676 -0.32586509984236373 -0.0037144475578412268 14.778032220687233 -0.11151947085461485 0.087329842861774462 0.0035999999999999648 0.010369461968876116
decision_type=2 2 2 2 2 2 2 2 2 2 2 2 2 2 2 2 2 2 2 2 2 2 2 2 2 2 2 2 2 2
left_child=-1 2 -2 4 -4 6 -3 -8 9 14 11 -11 13 18 24 16 -12 -17 -10 -16 -14 22 23 -22 -7 -19 -9 -18 -23 -30
right_child=1 5 3 -5 -6 8 7 26 12 10 15 -13 20 -15 19 17 27 25 -20 -21 21 28 -24 -25 -26 -27 -28 -29 29 -31
leaf_value=-0.030169580625307842 0.00069487193724236652 -0.011730112782345273 0.020212698775814733 -0.024490729535246045 -0.020106530068807537 -0.04470539348564722 0.028950402844656692 -0.03125229971595099 0.003321335375091636 -0.056581141019201399 0.03740882342414837 0.018385651201172217 -0.011074502791152487 -0.0083387523864592462 0.0018127239812597187 -0.057103011937631509 0.002268239554198667 -0.021890558489382463 -0.047942680824880769 0.049501335170288971 0.0081655233693080989 0.03389202357695275 0.011961681097690382 -0.033606573474113451 -0.0077168529036125135 0.03841047841949688 0.012039515472411172 -0.038712290044777033 0.023380476498049058 0.0046184522414845176
leaf_weight=162.52165034646168 23944.934914246202 46.807470336556435 50.47666609287262 70.281575493514538 52.699666097760201 15.784134641289709 70.575940772891045 9.8540429174900037 478.84537705779076 5.6689825505018225 27.10721156001091 278.72912161052227 51.199989765882492 451.13313162326813 40.461929515004158 13.237009719014166 81.871949210762978 13.593255609273912 7.9966152608394614 11.263137966394423 15.331255361437796 35.478420659899712 47.62274631857872 33.155022218823433 82.78771610558033 7.3215214163064948 144.34865215420723 11.763178706169127 83.508079141378403 182.2892487347126
leaf_count=29228 59244 125 112 272 182 57 107 33 1161 23 38 485 167 1266 93 55 186 44 36 16 35 48 95 110 206 10 290 40 151 411
internal_value=0.000656531 0.000846544 0.000616877 -0.0101499 -0.000381267 0.00331089 0.0107666 0.0154513 0.00228623 0.00689024 0.0108721 0.0168913 0.000328527 -0.0027238 -0.004748 -0.000179732 0.00616498 -0.0226112 0.0024793 0.0121969 0.00671085 0.00900235 -0.0043637 -0.0203983 -0.0136398 -0.000781305 0.00927303 -0.00288006 0.0132662 0.0105131
internal_weight=26528.6 26366.1 24118.4 173.458 103.176 2247.74 271.586 224.779 1976.15 589.589 439.292 284.398 1386.56 937.975 150.297 154.894 120.742 34.1518 486.842 51.7251 448.585 397.385 96.109 48.4863 98.5719 20.9148 154.203 93.6351 301.276 265.797
internal_count=94326 65098 59810 566 294 5288 555 430 4733 1253 881 508 3480 2463 372 373 264 109 1197 109 1017 850 240 145 263 54 323 226 610 562
is_linear=0
shrinkage=0.03


Tree=132
num_leaves=31
num_cat=0
split_feature=16 5 1 14 9 8 5 11 14 15 5 1 8 14 11 16 11 1 9 8 8 13 4 1 9 14 16 1 5 16
split_gain=167.28 15.6243 21.6681 38.4798 18.7459 28.9631 31.2047 26.175 23.8742 21.2381 31.8037 30.3594 27.4949 24.8641 25.8001 22.3412 21.2907 20.5146 20.3361 20.4128 18.8807 20.2779 48.0765 22.4474 18.4703 23.9054 27.901 17.7648 17.201 39.2543
threshold=0.099609374708175838 0.019663011120225483 0.06563002921707152 0.065956781889270538 0.035797799771241062 0.51283230772526311 -0.0058131594866724264 -15.994780449446598 0.099681500667069337 0.29743861918920805 -0.018636780631645974 0.0057400896399369969 0.69988577093044968 0.078641242415783838 -1.1095781986127593 0.16203266856417245 -1.0000000180025095e-35 0.0061388639369162066 0.035053397839606121 1.8608848829211784 1.946074217491047 0.48289323696852654 2.5041758199922959 0.0074638549244587802 0.22312426493641338 -0.096838939137063915 0.50979288096840747 -0.014498039782513903 0.0019309460479618823 0.30296653055467065
decision_type=2 2 2 2 2 2 2 2 2 2 2 2 2 2 2 2 2 2 2 2 2 2 2 2 2 2 2 2 2 2
left_child=-1 2 4 -4 18 6 -6 -8 -9 20 17 15 -13 14 -14 16 -12 -11 19 -2 -7 22 23 -22 -3 -26 -27 -23 -15 -30
right_child=1 24 3 -5 5 9 7 8 -10 10 11 12 13 28 -16 -17 -18 -19 -20 -21 21 27 -24 -25 25 26 -28 -29 29 -31
leaf_value=-0.030164541124647771 0.0015596288798072221 0.0037095456982980416 -0.028407544832150054 0.02440284340819417 0.018841237758057922 -0.00010108436161647436 0.034998225999016676 -0.025437361771579532 0.033694630458941083 0.04213646491434276 -0.039434190751037185 -0.052177519087749993 2.5682508976496182e-05 0.014935843634106234 -0.047970175489185099 -0.055152478084682342 0.030777517135440809 -0.010314071096722362 0.0089507684818877099 -0.040072530641354236 0.014626926273200346 -0.002634678614495027 -0.034056873686233245 -0.011411630829462768 0.034770630726292613 -0.026348211557037975 0.030413507748274959 0.035872618091101649 -0.039321308233568948 0.013308333447991953
leaf_weight=157.74436194309965 7778.0335762053728 2173.7884170860052 53.375569604337215 16.182318851351738 143.92976770550013 15222.839080519974 10.863688066601751 40.911386981606483 7.2312051579356185 16.539431214332584 9.0345927923917753 11.530250415205954 19.97197599709034 56.082926854491234 20.351212114095688 23.904848992824554 6.8220974355936042 11.294145926833151 344.54434212297201 10.61400757730007 145.62308418750763 15.180871248245237 26.328888908028603 37.462695017457008 8.7374557703733426 54.098302662372589 9.1056749224662763 37.214781448245049 22.130669072270393 30.105490475893021
leaf_count=29228 17757 5018 188 31 249 39352 16 162 11 24 33 43 51 126 75 99 12 39 719 40 313 50 103 119 18 237 15 61 79 58
internal_value=0.00063693 0.000821226 0.00059837 -0.0161215 0.00064673 4.7971e-05 0.011309 -0.00706391 -0.0165555 -9.74723e-05 -0.00919164 -0.0133743 -0.00754977 -0.00408797 -0.0241979 -0.0368375 -0.00922668 0.0208534 0.00181841 0.00150289 3.62961e-05 0.00802422 0.003848 0.00929896 0.0032146 -0.0117408 -0.0181707 0.0247157 0.00339823 -0.00898904
internal_weight=26521.6 26363.8 24118.1 69.5579 24048.5 15915.4 202.936 59.0063 48.1426 15712.4 227.768 199.934 160.173 148.642 40.3232 39.7615 15.8567 27.8336 8133.19 7788.65 15484.6 261.81 209.415 183.086 2245.73 71.9414 63.204 52.3957 108.319 52.2362
internal_count=94326 65098 59810 219 59591 41075 438 189 173 40637 639 576 432 389 126 144 45 63 18516 17797 39998 646 535 432 5288 270 252 111 263 137
is_linear=0
shrinkage=0.03


Tree=133
num_leaves=31
num_cat=0
split_feature=16 5 11 6 1 4 5 9 14 16 9 15 5 1 16 11 1 14 11 9 11 6 5 11 6 0 12 9 6 6
split_gain=162.082 14.708 20.9392 27.6097 31.733 24.947 30.9847 17.4487 22.5304 26.4602 17.153 18.5671 28.9103 25.0973 26.429 26.3209 19.2421 18.5649 23.7978 18.5458 19.7212 17.4196 18.8158 29.227 39.2911 32.2666 27.2641 23.5609 29.1376 35.4956
threshold=0.099609374708175838 0.019663011120225483 44.980734828677662 32.8125 0.034452127050066179 1.4782602268433707 0.0037788626773394992 0.22312426493641338 -0.096838939137063915 0.50979288096840747 0.035797799771241062 0.29743861918920805 -0.018636780631645974 0.0057400896399369969 0.16203266856417245 0.79557245144513689 0.0061388639369162066 0.078641242415783838 -1.1095781986127593 0.035053397839606121 22.992894756244791 80.081724563594875 -0.041455098547742313 4.3644810320083947 17.860438803880275 0.016926001883901812 1.2118400814442156 0.12389029875516848 30.4054054054054 54.525386313465766
decision_type=2 2 2 2 2 2 2 2 2 2 2 2 2 2 2 2 2 2 2 2 2 2 2 2 2 2 2 2 2 2
left_child=-1 2 10 -4 5 -5 -7 -3 -9 -10 19 21 16 14 15 -14 -13 18 -15 -2 -21 22 23 26 -25 -26 27 -12 -29 -30
right_child=1 7 3 4 -6 6 -8 8 9 -11 11 12 13 17 -16 -17 -18 -19 -20 20 -22 -23 -24 24 25 -27 -28 28 29 -31
leaf_value=-0.030159652191763878 0.0014784186868180998 0.0035989972361006452 -0.028623431399167554 0.019986247503075545 -0.025289020491801113 -0.048163651645603774 0.012532388820950263 0.033493556287875668 -0.025798473151474224 0.029567562013651318 0.018705972358600116 0.040783724773007152 -0.0390868854375764 -0.0027944737034243782 -0.053861539857691196 0.035790392587519947 -0.01003037478206033 -0.0007228874738495892 -0.047115063537819725 0.0098212962693338818 -0.035125121721395591 0.0039068563291217388 -0.00025574905097957787 0.022488280787157294 -0.021400706483857102 0.012098494811579028 0.039207498788404953 -0.019887206358462951 0.017419570907446641 -0.040981400498569673
leaf_weight=153.10675229434855 7750.7687462419271 2173.3494888693094 49.972841121256351 54.92871005833149 37.28054167330265 13.343208000063898 17.49357296526432 8.7975411862134916 53.601140335202217 9.0855105370283109 114.22231481969357 16.574797645211223 9.2503937929868716 23.150355696678162 23.745819702744484 7.7776354253292075 11.265618696808813 115.45608723163605 20.611211761832237 331.62155203521252 9.024987652897833 1066.4664699435234 14116.014650680125 38.987737029790878 91.476499050855637 36.086136132478714 29.702270537614822 43.818005532026291 75.393842145800591 10.695195361971853
leaf_count=29228 17707 5018 239 111 124 54 38 18 237 15 236 24 34 60 99 12 39 292 76 683 29 2283 36805 73 295 81 38 146 169 63
internal_value=0.000617927 0.000796693 0.000580484 -0.0098185 -0.00218122 0.00786327 -0.013731 0.00311932 -0.0114645 -0.017774 0.000655633 8.19147e-05 -0.00842051 -0.0124077 -0.0334084 -0.00488632 0.0202218 -0.00702971 -0.023669 0.00177952 0.0086305 0.000205908 -6.52405e-05 0.00604133 -0.00386854 -0.0119241 0.0120687 0.00876685 2.77627e-05 0.0101642
internal_weight=26513.1 26360 24115.1 173.019 123.046 85.7655 30.8368 2244.83 71.4842 62.6867 23942.1 15850.7 227.832 199.992 40.7738 17.028 27.8404 159.218 43.7616 8091.42 340.647 15622.9 14556.4 440.382 166.55 127.563 273.832 244.129 129.907 86.089
internal_count=94326 65098 59810 566 327 203 92 5288 270 252 59244 40825 636 573 145 46 63 428 136 18419 712 40189 37906 1101 449 376 652 614 378 232
is_linear=0
shrinkage=0.03


Tree=134
num_leaves=31
num_cat=0
split_feature=16 12 9 13 6 1 13 16 6 11 9 13 3 6 8 11 5 11 6 1 13 5 3 9 8 1 1 1 16 8
split_gain=157.053 13.8673 35.2877 15.4838 21.2061 27.9718 18.2352 18.3105 16.3056 14.0963 13.7981 22.6236 18.2995 13.8454 13.74 19.3228 13.666 20.0399 26.4252 29.9146 21.0769 33.8257 18.8457 29.8412 20.741 19.352 17.792 28.8308 34.1757 31.6597
threshold=0.099609374708175838 -1.3734552238411337 0.066212109125224392 -0.32122991804938555 38.430910126800008 -0.0021418048074924308 -0.14535448347194199 0.20036514691653481 55.309954693251534 -2.4651611491836642 0.049889435973599988 -0.57856750789899947 3.8350000000000368 55.719526290847973 0.85750889060588686 -4.177953659682708 0.019663011120225483 44.980734828677662 32.8125 0.034452127050066179 -0.14535448347194199 0.0037788626773394992 0.0016000000000004901 0.063448918266985649 1.1028900263194077 0.0026146232369177462 -0.050391194271541422 -0.0080859178493291033 0.17136079977764232 1.2491219385526904
decision_type=2 2 2 2 2 2 2 2 2 2 2 2 2 2 2 2 2 2 2 2 2 2 2 2 2 2 2 2 2 2
left_child=-1 2 3 10 5 -5 7 14 -8 -4 11 -2 -13 -12 -6 -16 17 -3 -19 20 -20 -22 23 25 -25 -18 -24 28 -28 -30
right_child=1 16 9 4 6 -7 8 -9 -10 -11 13 12 -14 -15 15 -17 22 18 19 -21 21 -23 26 24 -26 -27 27 -29 29 -31
leaf_value=-0.030154909262804352 0.0064211166273045834 0.00070280814381621379 -0.043466858271645856 0.017860258170581067 0.023076540255859163 -0.053555441459443721 0.0090220498524787879 0.046561239665838326 -0.029687159471296642 -0.0030897457126594034 0.024221230185778077 -0.050594675250103201 0.0053088345637952112 -0.031941106307503214 -0.038463692380761437 0.018604803922222132 -0.032164847683041904 -0.028100610286588685 0.017774229369548009 -0.024583980760736493 -0.057435320511744672 0.011690665066196934 0.026783800253800703 0.028666567033832614 0.0089219995811107723 0.0066206832267030752 -0.017576393505672749 0.0033920310751241575 0.011218011352080878 -0.014330402252732981
leaf_weight=148.60478131868877 16.117785170674324 23720.256823025644 28.522751472890377 8.5074951499700564 31.71056355535984 11.757879748940466 25.18838182091713 16.676591962575912 16.024454176425934 10.701393514871596 13.723735660314562 22.878806918859485 6.847076714038848 5.5474751740694037 10.005987197160723 11.450154513120649 21.544439986348152 49.384494192898273 58.514395400881767 37.200422585010529 10.183156415820124 17.018388256430626 25.853325501084328 69.585431307554245 153.52525126934052 25.027634173631668 140.22947962582111 1602.365877084434 120.59881420433521 68.419947110116482
leaf_count=29228 37 58595 147 19 56 49 59 20 55 40 30 89 16 19 38 23 72 239 122 124 45 36 63 104 322 52 443 3684 270 230
internal_value=0.000599494 0.000772903 -0.00647183 -0.00128437 0.00464655 -0.0235748 0.00979634 0.0191345 -0.00602894 -0.0324509 -0.0132456 -0.0221994 -0.0377178 0.00805415 0.0105316 -0.00800886 0.000838267 0.000628759 -0.00956546 -0.00211854 0.00763139 -0.0141873 0.00308585 0.0105207 0.0150801 -0.0113217 0.00206154 0.00173065 -0.00635489 0.00197014
internal_weight=26504 26355.4 235.661 196.436 131.322 20.2654 111.056 69.8433 41.2128 39.2241 65.1149 45.8437 29.7259 19.2712 53.1667 21.4561 26119.7 23892.6 172.301 122.916 85.7159 27.2015 2227.15 269.683 223.111 46.5721 1957.47 1931.61 329.248 189.019
internal_count=94326 65098 697 510 319 68 251 137 114 187 191 142 105 49 117 61 64401 59161 566 327 203 81 5240 550 426 124 4690 4627 943 500
is_linear=0
shrinkage=0.03


Tree=135
num_leaves=31
num_cat=0
split_feature=16 5 13 0 8 12 1 12 15 6 4 8 14 15 12 8 15 1 6 8 5 1 14 4 1 3 1 6 5 16
split_gain=155.043 17.8155 18.4034 24.3554 26.4994 29.914 18.8524 16.1859 18.9683 19.6066 21.4161 28.2141 16.7354 17.2558 23.1358 15.7625 18.7709 16.9025 23.8509 22.8033 15.3422 25.9677 14.8846 45.7538 35.2213 22.7551 22.5421 31.8789 21.9629 21.8071
threshold=0.099609374708175838 -0.051750064509624188 -0.49162554475609338 0.008018944445730149 0.54388344149112722 0.33846878365630567 0.028100107187872484 -1.3734552238411337 0.22220482536750918 37.562752585456899 1.0909089917355466 1.0338066347236776 -0.1235631742805655 -0.047310872615819795 -1.5591539567898141 0.51283230772526311 0.047002633176617244 -0.014185430797424235 29.812333369063243 0.65405870850132553 0.0060109883145210421 0.0089808748990932736 -0.1097751457667918 0.27027026479182287 -0.025720477781977277 638.25000000000375 0.0058745127874328959 70.585089489189258 0.039838890879744203 0.47607378873594641
decision_type=2 2 2 2 2 2 2 2 2 2 2 2 2 2 2 2 2 2 2 2 2 2 2 2 2 2 2 2 2 2
left_child=-1 2 -2 6 -5 -6 15 8 9 10 11 -3 -11 14 -14 -4 17 19 -19 -17 -15 -22 23 25 -25 -9 27 29 -26 -24
right_child=1 7 3 4 5 -7 -8 22 -10 12 -12 -13 13 20 -16 16 -18 18 -20 -21 21 -23 26 24 28 -27 -28 -29 -30 -31
leaf_value=-0.030150268252741568 0.03258106508642622 -0.028749312216808962 0.034093726821172447 0.0341216230425926 -0.04336700195789444 0.0054571854719866466 0.036561754781583904 0.0065374711951740518 -0.05304659577469921 0.02002652015592896 -0.041910773586625649 0.046441102915035018 0.0044206223383625636 0.011218234366689929 -0.03472935558453083 -0.040389600719131814 -0.040678931308942561 -0.038061014042755997 0.0072256436872920491 0.01842344949658856 -0.042955957763832632 0.033639770775241863 0.0015226051776039129 -0.015546406854397128 -0.0017842247457906879 -0.020312707217767841 -6.4506208247510065e-05 0.0055892916682913759 0.031571185245541429 -0.015937669825248118
leaf_weight=144.56937094917521 26.143356800079346 11.515642285346987 18.109716057777405 9.4889602661132795 24.645706988871098 20.847325682640076 23.150001876056194 797.78963428735733 7.8534948527812949 28.686550080776215 24.576621502637863 7.3633241653442374 23.694712564349174 60.045320831239223 31.840617649257183 6.3688860535621634 7.8568843156099311 15.551250636577604 32.012140065431595 86.745089903473854 13.169187366962435 5.7110267877578726 12654.913438588381 171.99430075287819 2960.2986479699612 29.455899327993393 7299.3202116191387 1911.1282602474093 17.873708292841911 64.707424700260162
leaf_count=29305 39 40 23 12 108 47 40 1818 33 58 110 12 59 147 125 22 29 57 77 156 51 15 31381 534 7404 89 18068 4183 30 226
internal_value=0.000832707 0.00100242 0.00865592 0.00610059 -0.0114813 -0.0209932 0.0111939 0.000923042 -0.00728481 -0.00554529 -0.0234522 0.00057705 -0.000775629 -0.00521366 -0.0180256 0.00766987 0.00444819 0.00696856 -0.00758121 0.0144007 0.00380137 -0.0197867 0.000990985 -0.000697499 -0.00234636 0.00558141 0.00129722 0.00197659 -0.00158404 0.00143378
internal_weight=26537.4 26392.9 270.919 244.776 54.982 45.493 189.794 26121.9 214.456 206.603 43.4556 18.879 163.147 134.461 55.5353 166.644 148.534 140.677 47.5634 93.114 78.9255 18.8802 25907.5 3977.41 3150.17 827.246 21930.1 14630.7 2978.17 12719.6
internal_count=94298 64993 610 571 167 155 404 64383 650 617 162 52 455 397 184 364 341 312 134 178 213 66 63733 9875 7968 1907 53858 35790 7434 31607
is_linear=0
shrinkage=0.03


Tree=136
num_leaves=31
num_cat=0
split_feature=16 5 11 8 6 1 11 12 16 12 15 6 4 8 15 14 5 15 11 15 14 1 12 3 16 0 15 12 1 0
split_gain=150.174 16.8567 22.0833 28.4713 25.2644 55.4869 17.4608 23.7451 16.2752 15.2636 18.0366 18.6136 20.5349 26.4918 15.9658 18.8565 17.3043 17.0829 15.3785 25.5123 23.5694 28.3288 33.8237 25.1806 26.6117 27.1311 26.2936 23.3709 34.3939 22.7587
threshold=0.099609374708175838 -0.051750064509624188 -14.478584051466024 0.51283230772526311 27.607995121757778 -0.013552723966944789 29.486036607907597 -0.25882246688701432 0.24906306062136499 -1.3734552238411337 0.22220482536750918 37.562752585456899 1.0909089917355466 1.0338066347236776 -0.047310872615819795 -0.063837080012340466 -0.0021869346309839918 -0.089373964192696595 -14.862714887761795 0.33955700689935758 0.027168117330737891 -0.0026706529528506824 -0.98950904616109636 0.057999999999999947 0.12622357313429969 0.0010129581916076271 -0.23194568807906837 0.1280918698842404 -0.0084591314369653042 -0.0037144475578412268
decision_type=2 2 2 2 2 2 2 2 2 2 2 2 2 2 2 2 2 2 2 2 2 2 2 2 2 2 2 2 2 2
left_child=-1 2 3 -2 5 6 7 -4 -7 10 11 12 13 -3 16 -16 -13 -18 19 20 21 22 29 24 -24 -26 -27 28 -25 -11
right_child=1 9 4 -5 -6 8 -8 -9 -10 18 -12 14 -14 -15 15 -17 17 -19 -20 -21 -22 -23 23 27 25 26 -28 -29 -30 -31
leaf_value=-0.030145805460979964 0.033612132299933525 -0.027982767085823194 -0.023489968855694179 -0.048092442771836198 0.018606773972133794 -0.054129683858721259 -0.021626241046152815 0.026114552502685635 -0.0016499815057978385 -0.0033142209780810776 -0.051904726068039996 -0.03278995256298247 -0.041157389379165937 0.044808428425715786 0.037150269195065096 0.0013226178573757326 0.0062167672017848863 -0.039301998361892125 0.0007427587639991627 0.027233067919978256 -0.001833231883992112 0.0081377562623748886 -0.016526786805637086 -0.031681579330768476 0.015235612532212379 0.011891101435025073 -0.057951194643958863 0.010897979423658534 -0.0025008654511212525 -0.057079327122534947
leaf_weight=140.31715670158155 5.4956658929586437 11.476751133799555 10.337091043591498 12.729239441454409 149.37126784026623 18.248093977570537 11.708653271198271 54.344823226332664 7.5061341673135749 13.095165565609934 7.786481797695159 22.659372016787529 24.280193910002708 7.4020526856183997 16.234750166535378 71.221835412085056 43.998681843280792 8.9256443828344327 23780.712698742747 39.688656821846962 641.36709519475698 943.81024373322725 34.650576233863831 52.644686087965965 192.72734156250954 10.007894590497019 9.415287032723425 55.434235662221909 117.46381013095379 15.440903246402739
leaf_count=29305 7 40 32 69 285 77 38 82 20 33 33 87 110 12 29 195 109 35 58693 69 1628 2095 101 182 398 21 39 114 296 64
internal_value=0.000807851 0.000972432 0.00843353 -0.0234547 0.0107442 -0.000753733 0.0120847 0.018187 -0.0388343 0.000895382 -0.00708404 -0.00539152 -0.0229103 0.000557403 -0.000754054 0.00797338 -0.0108524 -0.00145994 0.000961292 0.00340602 0.0029527 0.0050774 -0.000689246 0.00122692 0.00784856 0.0118298 -0.0219646 -0.00601885 -0.0115316 -0.0324066
internal_weight=26530.5 26390.2 269.741 18.2249 251.516 102.145 76.3906 64.6819 25.7542 26120.4 213.986 206.199 43.159 18.8788 163.04 87.4566 75.5837 52.9243 25906.5 2125.75 2086.06 1444.69 500.88 472.344 246.801 212.151 19.4232 225.543 170.108 28.5361
internal_count=94298 64993 610 76 534 249 152 114 97 64383 650 617 162 52 455 224 231 144 63733 5040 4971 3343 1248 1151 559 458 60 592 478 97
is_linear=0
shrinkage=0.03


Tree=137
num_leaves=31
num_cat=0
split_feature=16 5 11 6 1 13 13 9 12 11 12 15 16 15 3 3 12 14 15 11 13 15 14 1 12 3 3 6 0 9
split_gain=145.466 15.9417 20.9775 23.7978 52.5074 20.9401 24.7034 20.2928 16.7326 16.4941 22.4559 16.3812 15.5421 15.1393 14.8357 16.402 14.3929 17.198 14.5092 14.4746 27.7019 26.0318 20.0144 25.5029 29.8277 25.5384 24.3688 25.3945 24.2823 22.49
threshold=0.099609374708175838 -0.051750064509624188 -14.478584051466024 27.607995121757778 -0.013552723966944789 0.13207660498747717 -0.47423546537211503 0.086243212198422112 -0.83118759658468599 29.486036607907597 -0.25882246688701432 0.080379438747916379 0.24906306062136499 -0.15277073226008658 0.025000000000001247 0.75049999999998829 -1.3734552238411337 -0.1235631742805655 0.22220482536750918 -14.862714887761795 -0.66093955186495312 0.33955700689935758 0.027168117330737891 -0.0026706529528506824 -0.98950904616109636 0.057999999999999947 0.18750000000000003 34.245358974921857 -0.0037144475578412268 0.026088886279966989
decision_type=2 2 2 2 2 2 2 2 2 2 2 2 2 2 2 2 2 2 2 2 2 2 2 2 2 2 2 2 2 2
left_child=-1 2 7 4 9 6 -5 -2 -8 10 -4 13 -6 -10 -15 -16 17 -3 -19 20 -18 22 23 24 28 -26 -27 -28 -22 -25
right_child=1 16 3 5 12 -7 8 -9 11 -11 -12 -13 -14 14 15 -17 19 18 -20 -21 21 -23 -24 29 25 26 27 -29 -30 -31
leaf_value=-0.03014147583067759 0.019257812880106809 0.01272075762363711 -0.022772477084578059 0.039309557543270562 -0.052947682293455013 0.036869381350159824 0.028600715863688259 -0.047177231709139136 0.01160952691679791 -0.021003311504086318 0.025477403980223801 0.027882736548305611 -0.0016005653941905825 0.0076021878723932946 -0.053481321813224569 -0.0035455173502281149 -0.02018732598779131 -0.0087796770570063992 -0.050841625995285362 0.00072047681869260389 0.0011730489272838206 0.028113825463491827 -0.0011417682217255852 -0.0030639343050535986 0.0082936939682559229 -0.025373250140791122 0.013863940564270224 -0.009724039527822647 -0.055642164089235897 0.010152436917972697
leaf_weight=136.18942305794917 6.4837362468242672 33.867994792759418 10.342803731560705 22.593314275145531 18.098043411970142 39.334378108382225 19.484904944896698 11.437607452273367 19.039431393146515 11.694451972842215 54.037470638751984 12.613932594656942 7.5057503730058661 10.975299000740049 15.363466113805773 9.6309013813734037 44.236586436629295 171.93731874972582 7.7119378000497809 23780.686009816825 12.102830350399019 38.903212502598763 622.97751780599356 135.66840791702271 241.91464352607727 45.545020908117294 66.414232850074768 107.67260213196278 15.365629717707632 794.44715511053801
leaf_count=29305 11 76 32 29 77 54 32 65 39 38 82 20 20 24 62 25 140 541 33 58693 29 66 1567 327 543 143 138 295 64 1728
internal_value=0.000783708 0.000943314 0.00821417 0.0104555 -0.00073449 0.0180898 0.0113563 -0.0231418 0.00410598 0.0117724 0.017726 -0.00295194 -0.0378953 -0.0100225 -0.0214728 -0.0342399 0.000868534 -0.00688851 -0.0105853 0.000932468 0.00330456 0.00380393 0.00334082 0.00530861 -0.000237802 0.0015697 -0.00583647 -0.000725211 -0.0306089 0.00822467
internal_weight=26524.3 26388.1 268.635 250.714 101.679 149.036 109.701 17.9213 87.1079 76.0747 64.3803 67.623 25.6038 55.0091 35.9697 24.9944 26119.5 213.517 179.649 25905.9 2125.25 2081.01 2042.11 1419.13 489.015 461.546 219.632 174.087 27.4685 930.116
internal_count=94298 64993 610 534 249 285 231 76 202 152 114 170 97 150 111 87 64383 650 574 63733 5040 4900 4834 3267 1212 1119 576 433 93 2055
is_linear=0
shrinkage=0.03


Tree=138
num_leaves=31
num_cat=0
split_feature=10 5 8 12 6 4 11 5 15 12 5 13 9 11 6 1 11 8 14 0 11 3 13 3 0 5 8 12 9 1
split_gain=16.6973 26.7193 44.9653 25.7927 28.5381 31.2184 26.0634 26.0579 31.7053 26.6116 27.0521 28.5387 26.2356 24.7186 46.9835 25.3619 35.8505 23.7167 20.6458 19.8974 28.9937 26.5816 19.7658 23.0647 20.7946 25.02 19.663 19.4058 18.8107 17.8267
threshold=1.0000000180025095e-35 -0.018226548538744402 1.0669492732222838 3.7086084809737097 62.163655799116242 24.599754002455761 31.350925547079104 0.0095308697906495658 0.028632095772457965 -0.74026018420331341 0.012287614819948079 -0.14429459878302373 0.070955999033176384 1.0603048893788494 63.773511957952842 0.0054737834446029207 13.188341124549376 0.91506021331603116 0.089341950374214482 0.0012453079156788951 -10.679833209998566 0.00029999999999998089 -0.67636726807843039 0.0022100000000000041 0.00038071813607887256 -0.0027911724706960457 0.73077073477783017 -1.3734552238411337 0.098140195018211626 -0.017645287090682801
decision_type=2 2 2 2 2 2 2 2 2 2 2 2 2 2 2 2 2 2 2 2 2 2 2 2 2 2 2 2 2 2
left_child=27 2 17 4 7 6 13 19 12 -10 -11 -12 -9 14 18 16 -15 -2 -6 22 -21 -22 23 -3 26 -26 -24 -1 -4 -28
right_child=1 3 28 -5 5 -7 -8 8 9 10 11 -13 -14 15 -16 -17 -18 -19 -20 20 21 -23 24 -25 25 -27 29 -29 -30 -31
leaf_value=-0.0093712732233469983 -0.011783463274834136 0.0044934258101775489 -0.041000486136085555 0.018472453861966318 -0.046931799496514798 0.023668168275832919 0.027106190201216813 -0.00017146368686287147 -0.047348551311042986 -0.044351235488590206 0.0053984517050003327 -0.046094173308599669 -0.031550778487995354 -0.014774204561490194 0.0048076228656396955 -0.021633171713249584 0.034677454778863206 0.01242020533199739 0.00031309082380975118 0.021216218771561216 -0.06075372849047584 0.0036305745696241418 0.0067343676574972752 -0.047816949649903816 -0.028579715918667481 -0.0024360389921515941 0.0071429319100419853 0.0011581376996935586 0.029032174328632664 -0.002564543406575213
leaf_weight=158.65533673809841 108.040324913105 13.761440798174592 47.304739960934967 63.91779065458104 26.512468767119572 27.563805456738919 17.190514161717147 398.94201793824323 24.922819924773648 18.4924894310534 56.447634255280718 11.693678159499539 25.513472294202074 43.47035900503397 157.86618088651448 202.87734220875427 18.943688972387463 54.977180246030912 12.134804180124773 88.371746904682368 5.8080232944339505 909.30550655093975 398.61814367887564 16.90489796968177 47.93544231634587 105.35506345750764 204.49306827760302 22231.644552921643 3.7235028445720664 1016.8849992852192
leaf_count=733 606 77 478 202 143 69 38 2475 217 174 304 112 204 218 508 793 46 304 41 329 55 5610 1750 163 360 620 725 71068 15 5861
internal_value=0.000760298 -0.00099291 -0.0113138 -0.000428477 -0.00074227 -0.00737794 -0.00916449 0.000263087 -0.00579815 -0.0200302 -0.0121713 -0.00343816 -0.00205763 -0.0105147 -0.0024503 -0.0164883 0.000235186 -0.00362085 -0.0320974 0.00142033 0.0048066 0.00322194 -0.000463349 -0.0243428 -5.03894e-05 -0.0106114 0.000948938 0.00108353 -0.0358902 -0.000939239
internal_weight=26518.3 4127.97 214.046 3913.93 3850.01 506.559 478.995 3343.45 536.012 111.557 86.6338 68.1413 424.455 461.805 196.513 265.291 62.414 163.018 38.6473 2807.44 1003.49 915.114 1803.95 30.6663 1773.29 153.291 1620 22390.3 51.0282 1221.38
internal_count=94298 22497 1403 21094 20892 1856 1787 19036 3486 807 590 416 2679 1749 692 1057 264 910 184 15550 5994 5665 9556 240 9316 980 8336 71801 493 6586
is_linear=0
shrinkage=0.03


Tree=139
num_leaves=31
num_cat=0
split_feature=16 5 11 8 6 1 11 6 13 13 8 11 11 1 5 16 13 8 6 11 0 5 16 16 14 8 16 5 14 5
split_gain=140.663 15.0839 19.917 26.4917 22.6288 40.6942 18.0172 16.5005 14.6529 21.09 25.1705 14.098 32.2385 31.311 27.5162 32.535 24.5361 28.0452 28.7041 24.7334 23.8737 22.5829 26.6869 27.5141 22.3734 21.9238 36.6449 33.7567 45.6959 28.2494
threshold=0.099609374708175838 -0.051750064509624188 -14.478584051466024 0.51283230772526311 30.121667740299618 -0.013245928420056783 29.486036607907597 26.624555330978364 0.14796881384231605 -0.47423546537211503 0.52998045767908752 7.851332366293585 6.5799639953888054 0.0064204276045787276 -0.0044345406890561974 0.14317102840030702 -0.33979794437851435 0.58783537624970628 25.468759701353481 9.3469189419893812 0.0098472945287512176 -0.018226548538744402 0.14947853861140983 0.35469106942749845 0.072049462758620383 0.89692998397996004 0.24550710236134929 -0.020534541163931972 -0.065668381008350499 0.0087500581842370716
decision_type=2 2 2 2 2 2 2 2 2 2 2 2 2 2 2 2 2 2 2 2 2 2 2 2 2 2 2 2 2 2
left_child=-1 2 3 -2 5 6 -4 -7 9 -6 -11 12 25 20 15 -15 21 18 -18 -20 -14 22 -13 24 -24 29 -27 28 -28 -3
right_child=1 11 4 -5 8 7 -8 -9 -10 10 -12 16 13 14 -16 -17 17 -19 19 -21 -22 -23 23 -25 -26 26 27 -29 -30 -31
leaf_value=-0.030137272357039599 0.032990933799292799 0.0024699813543116473 0.017904413936568386 -0.046998198656110497 0.040586498692031348 -0.044488812486283488 -0.021582010589593251 -0.0038798852678517686 0.035938720761014377 0.036906766280103309 -0.003903477032241775 -0.041241920948586204 -0.00029660460732733904 -0.0029635090469302544 -0.0087518919056420712 -0.049974055147384892 0.0094969734304235047 0.001096224656184832 0.0072103508740770268 -0.043942291682353599 -0.033392180289212481 0.0055891114000547679 0.0066228923335077934 -0.041651159806722432 -0.04552555656778863 -0.0015731195250633684 -0.0072288804232457943 0.0013727607168411359 0.019392469132785837 -0.0025961600983482568
leaf_weight=132.14311363035813 5.3422685265541103 7327.255010984838 72.403538092970848 12.320101164281366 19.64897920191288 19.530569404363632 12.144482254981993 16.710080206394196 33.602803274989128 17.787232995033264 57.804454125463963 17.658150970935822 598.70708094537258 21.301887214183807 224.05486799776554 35.050940781831741 22.743348672986031 4921.5026655569673 11.205480158329008 35.329995222389698 20.281047523021698 1912.4581524282694 105.90283091366291 13.957237944006918 7.9610439985990515 6579.905975446105 79.951247051358223 2824.7554357349873 211.66057112812996 1145.4553966224194
leaf_count=29305 7 16680 128 69 24 80 40 44 46 22 150 74 1484 64 584 147 48 12030 23 160 75 4335 269 57 37 17702 240 7086 523 2765
internal_value=0.000737512 0.000892145 0.00798256 -0.0228042 0.0101608 0.00083216 0.0122326 -0.0257646 0.0189063 0.012897 0.00569945 0.000819578 0.000395803 -0.00514843 -0.0134649 -0.0322036 0.00196599 0.000829405 -0.0181252 -0.031625 -0.00138098 0.00472235 -0.00667201 -0.00189627 0.00297682 0.000670252 -0.00030389 0.00237596 0.0120937 0.00178507
internal_weight=26516.5 26384.4 267.295 17.6624 249.632 120.789 84.548 36.2406 128.843 95.2407 75.5917 26117.1 19068.4 899.396 280.408 56.3528 7048.72 4990.78 69.2788 46.5355 618.988 2057.94 145.479 127.821 113.864 18169 9696.27 3116.37 291.612 8472.71
internal_count=94298 64993 610 76 534 292 168 124 242 196 172 64383 47350 2354 795 211 17033 12261 231 183 1559 4772 437 363 306 44996 25551 7849 763 19445
is_linear=0
shrinkage=0.03


Tree=140
num_leaves=31
num_cat=0
split_feature=16 15 2 14 8 15 14 9 3 11 9 1 6 11 2 3 3 15 14 16 6 8 15 3 13 1 16 12 4 4
split_gain=135.413 21.6226 27.8181 30.8954 29.4953 26.3349 25.552 23.7886 33.9913 31.7357 22.7496 27.9571 32.7121 30.1206 32.4743 30.5471 29.4974 26.6985 29.0929 25.3093 24.9745 44.8247 24.9537 24.2331 24.0858 26.6559 22.4717 29.8754 21.8113 21.1432
threshold=0.099609374708175838 -0.024750734031655126 -0.0026367688264799997 -0.19008637628443556 0.61120534657610037 -0.078610604771291018 -0.079487298458765329 0.01404695155353781 0.0090000000000074482 13.188341124549376 0.12657912707229704 0.0057400896399369969 86.408581481722891 2.4824224223613194 0.0091273101768025878 0.011800000000000479 0.21200000000001043 0.1234409121830483 0.067464439965820147 0.34127055110962273 22.727272727272716 0.86012514840668353 0.0064015659352984382 1.260000000000119 0.021492499443542777 -0.0079133416281325624 0.22681037542776541 0.21955169975391231 1.1187098812573115 0.078110105506470892
decision_type=2 2 2 2 2 2 2 2 2 2 2 2 2 2 2 2 2 2 2 2 2 2 2 2 2 2 2 2 2 2
left_child=-1 5 3 -3 -5 -2 -4 8 -7 -10 20 13 16 14 15 -12 17 18 19 26 21 23 -17 -8 28 -26 27 -13 -15 -9
right_child=1 2 6 4 -6 7 10 29 9 -11 11 12 -14 24 -16 22 -18 -19 -20 -21 -22 -23 -24 -25 25 -27 -28 -29 -30 -31
leaf_value=-0.030133182333717208 0.00067761742892056306 -0.026387515377713926 0.0081211000126156976 -0.013925899187986956 0.0055718833790020213 0.027601499419734284 0.015722879883803598 -0.022593086460173311 -0.041030182835412432 0.012232740451860029 -0.014143314369503166 0.003842375425811272 0.017840731519787188 0.015025633165866564 -0.045885469851764317 -0.020826236272566828 -0.021409759049021485 0.017957189487263259 -0.044253439806100685 -0.026046261736107097 0.00045158815969449808 -0.023011723411185375 0.037185663378869485 -0.04168007166318962 0.033232752507131362 -0.038143513032905745 0.021231215508120703 -0.055368168109549733 0.050133800113417462 -0.0016734437690493721
leaf_weight=128.55872970167547 11468.277076654136 28.612859636545181 426.62861950695515 72.032124072313309 2281.2899043932557 11.413197129964827 55.550622925162315 44.044659525156021 44.780802018940449 12.987990528345106 27.191861093044281 39.83984462916851 87.198881298303604 25.197364524006844 10.414517238736151 8.2101048827171308 62.238126963376999 65.596505723893642 15.316978573799132 27.183401726186275 7926.3888771310449 106.83857874572277 35.651906996965408 7.5141593515872946 9.7989614307880419 9.0655645057558996 48.294124953448772 9.4976885765790922 43.283441960811615 3401.3868002593517
leaf_count=29377 28571 89 928 202 5258 18 113 137 158 25 87 112 152 55 50 29 237 147 67 90 19190 380 60 27 18 35 100 41 59 8730
internal_value=0.000581529 0.000731033 0.00171385 0.00459834 0.00497508 -1.86542e-05 0.000954402 -0.00229061 -0.0197084 -0.0290552 0.000599712 0.00665777 0.00188029 0.0167091 0.00358785 0.0108393 -0.00331338 0.00216123 -0.00523294 -0.000444442 0.000207644 -0.0111729 0.026327 0.00888333 0.0289474 -0.00106793 0.00668383 -0.00755591 0.0372158 -0.00194087
internal_weight=26540.3 26411.7 11428.8 2381.93 2353.32 14982.9 9046.9 3514.61 69.182 57.7688 8620.27 523.979 355.166 168.814 81.4684 71.0539 267.967 205.729 140.132 124.815 8096.29 169.903 43.862 63.0648 87.3453 18.8645 97.6317 49.3375 68.4808 3445.43
internal_count=94542 65165 27526 5549 5460 37639 21977 9068 201 183 21049 1339 946 393 226 176 794 557 410 343 19710 520 89 140 167 53 253 153 114 8867
is_linear=0
shrinkage=0.03


Tree=141
num_leaves=31
num_cat=0
split_feature=16 15 0 14 8 15 14 5 4 5 16 11 11 12 8 0 5 12 6 0 8 8 16 8 5 15 3 12 15 7
split_gain=131.227 20.3476 26.1737 29.0571 27.7363 24.7787 24.0536 23.7288 56.725 26.4236 24.2885 28.2539 23.769 23.1731 23.1617 25.1264 22.4347 26.7441 33.05 24.5118 31.4625 21.7669 30.7428 49.6734 30.707 30.7787 26.517 32.0357 25.3531 21.6937
threshold=0.099609374708175838 -0.024750734031655126 -0.0026332956049225915 -0.19008637628443556 0.61120534657610037 -0.078610604771291018 -0.079487298458765329 -0.022724266189096658 0.33333332323232134 -0.022110337506983175 0.21015778709336089 3.8644680164509841 7.851332366293585 -0.80141073815389496 0.8282065050780677 0.017787526302092131 -0.025568977496928158 2.2600651652158477 64.661504358505837 -0.013617507933488369 0.52998045767908752 1.2304487782190003 0.21764705498270046 1.0309436352302479 -0.063005129673424379 -0.1163680180960691 0.0071000000000007732 0.1280918698842404 -0.10188623213306293 -0.74999999999999989
decision_type=2 2 2 2 2 2 2 2 2 2 2 2 2 2 2 2 2 2 2 2 2 2 2 2 2 2 2 2 2 2
left_child=-1 5 3 -3 -5 16 -4 8 -8 -9 11 13 -11 -10 -13 -16 17 18 19 -2 -21 22 -22 -24 -23 -26 -25 -28 -27 -18
right_child=1 2 6 4 -6 -7 7 9 10 12 -12 14 -14 -15 15 -17 29 -19 -20 20 21 24 23 26 25 28 27 -29 -30 -31
leaf_value=-0.030129229184359421 0.008452876848704766 -0.02557992806784196 0.007880700874125143 -0.013490428100557762 0.0054052075890685791 -0.0022219287514574529 -0.025686027435725511 -0.039522311101526791 -0.0099120385371386597 -0.00069726750921007016 0.01991667599420963 0.032125221650159776 0.0029292006662764601 0.016730438783538977 -0.034419473502678342 0.020036296164910868 -0.0016969878884369198 -0.026943928699534856 -0.046951783108491657 0.034614678099186585 -0.010978251898857318 0.017673680764509581 -0.013061338791828653 0.054964524980107017 -0.030968358411446521 0.024613336143802469 -0.016798830623084002 0.034695366808944549 -0.024164022361600274 0.0016548317365235325
leaf_weight=124.77536748675629 150.86621777713299 28.630418181419373 426.45617939531803 72.125146552920341 2281.0900450572371 3514.5294239893556 41.82209150493145 15.026695758104323 37.990834102034569 5938.1670438498259 162.42297388613224 8.1734222024679166 2240.2878797277808 129.65776102244854 35.571884274482727 9.7066977620124799 2174.9065837860107 45.527609929442406 15.075348205864428 16.841698154807091 149.85820373892784 20.723742678761482 49.508132487535477 20.566986992955208 92.810099624097347 19.783318027853966 18.258847281336784 26.881206050515175 18.613872811198235 8648.1608300879598
leaf_count=29377 332 89 928 202 5258 9068 175 64 137 14691 391 13 5090 315 149 24 5672 161 74 21 457 43 146 25 377 45 63 42 71 21042
internal_value=0.000564113 0.000709125 0.00166263 0.00446058 0.00482606 -1.80915e-05 0.000925862 0.00058174 0.00749047 0.000223089 0.0111083 0.00463752 0.000296115 0.010693 -0.0143551 -0.0227454 0.000657283 -0.00477672 -0.00309409 -0.00196333 -0.00558548 -0.00720905 -0.00201998 0.00963188 -0.0162624 -0.0216225 0.0267305 0.0138663 0.000967451 0.00098128
internal_weight=26534.8 26410 11427.1 2381.85 2353.22 14982.9 9045.28 8618.83 425.346 8193.48 383.524 221.101 8178.45 167.649 53.452 45.2786 11468.4 645.315 599.788 584.712 433.846 417.004 265.073 115.215 151.931 131.207 65.707 45.1401 38.3972 10823.1
internal_count=94542 65165 27526 5549 5460 37639 21977 21049 1204 19845 1029 638 19781 452 186 173 28571 1857 1696 1622 1290 1269 733 276 536 493 130 105 116 26714
is_linear=0
shrinkage=0.03


Tree=142
num_leaves=31
num_cat=0
split_feature=16 15 0 14 15 14 9 3 11 5 4 5 16 11 9 0 11 12 5 5 9 5 6 13 5 1 12 16 9 11
split_gain=127.175 19.1462 24.6287 27.3347 23.3147 22.644 22.3673 31.9653 29.7876 22.318 53.5672 25.1153 22.7056 26.6373 24.343 27.7329 22.3694 21.7517 21.3767 21.156 37.9223 28.291 25.997 23.9871 20.9937 21.7775 20.8082 20.4926 20.4035 36.535
threshold=0.099609374708175838 -0.024750734031655126 -0.0026332956049225915 -0.19008637628443556 -0.078610604771291018 -0.079487298458765329 0.01404695155353781 0.0090000000000074482 13.188341124549376 -0.022724266189096658 0.33333332323232134 -0.022110337506983175 0.21015778709336089 3.8644680164509841 0.050860997312667952 0.017787526302092131 7.851332366293585 -0.80141073815389496 -0.024072039084286862 -0.025568977496928158 0.11236616429542796 -0.045465155057129676 58.765587002638831 1.6205842707259304 -0.025568977496928158 0.024855422409452824 2.0672904951009059 0.12203698545120975 0.16133196956551465 15.705990048410071
decision_type=2 2 2 2 2 2 2 2 2 2 2 2 2 2 2 2 2 2 2 2 2 2 2 2 2 2 2 2 2 2
left_child=-1 4 3 -3 19 -4 7 -6 -9 10 18 -11 13 17 -15 -16 -13 -12 -7 20 21 -2 23 28 25 27 -23 -19 29 -22
right_child=1 2 5 -5 6 9 -8 8 -10 11 12 16 -14 14 15 -17 -18 24 -20 -21 22 26 -24 -25 -26 -27 -28 -29 -30 -31
leaf_value=-0.030125393834693988 0.0088556122013077592 -0.024805392429191355 0.0076475514233276644 0.0046815755148489503 0.026889305342832116 -0.03625614855792765 -0.0018161119505738052 -0.03967062605738126 0.011947191200185205 -0.038726396451288413 -0.0096375654227123971 -0.00067634036060972686 0.01926238585676705 0.021186297990966194 -0.040199431782990132 0.017564949076523801 0.0028420558413013229 -0.03554516115253744 0.016517080357586734 0.00095185271865580099 0.018356325570795286 -0.013501006915208388 -0.048337798939296614 -0.035740481144416802 0.039167125899098092 0.037241988579873611 -0.043171224844633156 0.0087636116651723939 -0.0035317680936738927 -0.01648040706026101
leaf_weight=121.10288165905513 48.190426513552666 28.63850836455822 426.27648392319679 2353.0749874934554 11.392600253224371 32.732827141880989 3445.2040936127305 44.849551945924759 12.97212667763233 14.877722248435019 37.901978924870491 5938.2456145808101 162.89445696771145 13.264043584465979 29.870709910988808 9.9793187677860242 2239.7202569171786 10.844783395528792 8.755920469760893 10822.938370481133 147.25863967835903 236.1769814491272 8.8752125427126867 13.314078003168104 28.063629284501076 20.807209707796574 23.379140391945839 70.23210883140564 133.23363912850618 33.203309386968613
leaf_count=29377 102 89 928 5460 18 153 8867 158 25 64 137 14691 391 26 135 25 5090 44 22 26714 318 737 50 58 51 36 89 184 389 114
internal_value=0.000547216 0.00068788 0.00161284 0.00432701 -1.75948e-05 0.000898102 -0.00215534 -0.0190407 -0.0280903 0.000564258 0.00726444 0.000216405 0.0107645 0.0044999 -0.0140167 -0.025734 0.000287252 0.0103593 -0.0251187 0.000637608 -0.00464655 -0.0122542 0.00232375 0.00369873 0.0161917 0.00986326 -0.0161735 0.0028369 0.00537264 0.0119467
internal_weight=26528.3 26407.2 11426.2 2381.71 14981 9044.47 3514.42 69.2143 57.8217 8618.19 425.347 8192.84 383.858 220.964 53.1141 39.85 8177.97 167.85 41.4887 11466.6 643.631 307.747 335.885 327.01 129.948 101.884 259.556 81.0769 313.696 180.462
internal_count=94542 65165 27526 5549 37639 21977 9068 201 183 21049 1204 19845 1029 638 186 160 19781 452 175 28571 1857 928 929 879 315 264 826 228 821 432
is_linear=0
shrinkage=0.03


Tree=143
num_leaves=31
num_cat=0
split_feature=16 5 11 8 1 6 2 12 8 13 8 13 3 9 5 3 13 8 1 13 14 13 5 4 6 8 9 11 2 13
split_gain=123.253 17.8257 18.5143 24.0412 15.1653 28.1501 28.2611 29.3101 20.4692 17.5854 24.0025 25.6847 15.1334 31.4911 62.6261 35.2883 27.5564 29.6915 30.0349 46.6529 31.4774 30.9693 23.8529 21.5744 22.0744 56.2489 65.0318 44.2397 26.515 21.27
threshold=0.099609374708175838 -0.051750064509624188 -14.478584051466024 0.51283230772526311 -0.044918600897569154 27.607995121757778 0.0031765371449667215 -0.25882246688701432 1.0892679807633805 0.13207660498747717 0.67376338808067704 -0.48733300178446021 35.259999999999998 0.076063440208331445 -0.017041712260291424 106.20000000000438 -0.74200417955991493 1.6128561836170705 0.011756204475358302 -0.2863908333564707 0.046844190750399438 -0.22910984961867289 0.01741082759047138 5.9999850000382642 69.994864872060774 0.60381963137791728 0.046235237910603168 -2.2367239887135288 0.0070352462120769317 -0.54474730462320009
decision_type=2 2 2 2 2 2 2 2 2 2 2 2 2 2 2 2 2 2 2 2 2 2 2 2 2 2 2 2 2 2
left_child=-1 2 3 -2 -4 6 7 -6 -9 10 -7 -12 -3 16 15 -15 -14 18 22 -20 -21 -22 23 24 28 -26 29 -28 -18 -27
right_child=1 12 4 -5 5 9 -8 8 -10 -11 11 -13 13 14 -16 -17 17 -19 19 20 21 -23 -24 -25 25 26 27 -29 -30 -31
leaf_value=-0.030121672803656747 0.038252404667087306 0.00081951495531686839 0.024347254041462481 -0.045429262234860046 -0.032950953316334089 0.030809590589813331 -0.045068722416383933 0.045843181345962949 -0.0022267356975184702 0.033418942854687883 0.033886035958549915 -0.012366042287124719 -0.055725976921517914 -0.025677873166340293 -0.035318779005729946 0.024703795951165182 -0.00025243576310181478 0.011680623073553139 0.0018851408565750123 -0.050942876055379754 -0.054935273545829978 -0.00085762475420512573 -0.032378216469500593 -0.013800699502907465 -0.047517826124359959 -0.070718464580782736 0.0042328254870604666 -0.050900591816657174 -0.023340604348208026 0.018347325545877768
leaf_weight=117.53804989089258 4.2193475365638724 23735.171870529652 55.23095877468586 11.542483039200304 15.17636865377426 28.563144654035568 15.458164364099501 13.486300230026243 19.50041376054287 33.272750571370125 13.809756338596342 49.675201281905174 8.2131369560956937 19.046764120459557 69.482078984379768 36.46880991756916 1463.0649529993534 162.53095129132271 87.635865122079849 35.344369634985924 12.640768751502035 38.742000743746758 20.966863423585892 99.602973610162735 15.68825703859329 2.4378794282674781 30.983386233448982 22.691893503069878 46.179740116000175 238.1179256439209
leaf_count=29377 5 58625 91 67 53 40 63 13 46 48 21 149 34 75 282 77 3499 369 201 135 48 93 71 281 57 10 75 89 148 400
internal_value=0.000530809 0.000667254 0.00848468 -0.0230282 0.0105189 0.00647663 -0.0097754 0.00155216 0.0174262 0.0147272 0.00797074 -0.00230492 0.000589533 -0.00167562 -0.0163378 0.00741842 -0.000873494 -0.000675609 -0.00162555 -0.0135521 -0.0291511 -0.0141614 -0.00055347 -0.000205713 0.000538641 0.00783129 0.0107825 -0.0190755 -0.000958886 0.0174447
internal_weight=26522.5 26404.9 259.935 15.7618 244.173 188.942 63.6212 48.1631 32.9867 125.321 92.0481 63.485 26145 2409.84 124.998 55.5156 2284.84 2276.63 2114.1 174.363 86.7271 51.3828 1939.73 1918.77 1819.16 309.919 294.231 53.6753 1509.24 240.556
internal_count=94542 65165 596 72 524 433 175 112 59 258 210 170 64569 5944 434 152 5510 5476 5107 477 276 141 4630 4559 4278 631 574 164 3647 410
is_linear=0
shrinkage=0.03


Tree=144
num_leaves=31
num_cat=0
split_feature=16 15 5 15 6 4 11 5 8 6 14 12 4 5 16 7 8 3 9 3 11 14 8 11 6 9 11 13 4 14
split_gain=119.457 18.1223 22.763 27.3341 33.483 29.5107 26.0327 34.3741 39.3879 37.6518 32.8311 30.2622 24.3725 24.2381 23.2416 23.1318 38.6442 31.2667 40.2327 25.7407 25.6182 25.5681 23.819 23.5557 24.3513 23.0632 31.9917 22.8139 30.8702 22.1703
threshold=0.099609374708175838 -0.024750734031655126 -0.022724266189096658 0.15172595903127242 62.163655799116242 0.19999993888890591 7.9889259702095829 -0.004974881037589707 0.56859726733907934 38.847990072290173 0.14310652739714641 -0.29811598459392485 0.85106382073336972 -0.024805971187049695 0.14741359125189377 -0.74999999999999989 1.1708639587216001 1.260000000000119 0.019631364409815333 0.00025999999999998946 3.9622203352520207 0.031190570081495946 1.054519762286833 -16.864875650492674 39.047952280982315 0.17641538363547937 11.45384480732451 0.40901044429558636 1.1489361084880025 -0.10226557224215477
decision_type=2 2 2 2 2 2 2 2 2 2 2 2 2 2 2 2 2 2 2 2 2 2 2 2 2 2 2 2 2 2
left_child=-1 -2 3 4 5 -3 15 10 -9 -10 11 14 -5 -6 -8 16 17 19 -19 -4 23 27 -21 -20 -25 26 -7 28 -18 -11
right_child=1 2 6 12 13 25 7 8 9 29 -12 -13 -14 -15 -16 -17 21 18 20 22 -22 -23 -24 24 -26 -27 -28 -29 -30 -31
leaf_value=-0.030118062583835266 -3.9072145518189574e-05 -0.026661447836937153 -0.02099546958344696 0.0010831647944413588 -0.036273945395172445 0.0081722195053296771 -0.053197365041441048 -0.050907056232006039 0.016799496924999782 0.018241925039375651 -0.036377404548334574 0.0012072822117492614 0.029594417566364471 0.012057099879596493 -0.010614636362221189 -0.00030985381747271925 0.010018946290738994 0.011271130629420218 -0.059208473761881875 0.0083607768295948046 -0.060977398889243507 -0.029096746303410085 0.023602760744983544 0.0027735555923782966 -0.031350339935884361 0.02262592473246822 -0.018757820800589069 0.029849559986218188 -0.0326224700037233 0.0034659415442868944
leaf_weight=114.0777420878876 14978.73865544796 23.170676842331886 23.545883312821388 40.833139896392822 29.849507108330727 327.30056069791317 15.616341322660444 11.275797456502913 231.80029819905758 95.468733280897141 26.305335596203804 384.01934304833412 79.562685236334801 13.590737894177435 44.145691961050034 6825.9719753712416 33.714708685874939 90.638206616044044 8.396589055657385 548.05320531129837 10.183693818747996 45.258913785219193 110.95623360574245 67.413809776306152 26.111215986311436 80.364843487739563 45.181885704398155 17.107487320899963 27.944659158587456 2139.5191507786512
leaf_count=29377 37639 90 73 122 145 875 65 54 445 171 99 955 151 35 142 16750 88 178 34 1187 42 178 220 158 86 173 156 39 112 4703
internal_value=0.000514953 0.000647312 0.00154733 0.007045 0.00405986 0.00636073 0.00122112 0.00362412 0.00503502 0.00529073 -0.00381342 -0.00188318 0.0199246 -0.0211531 -0.0217419 0.000316949 0.00455596 0.00675311 -0.00359148 0.00982582 -0.015608 -0.0111273 0.010927 -0.0110749 -0.00675348 0.00805037 0.00490562 -0.000802203 -0.00930658 0.00409711
internal_weight=26516.1 26402 11423.3 639.854 519.458 476.018 10783.4 2948.15 2478.06 2466.79 470.087 443.781 120.396 43.4402 59.762 7835.3 1009.32 885.299 202.744 682.555 112.105 124.026 659.009 101.922 93.525 452.847 372.482 78.7669 61.6594 2234.99
internal_count=94542 65165 27526 1747 1474 1294 25779 6634 5373 5319 1261 1162 273 180 207 19145 2395 1978 498 1480 320 417 1407 278 244 1204 1031 239 200 4874
is_linear=0
shrinkage=0.03


Tree=145
num_leaves=31
num_cat=0
split_feature=16 9 5 6 16 9 2 5 13 11 1 2 11 16 1 1 12 3 11 3 13 13 13 5 2 6 13 5 12 4
split_gain=117.005 16.3507 48.124 37.5334 40.8667 30.6567 28.7881 23.4674 30.9161 33.9098 26.8927 31.8569 24.2793 23.1709 26.9751 25.8116 22.6513 21.8661 20.3083 19.9892 22.0848 32.4129 22.131 40.3935 24.5159 22.9565 21.6321 20.0657 38.2862 19.5026
threshold=0.099609374708175838 0.023206342458122038 -0.005246354751939443 26.624555330978364 0.21015778709336089 0.01642188579465868 0.0071882621675091246 0.0070560592066732705 -0.24428549937575242 12.278891851728615 -0.0033403514607432401 0.011549059166176103 -0.99009900990103528 0.11124564677674655 -0.002776002382067488 -0.0048099547048354166 -0.33656538539841013 106.20000000000438 4.6717381204565926 0.0014700000000000132 -0.14673333429597812 -0.16489253768692486 -0.14079143552304813 0.0022592587915956806 -0.00096344079562115899 65.554052492856528 -0.14429459878302373 -0.00068532282775371695 -0.06443013268892607 2.2413792717003935
decision_type=2 2 2 2 2 2 2 2 2 2 2 2 2 2 2 2 2 2 2 2 2 2 2 2 2 2 2 2 2 2
left_child=-1 2 3 -2 5 -5 -7 19 9 10 12 18 -9 14 -10 -15 -17 -6 -12 -4 21 -21 23 24 -22 -26 -25 28 -24 -18
right_child=1 -3 7 4 17 6 -8 8 13 -11 11 -13 -14 15 -16 16 29 -19 -20 20 22 -23 27 26 25 -27 -28 -29 -30 -31
leaf_value=-0.030114544518724622 0.028802991831488798 0.00055251068705974491 0.013292849718337869 -0.02823215082979965 -0.058732244024307795 0.000343416022353793 -0.054248467795930587 -0.020760960771053005 0.0083455270206166127 -0.064602851059276878 -0.01869951045932287 0.042573892271131335 0.022696030436180854 -0.020011744883491001 -0.060732122485978986 0.025513682446642264 0.016240033286577485 -0.01154022690132254 -0.062231633453443631 0.0049697431430656518 0.012541009030427692 0.022557447691748944 0.0058231364910766095 -0.0036601170810883566 -0.010389243351412975 -0.071974021993468945 -0.067567101523828652 0.0054530287558131434 -0.024823846019452693 -0.0165829473082084
leaf_weight=110.4124143817462 23.023901537060738 23128.259408250451 237.75124241411686 48.983925625681877 22.728545233607292 207.14782173931599 9.0744421929121 17.598348706960678 10.471859782934191 10.822394803166388 71.923703014850616 6.8942497521638861 33.78181466460228 23.898527815937996 9.8956856429576856 71.073055982589722 35.232169523835182 14.4570315182209 11.138558521866797 1571.8413679003716 44.618130072951317 100.32605588436127 85.382551103830338 6.8305890858173397 43.859804883599281 6.2201187163591376 15.778988689184187 418.38761223852634 64.326049283146858 30.306641757488251
leaf_count=29300 34 57715 464 158 92 494 37 51 23 44 207 8 57 69 40 119 64 39 45 3357 86 168 189 16 112 26 65 907 193 83
internal_value=0.000703661 0.000832639 0.00282383 -0.0081208 -0.0109322 -0.00680247 -0.0019477 0.00404006 -0.00345699 -0.0134228 -0.00950383 -0.0193937 0.00781147 0.00492647 -0.0252162 0.00875135 0.0137831 -0.0403849 -0.0245371 0.0050021 0.00416601 0.00602496 -0.000369254 -0.0122323 -0.00363049 -0.0180383 -0.0482601 0.00208038 -0.00734511 0.00106194
internal_weight=26492.4 26382 3253.78 325.416 302.392 265.206 216.222 2928.36 333.037 152.159 141.337 89.9565 51.3802 180.878 20.3675 160.51 136.612 37.1856 83.0623 2595.32 2357.57 1672.17 685.404 117.308 94.6981 50.0799 22.6096 568.096 149.709 65.5388
internal_count=94262 64962 7247 854 820 689 531 6393 810 412 368 260 108 398 63 335 266 131 252 5583 5119 3525 1594 305 224 138 81 1289 382 147
is_linear=0
shrinkage=0.03


Tree=146
num_leaves=31
num_cat=0
split_feature=16 3 5 9 6 3 3 7 8 8 13 3 5 16 9 5 8 8 9 5 13 10 1 10 15 5 11 8 13 16
split_gain=113.366 16.0078 21.5997 21.3823 24.2586 29.3488 26.1647 39.9436 30.2492 46.2243 28.7575 26.4072 41.0861 31.6568 37.7644 30.0065 35.3626 30.2833 37.5892 35.7212 26.354 26.3471 26.1641 40.3575 37.5921 25.5906 24.6522 24.3199 27.6192 25.1773
threshold=0.099609374708175838 0.0015399999999999999 0.019663011120225483 0.037300913351421099 29.523809523809543 325.54999999999569 1.260000000000119 -0.74999999999999989 1.0000000180025095e-35 0.51283230772526311 -0.16686237879053786 0.0047000000000000939 0.02596379933264607 0.21311772499310516 0.096959070711686038 0.013298249507144319 0.89150965968262985 1.137733766600542 0.07342341660415154 -0.026377760914351334 -0.60421492448542791 1.0000000180025095e-35 -0.018132384042777613 1.0000000180025095e-35 -0.16847561429770505 -0.024072039084286862 -11.382611378133442 1.3640696247259141 -0.53854707578091898 0.20872985238839831
decision_type=2 2 2 2 2 2 2 2 2 2 2 2 2 2 2 2 2 2 2 2 2 2 2 2 2 2 2 2 2 2
left_child=-1 2 -2 -3 5 -5 8 10 -6 -10 -8 12 27 14 -14 17 -17 25 19 -19 -20 -9 23 -21 -25 -13 -24 28 -11 -30
right_child=1 3 -4 4 6 -7 7 21 9 11 -12 15 13 -15 -16 16 -18 18 20 22 -22 -23 26 24 -26 -27 -28 -29 29 -31
leaf_value=-0.030111146618374933 0.002061493033762594 0.0018141282788337149 0.010892439984216575 0.0016998103077483491 -0.035182233361816688 0.017628719376764242 -0.024142896026114691 -0.0030071169266339061 0.024564444298899736 -0.017098951463498081 0.00072234352623207264 -0.0050881717092338659 0.012090852333730667 0.021688347443651508 -0.04273864558404062 -0.012420985575044808 -0.0010487218471102802 -0.046695092917301145 -0.029363847851619697 -0.031637661543318457 0.0043866963780370321 0.014266166390935415 -0.032223345489762766 0.030198864446423293 -0.026709744793172192 0.0034836154630124797 -0.0021381196094064224 -0.018689096954308763 0.0013980683460105771 -0.0084263715346527667
leaf_weight=107.1611433881335 2744.5796075761318 7880.951886638999 274.17428356409073 3039.5461076125503 21.977780468761921 107.79420025646687 135.84881630539894 2123.638100348413 68.757944971323013 134.77788843214512 60.505235008895397 338.66651552170515 30.447223573923111 92.168705686926842 17.983195513486862 282.05330197513103 1929.9822442829609 18.698744520545006 21.461722493171692 73.590340122580528 698.83319616317749 82.563995368778706 25.256898775696754 23.698898509144783 18.682119458913803 4211.3225476071239 831.92248424887657 118.18082689493895 575.80024079978466 396.37858191132545
leaf_count=29300 6669 17865 554 7946 94 239 481 5621 109 411 173 979 62 160 68 752 4838 85 86 281 1988 190 97 47 68 9910 2297 397 1440 1055
internal_value=0.000682646 0.000807736 0.00286355 0.000542085 -0.000105497 0.00224536 -0.00070542 -0.00351469 -2.57631e-05 5.22152e-05 -0.0164808 -0.000119068 -0.00399033 0.0113695 -0.00826845 0.000504842 -0.00249878 0.00156584 -0.00183508 -0.00562312 0.00338107 -0.00236069 -0.00483394 -0.0182074 0.00511279 0.0028456 -0.00302458 -0.00575305 -0.00437197 -0.00260757
internal_weight=26487.4 26380.2 3018.75 23361.5 15480.5 3147.34 12333.2 2402.56 9930.64 9908.66 196.354 9839.91 1365.74 140.599 48.4304 8474.17 2212.04 6262.13 1712.14 991.849 720.295 2206.2 973.151 115.971 42.381 4549.99 857.179 1225.14 1106.96 972.179
internal_count=94262 64962 7223 57739 39874 8185 31689 6465 25224 25130 654 25021 3593 290 130 21428 5590 15838 4949 2875 2074 5811 2790 396 115 10889 2394 3303 2906 2495
is_linear=0
shrinkage=0.03


Tree=147
num_leaves=31
num_cat=0
split_feature=16 3 5 9 5 8 12 5 15 8 2 8 9 3 13 6 12 4 12 12 9 6 9 5 9 12 12 13 13 13
split_gain=109.845 15.0644 20.368 20.123 23.1525 22.8813 25.5367 25.6751 26.7565 23.008 24.5989 21.1293 38.3936 24.7293 27.9791 33.6855 26.3017 25.3961 36.6061 23.5955 21.8904 20.4383 31.737 32.2309 27.4883 41.7181 40.366 29.6734 26.5547 26.2075
threshold=0.099609374708175838 0.0015399999999999999 0.019663011120225483 0.037300913351421099 0.024138971215054553 0.51283230772526311 -0.63335834989478046 -0.0065924063072086347 0.021717277314297369 0.54388344149112722 0.001012445495655472 0.57851512529700966 0.034558774698778237 0.34000000000001768 -0.25793815488589572 67.823246993372067 0.94815914116683897 2.0817958261496474 -0.28227557393826458 -0.73353435084136243 0.022942039762226477 29.523809523809543 0.077424868651224374 -0.022110337506983175 0.13657850357205037 1.8253998254429422 0.10209168802377554 -0.50635934026734375 -0.53252724260401407 -0.2905722648410704
decision_type=2 2 2 2 2 2 2 2 2 2 2 2 2 2 2 2 2 2 2 2 2 2 2 2 2 2 2 2 2 2
left_child=-1 2 -2 4 11 6 -5 -8 -9 10 -7 12 13 19 15 -15 17 -16 -19 -3 -20 22 28 24 25 27 29 -24 -11 -26
right_child=1 3 -4 5 -6 9 7 8 -10 21 -12 -13 -14 14 16 -17 -18 18 20 -21 -22 -23 23 -25 26 -27 -28 -29 -30 -31
leaf_value=-0.030107849868834441 0.0019996639281463844 -0.039860460720950876 0.010580538929477438 0.027919922668457865 0.023589790199721117 -0.053834638158113457 0.013115254724320418 -0.036525239335710002 0.017580314644715964 0.017808398746038383 -0.0040495278926364975 0.0020452221125087529 0.026146125198931641 -0.0059700446592120477 0.022840633654114876 -0.048318817063707803 -0.023111445795511398 0.010768142069713129 -0.058054930357724223 -0.010513831563835939 0.010454242914463546 -0.00071542610925683884 -0.029509776940767316 -0.005225481808708422 0.00057106339967296119 -0.018409603311899832 0.0080938915946932137 0.016162674374797299 0.0037384514093676178 -0.024634569492410517
leaf_weight=104.00526841171086 2744.558342680335 31.407222464680672 273.79472659528255 54.160758033394814 43.484796315431595 14.773262977600096 71.482613958418369 23.82144745439291 12.564886227250097 131.15848395228386 22.591401964426041 7336.9609561115503 34.617961712181568 123.09660717844963 76.746682092547417 19.595592007040977 23.970013156533241 55.478615090250969 13.578881852328779 114.74255020916462 6.0757339894771567 12193.997702613473 13.439322412014006 804.37169582396746 65.747744366526604 40.900461301207542 156.08134914934635 270.27341319620609 1517.7126328721642 85.280721738934517
leaf_count=29300 6669 111 554 82 71 56 138 110 29 263 53 16518 59 313 137 72 75 117 57 322 13 31351 50 2420 197 129 388 619 3663 326
internal_value=0.000662256 0.000783586 0.00277803 0.000525862 0.00175998 -0.000102404 0.0111121 0.0026729 -0.0178416 -0.00022104 -0.0237336 0.00163884 -0.00433265 -0.00660321 -0.00191551 -0.0117857 0.0060936 0.0107028 -0.00169568 -0.0168203 -0.036877 -0.000163541 0.00201791 -0.00124257 0.00382887 0.00991577 -0.00260494 0.0139992 0.00485764 -0.0136617
internal_weight=26480.5 26376.5 3018.35 23358.1 7879.76 15478.4 162.03 107.869 36.3863 15316.3 37.3647 7836.27 499.31 464.692 318.542 142.692 175.85 151.88 75.1332 146.15 19.6546 15279 3084.97 1436.09 631.723 324.613 307.11 283.713 1648.87 151.028
internal_count=94262 64962 7223 57739 17865 39874 359 277 139 39515 109 17794 1276 1217 784 385 399 324 187 433 70 39406 8055 4129 1709 798 911 669 3926 523
is_linear=0
shrinkage=0.03


Tree=148
num_leaves=31
num_cat=0
split_feature=16 9 5 6 16 9 0 8 8 5 11 5 13 16 13 1 6 1 13 3 4 5 3 8 9 11 8 9 0 3
split_gain=106.438 14.7298 45.1305 35.3546 38.5058 28.7364 27.2904 22.3986 33.073 24.9106 26.2961 22.5868 31.5551 23.822 22.2118 21.5034 20.8662 19.5436 19.186 20.5491 18.8182 24.7059 18.6143 25.5697 29.4619 22.8639 23.8637 22.1546 18.5222 34.033
threshold=0.099609374708175838 0.023206342458122038 -0.005246354751939443 26.624555330978364 0.21015778709336089 0.01642188579465868 0.0072141597396694354 1.4116621191253855 1.1167139468947622 0.0064505061223347065 10.000000000000078 0.0070560592066732705 -0.26398997397949159 0.11124564677674655 -0.2863908333564707 -0.002776002382067488 36.286104780483591 -0.017164599800655041 -0.48733300178446021 0.71000000000002228 1.8478374824468331 0.0108237008485619 0.0015399999999999999 0.67376338808067704 0.010553737308122294 -1.2227301157880619 0.52998045767908752 0.011235569529904439 0.00014401885055681521 176.20000000000439
decision_type=2 2 2 2 2 2 2 2 2 2 2 2 2 2 2 2 2 2 2 2 2 2 2 2 2 2 2 2 2 2
left_child=-1 2 3 -2 5 -5 -7 8 11 10 -9 17 14 15 -13 -14 -6 -4 -10 -20 -15 -22 -19 24 25 26 28 -26 -24 -30
right_child=1 -3 7 4 16 6 -8 9 18 -11 -12 12 13 20 -16 -17 -18 22 19 -21 21 -23 23 -25 27 -27 -28 -29 29 -31
leaf_value=-0.030104651251079351 0.02796321882991366 0.00049435343329550028 -0.038644758446945107 -0.027431676286401523 -0.0087410229580028743 0.00025373358004104429 -0.053060980642312974 -0.041638961210389978 0.030971542165089488 0.036787737099744137 -0.00019827056079608525 -0.012732102802917516 0.0059030290408756281 0.019971421109774373 -0.063949470747078699 -0.059539131523180043 -0.055854821292427172 0.012338222178211226 0.023066348300883915 0.0046942762381222717 0.0087397509606268586 -0.024939804728468729 0.014642724337249851 0.005551562743705607 -0.036460938105775394 -0.0042690987595158623 0.02920252302398391 -0.0049310371750126199 -0.055582592541638734 0.031021694618166964
leaf_weight=100.94201049371623 22.92725870013237 23121.991938583553 9.5699999928474409 48.92635789513588 13.045472353696821 207.11547903716564 9.0170748978853208 27.591472595930099 47.905229210853577 7.6625171899795523 27.532420456409454 118.23534248769283 8.487247437238695 63.547379791736603 8.1456772685050947 9.6648364365100843 24.07153981924057 233.35708916187286 78.857607066631317 179.54424101114273 66.840123772621155 27.737058967351913 32.480987921357155 1426.7525914907455 21.208512187004089 82.660361513495445 60.815104052424431 369.32700829207897 11.064089559018614 6.4730066359043112
leaf_count=29300 34 57715 32 158 33 494 37 109 69 11 69 319 19 111 33 39 98 460 131 386 139 84 64 2990 71 215 86 899 47 10
internal_value=0.000642501 0.000760187 0.00265112 -0.00795273 -0.0106778 -0.00667035 -0.00197056 0.00382952 0.00421828 -0.0138956 -0.0209408 0.00310208 -0.00459295 0.00360913 -0.0160332 -0.0289408 -0.0392958 0.00413547 0.0135338 0.010301 0.00734573 -0.0011376 0.00431791 0.00338713 -0.00190048 0.00767215 0.016578 -0.00664331 0.00122842 -0.0236166
internal_weight=26473.5 26372.6 3250.56 325.103 302.176 265.059 216.133 2925.46 2862.67 62.7864 55.1239 2556.37 302.658 176.277 126.381 18.1521 37.117 2253.71 306.307 258.402 158.125 94.5772 2244.14 2010.78 584.029 193.494 110.833 390.536 50.0181 17.5371
internal_count=94262 64962 7247 854 820 689 531 6393 6204 189 178 5618 744 392 352 58 131 4874 586 517 334 223 4842 4382 1392 422 207 970 121 57
is_linear=0
shrinkage=0.03


Tree=149
num_leaves=31
num_cat=0
split_feature=6 8 9 11 1 8 11 1 8 8 15 5 6 6 5 8 3 11 8 9 11 11 5 1 15 5 5 14 5 5
split_gain=14.3835 32.2686 30.3166 43.5506 40.5742 64.3118 43.67 37.2546 35.744 46.5514 34.6668 32.5901 30.401 28.4516 27.7517 26.2589 39.442 26.1511 25.7885 25.2089 29.6853 24.523 23.587 23.4392 24.1436 23.432 38.1559 23.2126 22.1641 53.4196
threshold=29.523809523809543 1.0000000180025095e-35 0.077424868651224374 -4.5625167963979747 -0.014185430797424235 0.75208220117394309 23.776766444934964 -0.0017239941611271179 1.0604940619386436 0.74528864523312632 -0.14194210289878106 -0.006908502057284373 21.617611081254854 24.180722701285692 0.014997013275203188 1.0959722503162082 27.129999999999885 -10.457182705859362 2.3140571432668247 0.045356970254194079 -11.382611378133442 23.776766444934964 -0.013692239183583714 -0.019665590238837401 -0.26049929896317342 -0.022110337506983175 0.0066052779947033307 0.067464439965820147 -0.041455098547742313 -0.030843917332845448
decision_type=2 2 2 2 2 2 2 2 2 2 2 2 2 2 2 2 2 2 2 2 2 2 2 2 2 2 2 2 2 2
left_child=2 -2 3 8 6 -6 10 -5 9 13 12 -10 22 -1 19 -9 -17 -15 -8 20 -11 -7 -4 -14 -25 -12 27 -27 -3 -30
right_child=1 28 4 7 5 21 18 15 11 14 25 -13 23 17 -16 16 -18 -19 -20 -21 -22 -23 -24 24 -26 26 -28 -29 29 -31
leaf_value=0.017446965485805856 -0.023790412400007174 0.0092894230359482372 -0.0022963144398988884 0.0043417039247041845 0.019300443893961662 -0.0089361572902596532 -0.020380143308268032 0.0086173924341730861 0.036490874382377678 -0.055838180482825343 0.022780159221985813 0.0004452201664471361 0.014504833807376152 0.0068661567496542536 0.020222494033985784 0.032680993926136631 -0.0060163626448641429 -0.023499062692304815 0.015652184617418741 -0.0095924889568424487 -0.018304478722277036 0.022120530008304433 -0.029439420803971966 -0.042179292820775434 0.0051848868587456845 0.0010792886470552046 0.036733769502336894 -0.054577443622886038 -0.013722492581749257 0.00042797793041127126
leaf_weight=91.169209881918505 49.85521819931455 248.05531628616154 112.08411683095619 1635.9514626648743 85.964360665995628 771.33242075378075 88.941861666738987 240.7413416756317 35.776038132607937 26.12555099837482 156.13253693119623 61.178293291246518 146.61270373291336 63.134888447355479 20.347893019439653 115.77224090788513 29.808339793700725 42.850475397193804 22.373473308980465 184.50711798225529 69.187980563146994 23.582227091537789 38.78370254021138 14.495361882727591 29.193654481088743 95.962106277933344 27.856260492000729 7.2540249377489081 242.79266246967018 21690.112281375797
leaf_count=175 344 926 300 3935 162 2813 338 595 71 108 309 185 328 155 40 237 95 135 61 558 215 54 138 60 77 255 53 31 1265 80244
internal_value=0.000623316 0.000317999 0.00222522 0.0042223 -0.000999243 -0.00534914 0.00418095 0.00632041 -0.00291739 -0.00616596 0.00724896 0.013746 0.000783788 0.00515927 -0.0136045 0.0146996 0.0247575 -0.00541067 -0.0131379 -0.0160643 -0.0285925 -0.00801482 -0.00927401 0.00875743 -0.0105298 0.0149289 0.00557654 -0.00283226 0.000372187 0.000271335
internal_weight=26467.9 22230.8 4237.12 2616.55 1620.57 880.879 739.69 2022.27 594.277 497.323 628.374 96.9543 341.17 197.155 300.169 386.322 145.581 105.985 111.315 279.821 95.3135 794.915 150.868 190.302 43.689 287.205 131.072 103.216 22181 21932.9
internal_count=94262 82779 11483 6504 4979 3029 1950 4862 1642 1386 1551 256 903 465 921 927 332 290 399 881 323 2867 438 465 137 648 339 286 82435 81509
is_linear=0
shrinkage=0.03


Tree=150
num_leaves=31
num_cat=0
split_feature=16 9 1 0 1 5 3 1 8 9 8 15 1 15 13 11 3 5 4 1 16 13 9 1 8 16 13 5 9 1
split_gain=102.391 15.3888 15.5434 20.5127 15.9037 14.8104 28.9696 23.1739 44.1518 27.2085 40.5476 27.6578 26.1093 27.0986 26.9105 24.1444 24.0031 23.563 23.2685 22.7047 21.8429 21.6966 21.5069 20.1125 21.8902 20.0639 28.3799 25.4138 47.001 22.7977
threshold=0.099609374708175838 0.0071703983303059594 0.0014966326536018928 -0.0015072094802484057 0.003666142110894 0.019663011120225483 30.730000000000249 0.023063941394198987 1.0424649085384259 0.12121601605712372 1.7151781662165184 -0.28809158118577777 0.06563002921707152 -0.095551111319910009 -0.44620931948084114 20.412343049856844 0.074999999999999525 0.024138971215054553 0.16208471102268177 0.017736843120152893 0.34127055110962273 -0.31013343320341719 0.10102881698397119 0.051070732558400007 1.4614524257465309 0.16897506574151519 -0.54474730462320009 0.037081326427172746 0.074031950933021132 -0.010434803713790795
decision_type=2 2 2 2 2 2 2 2 2 2 2 2 2 2 2 2 2 2 2 2 2 2 2 2 2 2 2 2 2 2
left_child=-1 2 3 -2 -4 23 7 9 20 10 11 16 13 -10 18 17 22 -16 -15 -8 -9 -17 -7 -3 -25 26 -13 -27 -29 -28
right_child=1 5 4 -5 -6 6 19 8 12 -11 -12 25 -14 14 15 21 -18 -19 -20 -21 -22 -23 -24 24 -26 27 29 28 -30 -31
leaf_value=-0.030101591061410849 -0.021062730329892487 0.00035763377621193457 -0.045126607804532828 0.025145493268414733 0.008383301069874281 -0.049688899531316097 -0.04102018651029362 -0.044051464839023217 -0.048113036992516976 -0.0017162159915864513 -0.043473531990523777 -0.0246686363560331 0.018156267349175356 -0.032324505521333431 -0.041783458534186538 -0.035496497585128711 0.0052958837149489103 -0.0083606568542615462 0.02500402306094357 0.0065108281777895068 0.0019799689583675623 0.015026616338954199 0.006642725524007017 -0.0053434443216763793 -0.035505251508003412 0.012441947035968754 -0.0095661983778647583 0.021606283290245925 -0.037494226929237574 0.0081201092455814271
leaf_weight=98.430253470782191 9.9711283445358259 23781.792455524206 7.4896775782108334 65.070920765399933 15.031378090381621 19.948253586888317 23.855148389935493 33.024564877152443 11.841625615954397 457.1358488202095 14.339887902140616 30.252766013145447 60.096378400921822 7.3861183673143378 23.008862674236298 8.8566486239433271 32.052142351865768 108.52629518508911 46.404672488570213 14.568806916475294 12.902584478259085 56.143558353185654 8.7865766882896406 119.11471438407898 26.46799436211586 759.08267740905285 78.151786655187607 22.701297044754028 25.959431454539299 408.1857828348875
leaf_count=29426 32 58901 29 106 48 78 96 116 46 1215 56 97 121 24 79 29 77 284 75 32 28 104 20 333 102 1518 227 39 92 884
internal_value=0.000438936 0.000553288 0.0124458 0.0190056 -0.00941213 0.000508987 0.00282861 0.00327466 -0.00360076 0.00463816 0.00671382 0.0072334 0.000321063 -0.00376728 -0.00166951 -0.00681543 -0.0125536 -0.0142072 0.0171321 -0.0229984 -0.0311196 0.00814255 -0.0324637 0.000289582 -0.0108271 0.00814163 0.00352427 0.0110946 -0.00992254 0.00527802
internal_weight=26386.6 26288.1 97.5631 75.042 22.5211 26190.6 2263.21 2224.79 368.191 1856.6 1399.46 1385.12 322.264 262.168 250.326 196.535 60.787 131.535 53.7908 38.424 45.9271 65.0002 28.7348 23927.4 145.583 1324.33 516.59 807.743 48.6607 486.338
internal_count=94314 64888 215 138 77 64673 5337 5209 906 4303 3088 3032 762 641 595 496 175 363 99 128 144 133 98 59336 435 2857 1208 1649 131 1111
is_linear=0
shrinkage=0.03


Tree=151
num_leaves=31
num_cat=0
split_feature=16 9 12 12 4 5 3 1 8 9 14 0 1 4 13 11 3 4 1 16 16 9 14 1 8 8 16 16 4 11
split_gain=99.2589 14.5157 20.6619 16.4658 15.1913 13.9507 27.3635 21.8177 41.4384 25.7353 24.9629 28.825 24.5847 25.0958 34.7097 23.8622 22.8613 29.9858 21.773 20.4386 20.0628 18.9807 26.2679 18.9506 20.8003 17.9963 24.8624 28.2257 23.7395 19.0071
threshold=0.099609374708175838 0.0071703983303059594 -0.5111878978488168 1.7231098836344587 1.520710013730368 0.019663011120225483 30.730000000000249 0.023063941394198987 1.0424649085384259 0.18558449077028022 -0.15113660036284088 -0.0034593044798005286 0.06563002921707152 0.16208471102268177 -0.44620931948084114 9.6721148877564129 0.0016000000000004901 31.249992187512333 0.0053421618468402219 0.34127055110962273 0.32538082162474369 0.06867596121232486 0.034418290693339036 0.051070732558400007 1.4614524257465309 1.6128561836170705 0.28678868743075342 0.25822407639140038 2.2057892336635283 17.543859649122876
decision_type=2 2 2 2 2 2 2 2 2 2 2 2 2 2 2 2 2 2 2 2 2 2 2 2 2 2 2 2 2 2
left_child=-1 2 -2 4 -4 23 7 9 19 10 11 -7 13 -10 -15 -16 21 25 -8 -9 -11 22 -12 -3 -25 29 27 28 -27 -18
right_child=1 5 3 -5 -6 6 18 8 12 20 16 -13 -14 14 15 -17 17 -19 -20 -21 -22 -23 -24 24 -26 26 -28 -29 -30 -31
leaf_value=-0.030098578684362505 0.030217543143503695 0.0003469050994083527 -0.024286224871097748 0.025063767904057486 0.011761054721959475 -0.0027686301984341131 -0.0504018148698194 -0.042592722684835882 -0.039477653843318805 -0.0015647085130342819 0.0079515556132184369 -0.049931205641390843 0.017626745152587033 0.021728775668047838 -0.021142947866577305 0.00077419738968045166 0.0051981043641051291 -0.03246673169626331 -0.0041087472370958528 0.0019214001531483969 -0.031059091456177319 0.019481816835023265 -0.050091430135989025 -0.0051845594546738793 -0.034663311188712381 -0.00010844631640308914 -0.043846823526948762 0.037087059064619066 -0.049839688481910165 0.021262819973988274
leaf_weight=95.530615848954767 35.810719057917595 23781.769289277494 24.314432382583618 18.67859323322773 18.548703588545322 70.640068873763084 15.123669803142546 33.129241406917572 16.493169873952866 69.527883403003216 49.69447135925293 13.969684571027754 60.045438528060913 47.677046597003937 68.251296147704124 129.60771505534649 1263.7164562344551 19.262175112962723 23.125781118869781 12.897097304463385 29.590302206575871 181.88551886379719 8.1710965484380704 119.08261619508266 26.30009688436985 38.866582348942757 14.740644320845602 13.960362419486044 11.107739597558973 69.953593760728836
leaf_count=29426 50 58901 89 28 48 179 67 116 57 223 105 54 121 81 209 294 2847 64 61 28 124 317 30 333 102 105 57 21 48 129
internal_value=0.00042581 0.000536744 0.0120995 0.00155671 -0.00868703 0.000493761 0.00274601 0.00317886 -0.00349284 0.00450272 0.00534222 -0.0105555 0.000312245 -0.00365547 -0.00124922 -0.0067861 0.00614701 0.00471118 -0.0224128 -0.0301194 -0.0103698 0.0147207 -0.000244594 0.000280893 -0.0105173 0.00521823 -0.0087245 -0.000626771 -0.0111622 0.00604073
internal_weight=26381.5 26285.9 97.3524 61.5417 42.8631 26188.6 2261.44 2223.19 368.101 1855.09 1755.97 84.6098 322.075 262.029 245.536 197.859 1671.36 1431.61 38.2495 46.0263 99.1182 239.751 57.8656 23927.2 145.383 1412.35 78.6753 63.9347 49.9743 1333.67
internal_count=94314 64888 215 165 137 64673 5337 5209 906 4303 3956 233 762 641 584 503 3723 3271 128 144 347 452 135 59336 435 3207 231 174 153 2976
is_linear=0
shrinkage=0.03


Tree=152
num_leaves=31
num_cat=0
split_feature=16 8 9 1 5 12 11 3 11 3 3 11 12 5 11 11 16 9 15 4 16 8 2 1 8 13 4 5 13 4
split_gain=96.2255 13.9476 37.3956 33.917 61.4108 47.8237 26.8372 40.4815 33.824 32.5537 62.8312 34.7483 31.7869 40.0755 31.5401 28.1706 26.8985 26.667 35.5507 35.2994 26.4792 37.0255 34.51 31.7138 25.5043 25.4488 24.6466 23.3013 30.0119 23.2898
threshold=0.099609374708175838 1.0892679807633805 0.16133196956551465 -0.014498039782513903 -0.014499759530730344 3.5559394253483156 -1.0000000180025095e-35 0.0063999999999995181 -13.523030026198695 2.8299999999999561 1.9199999999999735 -4.9668874172183735 0.27748990629264542 -0.012931025678954695 -5.7903914906114737 -0.87364857744877111 0.10828542700166477 0.076763493309427694 -0.23194568807906837 0.46590897619665966 0.22364115289213765 1.6128561836170705 0.0056369521769232484 -0.002776002382067488 1.4292726857673548 -0.43506946921916995 50.818367087776579 -0.013692239183583714 0.16556920005753745 65.473307917350397
decision_type=2 2 2 2 2 2 2 2 2 2 2 2 2 2 2 2 2 2 2 2 2 2 2 2 2 2 2 2 2 2
left_child=-1 2 29 4 5 17 8 12 -5 10 11 14 20 -14 -10 -13 -11 18 -3 -20 22 23 25 24 -22 -8 -6 28 -17 -2
right_child=1 3 -4 6 26 -7 7 -9 9 16 -12 15 13 -15 -16 27 -18 -19 19 -21 21 -23 -24 -25 -26 -27 -28 -29 -30 -31
leaf_value=-0.0300956559118364 0.0012538818146231494 0.015734512487268655 -0.017500749219031438 0.0077694946460416334 -0.0099689159276685133 -0.045107499804666273 0.016138282383441387 0.00018256108446064055 -0.0073949477673742135 0.028563931228171534 -0.044846978612338717 0.001406400938524549 -0.024447001750074845 0.015358721389771056 -0.026361428586162795 -0.013273038324597823 0.0013380515226201393 0.0077646050151209184 0.0036552336744142782 -0.037363934060750496 -0.017328365003409958 -0.019715627211762468 -0.02731783009644987 0.01743268864353029 0.028721742945984268 -0.0037545490449608877 0.023535764444841234 -0.017497590496611867 0.040824803271902667 -0.008082989430438758
leaf_weight=92.716127105988562 16998.693363972008 37.092294260859489 97.596720568835735 267.12166349589825 923.7007851600647 17.994451090693474 74.304301172494888 3945.0293352082372 518.26090003550053 35.35323828458786 35.918030843138695 764.05879539251328 24.133305743336678 400.90152136981487 93.082814276218414 22.463432371616364 428.60354866087437 462.52443973720074 32.753569975495338 44.581396505236626 47.301026880741119 36.210084989666939 45.051946103572845 235.06186054646969 14.036130577325819 261.81959331035614 20.192046597599983 140.10162444412708 15.666155159473417 243.8892185986042
leaf_count=29426 39823 86 371 719 2941 89 156 10193 1606 67 145 2063 89 759 332 82 1144 1167 82 172 146 124 162 464 27 722 47 435 27 648
internal_value=0.000413072 0.000520693 0.001017 -0.000441599 -0.00449417 0.00305448 0.000400629 0.00162088 -0.0022726 -0.00357888 -0.00561956 -0.00471267 0.00660342 0.0130986 -0.0102828 -0.00109887 0.00341265 0.00455659 -0.00841045 -0.0199911 0.00273578 0.00892143 -0.00266174 0.0124199 -0.00679046 0.000643005 -0.00925217 -0.0118387 0.00895393 0.00112182
internal_weight=26376.2 26283.5 17340.2 8943.32 1538.84 594.946 7404.48 5083.85 2320.63 2053.51 1589.55 1553.63 1138.82 425.035 611.344 942.29 463.957 576.952 114.427 77.335 713.785 332.609 381.176 296.399 61.3372 336.124 943.893 178.231 38.1296 17242.6
internal_count=94314 64888 40842 24046 4584 1596 19462 12842 6620 5901 4690 4545 2649 848 1938 2607 1211 1507 340 254 1801 761 1040 637 173 878 2988 544 109 40471
is_linear=0
shrinkage=0.03


Tree=153
num_leaves=31
num_cat=0
split_feature=16 12 6 3 8 8 1 8 13 15 0 3 6 5 1 5 8 4 8 13 0 8 6 12 11 14 3 6 11 12
split_gain=93.2877 14.0559 29.374 28.2689 24.9435 21.0553 21.0551 16.0289 26.5203 18.3332 23.4908 25.7771 22.98 14.8643 14.5111 28.6901 24.0667 18.761 28.7001 19.6697 14.9237 31.8462 20.4607 19.5459 28.1603 18.396 16.6729 24.2245 17.8936 17.2719
threshold=0.099609374708175838 3.14602506932416 21.617611081254854 27.129999999999885 1.7950459958334704 0.88641766294867919 -0.044918600897569154 1.2704992371224388 -0.45773763838988385 0.16957036253128799 0.013252359503219459 27.129999999999885 27.947112692241571 -0.011051408392481749 -0.059935602060540209 -0.008063155632888638 1.7520895555846578 2.7439147804530735 0.91506021331603116 2.1850107838057515 0.020034659544946213 1.1985044177109743 32.059788568874353 0.45776960122520388 11.25547308949675 0.11434916906863024 0.05199999999999972 81.538524839571764 16.372923582108438 2.0004126741295187
decision_type=2 2 2 2 2 2 2 2 2 2 2 2 2 2 2 2 2 2 2 2 2 2 2 2 2 2 2 2 2 2
left_child=-1 14 3 4 5 -3 -7 -4 -9 10 11 12 13 -10 15 17 -17 18 -2 -19 -16 23 -23 -22 25 -25 -24 28 29 -28
right_child=1 2 7 -5 -6 6 -8 8 9 -11 -12 -13 -14 -15 20 16 -18 19 -20 -21 21 22 26 24 -26 -27 27 -29 -30 -31
leaf_value=-0.030092820062649437 -0.056077503137813976 0.011200774885139094 0.0085944110841252881 -0.054571500903386569 0.028628229196022471 -0.0071270940578614566 -0.056887219331542366 0.027531378578567862 0.012562442811721463 -0.049846225347174353 0.014243774216159728 0.015848539768517637 -0.045631196083180225 -0.048164978822787828 0.00043632889689618735 -0.03762156494576975 0.036149837844572548 -0.045979621168652229 0.027818286179248145 0.031247817164610926 -0.028753682507390448 -0.032023139279244793 0.016123074338595649 -0.0045312359651867862 -0.022748886765185848 0.026775587730290876 -0.0025361184676112153 -0.034791851694769692 0.015145013630084081 -0.055845440964754113
leaf_weight=89.984302644152194 3.8566519916057578 16.853815361857414 566.36092290282249 12.472773939371107 14.995426036417483 16.274532377719879 14.44661168754101 21.165508210659027 14.375027790665628 9.143138647079466 35.06887099146843 16.458087399601936 27.139305904507637 4.8520008325576773 24926.567647859454 16.552687078714374 5.2398916929960242 7.6003270819783193 75.758148983120918 4.8702500015497208 53.679484322667122 14.297571152448652 78.486182317137718 85.565031677484512 70.88296976685524 21.047455728054047 59.98088651150465 16.914846330881119 60.96336829662323 6.0187392085790625
leaf_count=29426 16 33 1127 56 36 53 61 36 39 34 73 39 110 23 61586 73 11 38 128 11 200 58 165 220 215 35 193 60 134 25
internal_value=0.000400708 0.000505128 0.00449962 -0.0133311 -0.00511024 -0.0157445 -0.0305268 0.00642612 -0.0031528 -0.00922033 -0.00542591 -0.0164056 -0.0278545 -0.00276231 0.000384611 0.0110697 -0.0198837 0.018395 0.0237543 -0.0158193 0.000336695 -0.00497184 0.00276403 -0.0128913 -0.0080941 0.00164936 0.00500078 -0.0010665 0.00342661 -0.00739758
internal_weight=26367.9 26277.9 769.606 75.0432 62.5704 47.575 30.7211 694.563 128.202 107.036 97.8933 62.8244 46.3663 19.227 25508.3 113.878 21.7926 92.0854 79.6148 12.4706 25394.4 467.837 236.662 231.175 177.495 106.612 222.364 143.878 126.963 65.9996
internal_count=94314 64888 1720 239 183 147 114 1481 354 318 284 211 172 62 63168 277 84 193 144 49 62891 1305 635 670 470 255 577 412 352 218
is_linear=0
shrinkage=0.03


Tree=154
num_leaves=31
num_cat=0
split_feature=16 9 6 6 16 5 3 15 14 0 9 15 3 14 14 12 16 11 8 6 9 8 9 12 16 11 13 8 13 14
split_gain=90.442 13.6519 22.757 20.1714 30.5875 13.2648 25.888 20.514 19.4808 30.424 18.3298 21.7611 24.5493 20.9038 25.0618 20.4068 21.937 31.1227 19.5832 36.7029 18.6625 26.6582 25.4723 18.9145 20.1123 17.219 25.1585 20.0426 19.8846 19.2065
threshold=0.099609374708175838 0.0071703983303059594 62.628491951395752 43.127767050884536 0.17727646195667604 0.019663011120225483 30.730000000000249 -0.018659287893583575 -0.15113660036284088 -0.0034593044798005286 0.087240698916695017 -0.28809158118577777 0.39999999999998798 0.018268718359803041 0.025085778479647585 3.7086084809737097 0.45578816576917963 28.096709563165405 0.77558707186696518 68.357156459435473 0.098140195018211626 0.89150965968262985 0.22312426493641338 -0.86251965108689987 0.30590512924771607 44.980734828677662 -0.51126780079110545 1.3782093935550963 -0.14429459878302373 0.07042166435223525
decision_type=2 2 2 2 2 2 2 2 2 2 2 2 2 2 2 2 2 2 2 2 2 2 2 2 2 2 2 2 2 2
left_child=-1 2 3 4 -2 25 8 -8 9 -7 11 12 -10 -13 -15 16 20 -18 19 -16 -12 23 -23 -22 -25 -3 -27 28 -28 -30
right_child=1 5 -4 -5 -6 6 7 -9 10 -11 15 13 -14 14 18 -17 17 -19 -20 -21 21 22 -24 24 -26 26 27 -29 29 -31
leaf_value=-0.030090068540333758 -0.046518965565794823 0.00030916707804664782 -0.029753549757524093 0.026355875039773272 0.02031484002648918 -0.0027541656211892899 -0.050867893690369183 -0.0051492055022160244 -0.040678536826557851 -0.049493764934863467 -0.0085044356446549816 0.010530256436906459 0.02076546140972892 -0.0284679230046192 -0.064242813192626716 0.043927993751819508 -0.03688650817410126 0.016506449854951033 0.0053899017662173343 0.018569683389907419 0.0099924830966367992 0.0053540031122796383 -0.015791049103246409 -0.05684634134964249 0.0067793394350053994 0.037237127279778653 0.0068242975056004105 -0.024414162117961765 -0.03476202564201572 0.023656636877828988
leaf_weight=87.332729438552633 9.9716731160879153 23749.689273349941 10.60335113853216 60.27931521832943 16.13589833676815 73.788415089249611 13.933663770556448 24.129092812538147 17.658217296004299 15.098682239651678 145.46908247470856 635.22545978426933 8.7532178908586484 23.557934418320656 10.351857244968416 9.8729647248983365 30.803472839295864 14.427323758602141 310.05642382800579 9.0082696080207807 10.317457184195517 828.70440822839737 54.655227318406105 16.071436256170276 6.194903388619422 9.8730733841657621 61.753846347332001 68.402880102396011 24.467014089226726 6.3873817771673194
leaf_count=29426 39 58764 52 92 32 189 62 66 65 59 394 1312 16 74 42 11 105 27 672 15 23 1895 226 68 16 18 148 303 92 11
internal_value=0.000388695 0.000489998 0.0117244 0.0168155 -0.00521204 0.000448375 0.00264631 -0.0218855 0.00306691 -0.0106935 0.00364085 0.00655947 -0.0203149 0.00727774 0.0014244 0.000988605 0.000605519 -0.0198557 0.00356212 -0.0257101 0.00147745 0.00306276 0.00404572 -0.0235856 -0.0391445 0.000240892 -0.00924806 -0.0120985 -0.00300181 -0.0226684
internal_weight=26363 26275.6 96.9902 86.3869 26.1076 26178.7 2258.08 38.0628 2220.01 88.8871 2131.13 1014.61 26.4114 988.2 352.974 1116.52 1106.64 45.2308 329.417 19.3601 1061.41 915.943 883.36 32.5838 22.2663 23920.6 170.884 161.011 92.6082 30.8544
internal_count=94314 64888 215 163 71 64673 5337 128 5209 248 4961 2196 81 2115 803 2765 2754 132 729 57 2622 2228 2121 107 84 59336 572 554 251 103
is_linear=0
shrinkage=0.03


Tree=155
num_leaves=31
num_cat=0
split_feature=16 15 3 6 6 0 12 4 16 6 13 0 0 6 13 5 13 13 1 1 9 6 9 6 5 5 1 5 14 14
split_gain=87.2022 17.4718 38.6359 39.3715 32.838 32.1343 35.1694 30.2993 28.9905 23.6406 22.3682 30.4991 24.573 22.8632 21.8543 20.0274 40.2763 23.8449 27.3893 18.5221 17.971 17.5829 33.1703 17.3493 17.0049 19.5436 17.3575 16.2791 15.8987 19.0889
threshold=0.099609374708175838 -0.34014784766249678 0.01379999999999987 17.860438803880275 24.180722701285692 -0.0080528680717742978 -0.73353435084136243 0.16208471102268177 0.33283176769761963 28.59971399568386 0.16556920005753745 0.0020210082091146613 0.0046379734080087562 35.637157388053701 0.045483832746216181 -0.00011469794940513795 -0.19643200482054571 -0.4063282746615558 -0.0017239941611271179 -0.0080859178493291033 0.041115010270669466 54.323687037482095 0.031399456092541501 33.778989906212132 -0.0017378786505419322 -0.0058131594866724264 -0.0096210373654728714 -0.0031458153528080069 -0.090104607043582072 -0.1600326205815554
decision_type=2 2 2 2 2 2 2 2 2 2 2 2 2 2 2 2 2 2 2 2 2 2 2 2 2 2 2 2 2 2
left_child=-1 2 10 7 -5 6 -6 -4 9 -8 11 14 -13 -12 -2 17 -17 18 20 -18 -7 -19 -23 -11 25 -15 -26 -24 29 -25
right_child=1 -3 3 4 5 15 8 -9 -10 23 13 12 -14 24 -16 16 19 21 -20 -21 -22 22 27 28 26 -27 -28 -29 -30 -31
leaf_value=-0.030087423891598623 -0.0073487042388460343 0.00056953492197806346 0.017135749856552338 0.017157934311761318 0.044712355156246331 -0.062511094629459904 0.011546189244124989 -0.046909076584094767 -0.05967582147406577 -0.041964008263873594 -0.049271537216281823 -0.058892525317145013 -0.0057285609434891182 -0.025370232703170258 0.02368271087246137 0.0039634196446669502 -0.050353044838183939 0.015669975446792869 0.017117247446342639 -0.013741383682753799 -0.0039730374001235025 -0.042806062521331983 -0.0094704136636965443 -0.0086850550073413642 -0.00088384192200936644 0.032650559519121637 -0.060123822184480674 0.036831682764272046 0.02061369492550116 -0.047326166166346259
leaf_weight=84.651025355793536 186.55541598051786 25240.513961307704 8.8969278782606107 106.48746158927679 8.8798701763153058 11.400074586272241 28.493517771363258 26.303783640265465 12.913753062486647 23.514197304844856 26.649466142058372 17.783869266510013 13.972304835915564 9.926872983574869 22.936972320079803 154.73426814377308 18.359964661300182 190.25596958398819 13.68533558398485 38.546279326081276 8.0549191981554014 14.335528790950773 13.753285050392149 46.272787928581231 7.843149051070216 11.031021878123282 10.293743208050726 13.583515554666521 11.166348978877066 15.31384120881558
leaf_count=29380 502 62292 17 221 12 46 61 113 53 84 109 73 38 33 42 351 72 377 28 106 21 50 37 125 20 17 42 19 22 59
internal_value=0.000312423 0.000410224 -0.00334099 0.000267104 0.00176191 -0.000868577 -0.0131542 -0.0307218 -0.0168865 -0.0124575 -0.0123315 -0.00810413 -0.0355011 -0.0278438 -0.00395113 0.00290838 -0.00397316 0.00840286 -0.0154005 -0.0255536 -0.0382747 0.0118041 -0.00584544 -0.0195622 -0.0132373 0.00516855 -0.034506 0.0135369 -0.0123218 -0.0182934
internal_weight=26397.1 26312.5 1071.94 764.952 729.751 623.263 146.554 35.2007 137.674 124.761 306.993 241.249 31.7562 65.7443 209.492 476.709 211.641 265.069 33.1403 56.9062 19.455 231.928 41.6723 96.2672 39.0948 20.9579 18.1369 27.3368 72.753 61.5866
internal_count=94422 65042 2750 1874 1744 1523 416 130 404 351 876 655 111 221 544 1107 529 578 95 178 67 483 106 290 112 50 62 56 206 184
is_linear=0
shrinkage=0.03


Tree=156
num_leaves=31
num_cat=0
split_feature=12 8 9 14 10 9 1 6 0 8 3 5 6 13 4 1 4 13 11 5 11 1 0 5 4 13 0 4 13 13
split_gain=16.2835 19.9137 18.4531 17.0788 16.9387 21.0695 22.6868 41.9114 43.3656 36.1043 31.0736 27.4485 25.5794 33.186 24.2997 23.6562 23.4655 22.6641 22.3859 22.8776 22.0896 26.9948 24.6865 23.3013 23.2095 23.7805 21.333 23.0102 22.8243 24.1019
threshold=3.14602506932416 0.95780037151707498 0.087240698916695017 -0.15679502203349188 1.0000000180025095e-35 0.078125003247616148 -0.013245928420056783 42.930812871199393 -0.010914411877669892 0.85507894223061853 11.524999999999865 -0.03384496841926924 68.357156459435473 -0.2659957006917561 1.0769230562130183 0.006000347688131292 0.55094887867413067 -0.30131549776096983 -0.99009900990103528 0.0069037200836346022 6.8317879678558073 0.021600543952462695 -0.010596707064432274 0.015305537304099401 35.66663100005325 1.9811931409522381 -0.0055708201467842824 0.19999993888890591 0.65495210795041314 0.11500156178178017
decision_type=2 2 2 2 2 2 2 2 2 2 2 2 2 2 2 2 2 2 2 2 2 2 2 2 2 2 2 2 2 2
left_child=3 2 -2 -1 -5 6 11 8 -8 12 15 -6 -9 -14 16 18 -12 -18 19 26 21 22 -11 -23 25 -22 27 -10 29 -28
right_child=1 -3 -4 4 5 -7 7 9 10 20 14 -13 13 -15 -16 -17 17 -19 -20 -21 24 23 -24 -25 -26 -27 28 -29 -30 -31
leaf_value=-0.0028112219914810657 0.010852874077485907 0.00027142367267580099 -0.040050670753278651 0.00071411320307918677 -0.054294422376708874 -0.022845926103141071 -0.044333143709386728 0.0045014692510880481 0.030209204295150553 0.028112015628456156 -0.041454542283105224 0.005659595318486985 -0.0019011346118653052 -0.066874009237021678 -0.042806523702759419 -0.042063602368371471 -0.03061664696524305 0.026397342977034152 0.0018365405299934847 -0.033882569954346312 0.00077864090067712851 -0.038067213061470644 -0.0057543101741040865 0.0073847072145853364 0.032614823415929077 -0.060475229456697872 -0.0042831916666337174 -0.059629347168585319 -0.044147742755009434 0.034998700187847058
leaf_weight=1617.2213885488454 342.44781896076165 433.36842308845371 6.5316285490989676 20297.03070624359 6.9730929960496715 41.129434452857822 30.276295360876247 1041.3066569350194 3.2673118950333437 19.803207985591143 13.655993348453192 477.0911024666857 22.390470407670364 10.34351918986067 36.725897421361879 14.755869901273398 9.612830604426561 18.072223794180903 283.46214342000894 33.756736211013049 513.7349319900386 40.868444990133867 888.90745074616279 13.505901958560569 20.537361235823482 5.7682667521294197 112.04464140883647 11.952164539135991 11.127308452967553 16.074265616480261
leaf_count=5768 833 1345 23 65791 49 303 175 5299 14 149 92 2139 65 56 251 198 53 52 1385 186 3329 271 5734 54 78 63 478 73 68 48
internal_value=0.000303031 0.00456648 0.00990014 0.000172796 0.000373921 -0.00149371 -0.0012535 -0.00217669 -0.0093549 -0.000520037 -0.00747891 0.00479594 0.00368061 -0.0224317 -0.0250486 -0.00465922 -0.00927303 0.00660089 -0.00348909 -0.0115095 -0.00352156 -0.00624488 -0.00501627 -0.0267775 0.00133509 9.85129e-05 -0.00662006 -0.0403428 -0.0029342 0.000645258
internal_weight=26393.7 782.348 348.979 25611.4 23994.2 3697.14 3656.01 3171.95 594.784 2577.17 564.507 484.064 1074.04 32.734 78.0669 486.44 41.341 27.6851 471.685 188.222 1503.13 963.085 908.711 54.3743 540.041 519.503 154.466 15.2195 139.246 128.119
internal_count=94422 2201 856 92221 86453 20662 20359 18171 3073 15098 2898 2188 5420 121 448 2450 197 105 2252 867 9678 6208 5883 325 3470 3392 681 87 594 526
is_linear=0
shrinkage=0.03


Tree=157
num_leaves=31
num_cat=0
split_feature=16 15 3 5 5 6 15 3 6 13 4 6 13 9 12 12 4 4 5 5 6 1 16 16 9 8 0 15 15 0
split_gain=84.4756 16.6062 35.1171 24.6143 25.1384 33.6409 51.6979 25.1931 29.4575 24.9862 23.7794 30.452 28.8707 25.5979 23.5998 21.411 28.7083 25.309 23.79 25.4176 21.1307 30.303 27.4014 23.4753 21.0614 20.8682 19.5796 20.053 18.9947 18.9786
threshold=0.099609374708175838 -0.26901319071973123 0.013000000000000568 -0.025568977496928158 0.0015003770295628643 18.752067096143367 -0.32432589545883256 0.17999999999998553 67.823246993372067 -0.48295780966344043 0.19999993888890591 35.183974326831525 0.16556920005753745 0.053731554645797035 0.94815914116683897 -0.52313868789242346 0.66794733776451898 20.330269140908118 0.011501101232927179 0.0043809857843600366 27.278687951867365 -0.0094260993460627534 0.22853084767818974 0.26868443645697587 0.11879553938119898 0.91775548435385479 -0.0058183864796892961 -0.35979638975828915 -0.4153126612432621 -0.029795642069584457
decision_type=2 2 2 2 2 2 2 2 2 2 2 2 2 2 2 2 2 2 2 2 2 2 2 2 2 2 2 2 2 2
left_child=-1 2 15 -4 5 6 -5 10 20 -7 -6 13 -13 -12 -8 16 -2 -18 19 -17 23 26 -23 -9 29 -20 27 -22 -24 -11
right_child=1 -3 3 4 7 9 14 8 -10 24 11 12 -14 -15 -16 18 17 -19 25 -21 21 22 28 -25 -26 -27 -28 -29 -30 -31
leaf_value=-0.030084826669138285 -0.02533582269921577 0.00062358065164356419 -0.017613514208643388 -0.041243993784822519 0.027029696256584222 -0.0095258813178937841 -0.022924355866709229 0.034533612921414582 -0.035280586416221234 0.0373026628140114 -0.044355626179358856 0.0069575409187453549 -0.0426807493956625 -0.00019397696028637567 0.024754934556581416 -0.012909668285642209 0.0065836353442373825 -0.040169781129284189 0.0018764929550155664 0.0068377198748545247 -0.042295692853747346 0.0045211436356575449 0.010481127068022764 -0.01629579737386742 0.039715505857987457 -0.050807943189253822 -0.05018921460199962 -0.0051058094380549363 -0.051495803561806497 0.0058346464569413222
leaf_weight=82.125756590743549 35.281106635928154 23981.817295826972 65.831331543624401 36.048205018043518 31.485635176301003 88.75009785592556 14.402403146028517 21.571334540843964 36.543562456965446 17.632517069578171 23.704431593418121 198.15164822340012 11.138259723782538 23.547665104269981 26.597108155488968 349.14365366101265 189.39252081513405 11.027273923158644 9.4338645637035352 70.508662298321724 18.478776499629021 115.29179087281227 6.3887034356594112 13.170369312167166 17.573127344250679 23.931398555636406 19.880787715315819 44.406800299882889 14.670355111360548 793.38674011826515
leaf_count=29380 115 59116 217 146 52 241 49 32 124 31 84 452 43 61 50 1002 451 43 22 157 68 258 14 39 29 95 80 122 56 1793
internal_value=0.000293953 0.000388783 -0.00203064 0.000358415 0.00111064 0.0040033 -0.0150365 -0.00386219 -0.0100974 0.00560246 0.00242447 -0.000595355 0.00431583 -0.0223481 0.00800604 -0.00771485 -0.000381618 0.00401122 -0.0115303 -0.00959177 -0.00647226 -0.00991869 -0.00122662 0.0152645 0.00722285 -0.0359117 -0.0242382 -0.016034 -0.0326938 0.0065188
internal_weight=26391.3 26309.2 2327.37 1638.65 1572.82 994.39 77.0477 578.43 290.402 917.342 288.028 256.542 209.29 47.2521 40.9995 688.718 235.701 200.42 453.018 419.652 253.859 219.117 136.351 34.7417 828.592 33.3653 82.7664 62.8856 21.0591 811.019
internal_count=94422 65042 5926 4041 3824 2339 245 1485 793 2094 692 640 495 145 99 1885 609 494 1276 1159 669 598 328 71 1853 117 270 190 70 1824
is_linear=0
shrinkage=0.03


Tree=158
num_leaves=31
num_cat=0
split_feature=16 15 3 5 5 6 15 3 6 13 4 6 13 9 12 12 4 4 5 5 6 1 16 16 8 9 0 15 15 14
split_gain=81.9169 15.631 33.0547 23.2045 23.6592 31.7205 49.0245 23.7194 27.6704 23.5096 22.4064 28.6341 27.2678 24.0314 22.2205 20.1579 27.0452 23.928 22.5105 23.9347 19.8984 28.5802 25.7843 22.1161 19.7784 19.7056 18.5699 18.9352 18.2876 18.2341
threshold=0.099609374708175838 -0.26901319071973123 0.013000000000000568 -0.025568977496928158 0.0015003770295628643 18.752067096143367 -0.32432589545883256 0.17999999999998553 67.823246993372067 -0.48295780966344043 0.19999993888890591 35.183974326831525 0.16556920005753745 0.053731554645797035 0.94815914116683897 -0.52313868789242346 0.66794733776451898 20.330269140908118 0.011501101232927179 0.0046357374452871674 27.278687951867365 -0.0094260993460627534 0.22853084767818974 0.26868443645697587 0.91775548435385479 0.12121601605712372 -0.0058183864796892961 -0.35979638975828915 -0.28809158118577777 -0.13351961192109799
decision_type=2 2 2 2 2 2 2 2 2 2 2 2 2 2 2 2 2 2 2 2 2 2 2 2 2 2 2 2 2 2
left_child=-1 2 15 -4 5 6 -5 10 20 28 -6 13 29 -12 -8 16 -2 -18 19 -17 23 26 -23 -9 -20 -11 27 -22 -7 -13
right_child=1 -3 3 4 7 9 14 8 -10 25 11 12 -14 -15 -16 18 17 -19 24 -21 21 22 -24 -25 -26 -27 -28 -29 -30 -31
leaf_value=-0.030082312753425267 -0.024610376821430892 0.00060487699997416116 -0.017120452877731465 -0.040284183909054992 0.026254085644476777 -0.0040326995235567108 -0.022309023404971234 0.033540929154178271 -0.03419612231826815 0.0063575064035838779 -0.042962034993889883 -0.0052268844020271522 -0.041600329066781391 -0.00018815985043513377 0.0239999479864559 -0.012457911186648973 0.0063840969963076298 -0.039206780017003277 0.0018202754723357967 0.0069853606776808424 -0.041123132822927261 0.0043866215856548686 -0.031715399364861542 -0.01580761057879999 -0.049502543426314077 0.040013275596312139 -0.048884246689664672 -0.0049538493299840676 -0.044850858231574121 0.013664407033319399
leaf_weight=79.705133487354033 35.232192382216454 23981.669487684965 65.69747194647789 35.803572230041027 31.44393989443779 77.416055276989937 14.356365516781805 21.543864533305168 36.570921272039413 812.64192472398281 23.738562136888504 72.537613421678543 11.085500061511992 23.547388628125191 26.610554665327072 351.54367614537477 189.45179286599159 10.960195034742354 9.4334742426872236 68.003896713256836 18.436117857694626 115.26300290226936 21.057451352477074 13.16980144381523 23.827137336134911 15.964796677231787 19.800344154238701 44.396083369851112 11.323438867926596 125.61353260278702
leaf_count=29380 115 59116 217 146 52 199 49 32 124 1827 84 189 43 61 50 1008 451 43 22 151 68 258 70 39 95 26 80 122 42 263
internal_value=0.000285113 0.000377116 -0.00197068 0.0003476 0.00107748 0.00388403 -0.0146403 -0.00374786 -0.00980026 0.00543428 0.00235226 -0.000577568 0.00418726 -0.0216616 0.00777152 -0.00748652 -0.000370528 0.00389081 -0.0111897 -0.00930638 -0.00628313 -0.00962872 -0.00119007 0.0148189 -0.0349462 0.00700595 -0.0235501 -0.0155666 -0.00924123 0.00674883
internal_weight=26387.8 26308.1 2326.47 1638.02 1572.32 994.117 76.7705 578.204 290.238 917.346 287.967 256.523 209.237 47.286 40.9669 688.452 235.644 200.412 452.808 419.548 253.667 218.953 136.32 34.7137 33.2606 828.607 82.6325 62.8322 88.7395 198.151
internal_count=94422 65042 5926 4041 3824 2339 245 1485 793 2094 692 640 495 145 99 1885 609 494 1276 1159 669 598 328 71 117 1853 270 190 241 452
is_linear=0
shrinkage=0.03


Tree=159
num_leaves=31
num_cat=0
split_feature=16 11 6 9 15 3 12 5 5 6 15 3 6 13 12 8 13 14 12 16 9 6 12 12 3 11 15 0 1 12
split_gain=79.4375 15.2788 25.4172 19.5203 16.1056 32.2556 21.4684 20.9391 25.1643 30.3846 46.5162 25.2858 24.3322 21.2966 20.9269 20.7533 27.5004 22.7388 32.853 19.8932 18.3127 17.8724 24.863 20.1637 27.0914 18.9112 17.6508 17.6052 24.6545 20.8469
threshold=0.099609374708175838 -31.657689551277418 54.910128870529483 0.099533449105309271 -0.26901319071973123 0.013000000000000568 -0.38679438250600123 -0.025568977496928158 0.0015003770295628643 18.752067096143367 -0.32432589545883256 0.17999999999998553 67.823246993372067 -0.48295780966344043 0.94815914116683897 0.99391405609642314 -0.53854707578091898 -0.098095172296590386 -0.78696285438199498 0.20036514691653481 0.11879553938119898 58.765587002638831 -0.76664959955813738 -0.85496621345654067 0.0016000000000004901 -3.4263825618215002 -0.28809158118577777 -0.029795642069584457 -0.040636895664155841 1.7231098836344587
decision_type=2 2 2 2 2 2 2 2 2 2 2 2 2 2 2 2 2 2 2 2 2 2 2 2 2 2 2 2 2 2
left_child=-1 2 3 -2 5 6 15 -7 9 10 -9 -10 -13 26 -12 16 19 -18 -19 -3 27 22 -17 -23 -25 -24 -11 -15 29 -29
right_child=1 4 -4 -5 -6 7 -8 8 11 13 14 12 -14 20 -16 21 17 18 -20 -21 -22 23 25 24 -26 -27 -28 28 -30 -31
leaf_value=-0.030079873555921857 0.0097948324342753551 -0.057560967255459325 -0.028333592146275198 -0.043957826135061683 0.00064081758721106603 -0.016362978490607086 -0.011906490406750996 -0.03936754720675379 0.0022825796544768493 -0.0034459602842451032 -0.021713239170802472 -0.0069608445359089395 -0.033163628936671866 0.035850155542927219 0.023274684925100354 -0.047918333014253751 0.017729653123461479 -0.036596070907555324 0.0086115864589156634 0.0023213107847166168 0.037087466738077099 0.03511652155948574 -0.036601716977201729 0.02029113903526393 -0.054729910501973442 0.0072604833263874534 -0.04361522391230864 0.0033521051621193381 0.0064559666123580649 -0.057710518259204584
leaf_weight=77.355668585980311 45.31855309009552 10.359104931354524 44.094599366188049 7.0225792974233618 23900.940778128803 65.067179709672928 401.66807498037815 35.54206608235836 287.85252772271633 76.677700579166412 14.30850714445114 249.14936665445566 36.578050509095192 17.701401382684708 26.616464257240295 21.755639657378197 99.315299466252327 20.441824734210968 49.50206270813942 9.638367146253584 17.725868761539459 12.532211422920229 13.523589983582495 9.2637428641319293 8.1378700584173185 25.580659732222557 11.295314773917196 10.064109459519388 769.02575324475765 10.063569545745848
leaf_count=29380 106 42 152 34 58861 215 1142 146 692 196 49 663 124 31 50 96 193 71 108 23 29 20 55 18 34 69 42 27 1712 42
internal_value=0.000276538 0.000365802 -0.0115535 0.00258287 0.000409656 -0.00198274 -0.00746117 0.000311796 0.00100614 0.00390538 -0.0142597 -0.003993 -0.0103153 0.00542751 0.00754566 -0.00108537 0.00457115 0.00850191 -0.00460082 -0.028699 0.00692446 -0.0128762 -0.0222109 0.00610262 -0.0147925 -0.00790857 -0.0086035 0.0062618 0.00559811 -0.0271784
internal_weight=26384.1 26306.8 96.4357 52.3411 26210.3 2309.39 681.718 1627.67 1562.6 989.021 76.467 573.58 285.727 912.554 40.925 280.05 189.257 169.259 69.9439 19.9975 824.581 90.7937 60.8599 29.9338 17.4016 39.1042 87.973 806.855 789.153 20.1277
internal_count=94422 65042 292 140 64750 5889 1871 4018 3803 2324 245 1479 787 2079 99 729 437 372 179 65 1841 292 220 72 52 124 238 1812 1781 69
is_linear=0
shrinkage=0.03


Tree=160
num_leaves=31
num_cat=0
split_feature=16 9 6 8 8 13 16 9 6 12 3 0 8 3 12 12 1 1 14 16 3 13 1 15 8 1 3 8 6 8
split_gain=79.5117 13.6749 14.4605 26.0371 32.0286 32.0019 20.0672 17.9893 22.5384 16.4839 25.2354 19.1951 26.4848 20.3785 13.7064 13.8223 13.7484 14.5088 15.3231 13.5983 16.306 21.9553 15.2608 19.4721 17.5624 15.2659 13.8114 31.5048 58.0358 30.8039
threshold=0.099609374708175838 0.0071703983303059594 12.108174392657149 1.6587404206720964 1.2536007822214426 0.011249444691202325 0.29477780585650176 0.17641538363547937 9.2739942501044386 2.3364687879182173 5.3600000000000714 -0.011904203854124327 0.45446411322830399 0.028999999999999974 -0.58437705987146848 1.7231098836344587 -0.00033048747001940265 0.00051976854610968914 0.089341950374214482 0.1005052292243241 0.0090000000000074482 0.56635111185513376 0.002406824057097912 -0.048673866840831068 1.1985044177109743 0.02095376378735914 0.20400000000000154 0.51283230772526311 37.562752585456899 1.6128561836170705
decision_type=2 2 2 2 2 2 2 2 2 2 2 2 2 2 2 2 2 2 2 2 2 2 2 2 2 2 2 2 2 2
left_child=-1 14 3 4 5 9 -5 8 -8 10 11 -3 -13 -14 -2 16 -16 -18 -19 20 -4 22 23 24 -22 -24 29 28 -28 -21
right_child=1 2 19 6 -6 -7 7 -9 -10 -11 -12 12 13 -15 15 -17 17 18 -20 26 21 -23 25 -25 -26 -27 27 -29 -30 -31
leaf_value=-0.030077466669084705 0.027189432941331814 0.024488555734014095 -0.031911617869561579 -0.03126338052505525 -0.038432550024210796 -0.033578588153682372 0.029092443829065655 0.048373027114608003 -0.030577616558200457 -0.029920517961444806 0.038326794347028133 0.030734688947705216 -0.0019523685242550644 -0.037300565715732377 -0.031016584992158827 0.026539867174228529 0.039355803158568028 -0.029643762553014732 0.023337977702131075 0.0016730053791548442 -0.035743518538686243 0.042713073003662408 -0.044466400240170866 0.019014820002193757 0.022181162171205131 0.015969809102510092 0.010863362868202013 0.00021340933297858846 -0.030002839329278771 -0.0060326930926270011
leaf_weight=75.153371996129863 34.823831930756569 20.188949868083 23.702303469181061 7.5501335114240637 33.045244798064232 30.203031048178673 14.884046673774719 14.68244096636772 9.2300148755311966 13.904969021677969 17.024781331419945 12.735441312193869 34.740590810775757 25.417897760868073 13.270198762416838 16.641843259334564 8.2963887006044406 11.885933831334116 8.3742485418915731 15471.172038726509 16.627805903553966 8.2740909010171872 16.082052364945415 24.503916293382645 6.5730527490377417 4.9100447893142691 50.401494309306145 9852.0981110408902 82.421050325036049 481.42971148341894
leaf_count=29426 51 35 104 31 163 123 33 21 41 46 26 17 100 94 47 24 11 54 17 37499 73 16 76 65 20 15 109 24180 289 1469
internal_value=0.000736271 0.000824106 0.000783391 -0.00664732 -0.01163 -0.00588672 0.0134848 0.0221931 0.00625284 0.000857583 0.0047444 -0.00139779 -0.00856736 -0.0168875 0.0122895 0.00341519 -0.00578555 0.00593927 -0.00774454 0.000850058 -0.0101543 -0.00345439 -0.00901496 0.000364727 -0.0193328 -0.0303304 0.00089277 1.77461e-05 -0.0144955 0.00144046
internal_weight=26440.2 26365.1 26271.8 233.608 187.261 154.216 46.3466 38.7965 24.1141 124.013 110.108 93.0829 72.8939 60.1585 93.2924 58.4686 41.8268 28.5566 20.2602 26038.2 100.673 76.971 68.6969 47.7048 23.2009 20.9921 25937.5 9984.92 132.823 15952.6
internal_count=94275 64849 64645 730 604 441 126 95 74 318 272 246 211 194 204 153 129 82 71 63915 369 265 249 158 93 91 63546 24578 398 38968
is_linear=0
shrinkage=0.03


Tree=161
num_leaves=31
num_cat=0
split_feature=16 5 6 16 4 1 8 15 14 16 8 6 15 9 16 4 8 5 16 1 9 16 5 11 13 13 13 1 15 8
split_gain=77.0394 15.5725 28.1726 26.7678 47.837 23.4941 23.8698 23.6741 23.1177 21.9524 21.9922 21.6579 21.3635 21.1702 20.0604 19.9143 19.1781 31.9583 34.0029 29.5451 28.0873 35.0539 32.1668 25.8402 23.2351 49.5494 24.4268 21.8676 37.1996 19.8707
threshold=0.099609374708175838 0.019663011120225483 43.721523114007255 0.14947853861140983 10.368420643352817 0.051070732558400007 1.4614524257465309 0.18419190210482567 0.089341950374214482 0.19637865914454872 1.3705979801688806 37.357374468047773 -0.39896285631323397 0.11433472141833796 0.24731562034822993 65.473307917350397 1.2591330853355123 0.0549780009298056 0.37117013023397821 -0.037261301195850909 0.1450595690508665 0.30590512924771607 0.032561709129534488 26.845169486617561 -0.16875788943954836 -0.14673333429597812 -0.44620931948084114 0.00091583479108658949 0.0064015659352984382 1.5251241540348761
decision_type=2 2 2 2 2 2 2 2 2 2 2 2 2 2 2 2 2 2 2 2 2 2 2 2 2 2 2 2 2 2
left_child=-1 5 3 4 -3 -2 7 -7 9 10 11 -5 -4 14 -11 16 -14 20 19 -19 22 -22 24 -23 26 -26 -18 -24 -29 -27
right_child=1 2 12 8 -6 6 -8 -9 -10 13 -12 -13 15 -15 -16 -17 17 18 -20 -21 21 23 27 -25 25 29 -28 28 -30 -31
leaf_value=-0.030075171426331666 0.00064753133286311003 -0.039117019074385792 -0.041756532725544346 0.022516883980474422 0.034170383405517181 -0.012117664903826693 -0.037698322664993275 0.024027257658814458 -0.049890047225212286 -0.019024226152172939 0.054652413970446227 -0.015979993668201364 0.0072509618083867302 -0.035721831176701517 0.014409360470319842 -0.022110081856357506 0.011711921723480645 0.024475290549153497 0.018579773943111395 -0.048570747301098421 0.019003711942050992 -0.0097396047846270151 -0.0010813708569238788 0.027033907154676587 0.03847990272846432 0.0076461563170458473 -0.0099338943488321823 -0.060669673681979036 -0.010259545148626511 -0.021454727899583179
leaf_weight=72.937736248364672 23966.435039229691 43.504150003194809 9.039194777607916 32.912713080644608 9.8263698816299421 92.838346280157566 25.92083290964365 19.784279584884644 8.2676603198051435 28.706729575991631 10.433540865778921 21.906862661242485 1181.8844990357757 19.630517423152924 36.930047661066055 25.063626915216446 65.626572012901306 5.9406379312276831 13.679226838052271 30.931247159838676 169.03224669396877 89.757782809436321 45.867759317159653 21.273626573383808 43.463508546352386 95.169247463345528 164.60874825716019 20.950628623366356 35.497452437877655 27.139732733368874
leaf_count=29426 59134 171 33 63 17 281 106 38 36 94 19 68 2495 95 82 74 131 13 32 146 342 253 119 37 63 196 447 86 94 84
internal_value=0.000714249 0.000799436 0.00318227 -0.00722445 -0.0256135 0.000576322 -0.0117421 -0.00576813 -0.00104831 0.00163443 0.0147309 0.00713286 0.00426175 -0.00838801 -0.000213066 0.00446607 0.00479733 0.00129898 -0.0218155 -0.0368019 0.00280011 0.0104017 -0.00147208 -0.0026938 0.00240218 0.0109661 -0.00376394 -0.0164672 -0.0289692 0.00118882
internal_weight=26435 26362 2257.04 212.119 53.3305 24105 138.543 112.623 158.788 150.52 65.2531 54.8196 2044.93 85.2673 65.6368 2035.89 2010.82 828.938 50.5511 36.8719 778.387 280.064 498.324 111.031 396.008 165.772 230.235 102.316 56.4481 122.309
internal_count=94275 64849 5290 645 188 59559 425 319 457 421 150 131 4645 271 176 4612 4538 2043 191 159 1852 632 1220 290 921 343 578 299 180 280
is_linear=0
shrinkage=0.03


Tree=162
num_leaves=31
num_cat=0
split_feature=16 9 6 8 8 13 16 9 6 12 3 0 8 3 12 12 11 9 14 4 8 15 14 1 4 4 4 11 6 9
split_gain=74.6473 12.947 13.6413 24.6049 30.8379 30.4198 18.9241 16.8945 21.2237 15.5257 23.6938 18.094 25.1303 19.2811 12.9883 13.0956 12.961 48.0369 28.2759 34.3485 25.9793 28.8598 22.9138 28.5749 29.1273 28.2204 25.3836 25.6282 30.2892 24.4622
threshold=0.099609374708175838 0.0071703983303059594 12.108174392657149 1.6587404206720964 1.2536007822214426 0.011249444691202325 0.29477780585650176 0.17641538363547937 9.2739942501044386 2.3364687879182173 5.3600000000000714 -0.011904203854124327 0.45446411322830399 0.028999999999999974 -0.58437705987146848 1.7231098836344587 -9.8191371480387186 0.16133196956551465 -0.15679502203349188 0.12875627155963301 0.78153287650927616 -0.39896285631323397 0.0034876763514028078 -0.001424342928192601 2.2057892336635283 16.305358207986348 0.5749998382812882 -13.215254854625966 22.727272727272716 0.019295221768228302
decision_type=2 2 2 2 2 2 2 2 2 2 2 2 2 2 2 2 2 2 2 2 2 2 2 2 2 2 2 2 2 2
left_child=-1 14 3 4 5 9 -5 8 -8 10 11 -3 -13 -14 -2 -16 17 18 19 -4 21 -21 23 24 26 -26 27 28 -20 -25
right_child=1 2 16 6 -6 -7 7 -9 -10 -11 -12 12 13 -15 15 -17 -18 -19 22 20 -22 -23 -24 29 25 -27 -28 -29 -30 -31
leaf_value=-0.030072944350194614 0.026508172464000605 0.023768774661610634 0.023939747554467913 -0.030564427271844788 -0.037904066005334025 -0.032882325477803911 0.028042450890388995 0.046851678316389943 -0.029975320482249636 -0.029050330522998664 0.037108043689242483 0.030276871930379708 -0.0019135860982520819 -0.036342401956456202 -0.0056461862985189579 0.025909257122105917 0.00050778703312589991 -0.024562404369985542 0.02264672720034823 0.0069605867089657424 -0.0022178723752805918 -0.031879582029841258 0.00063864538468869341 -0.0089370428067913222 -0.011571005907407547 0.013001387964465016 0.0090622933178806774 0.0085756030412636585 -0.016287232913439472 0.0092584909660984802
leaf_weight=70.787263146135956 34.624826163053513 20.160253465175629 28.818537682294846 7.4967034310102454 32.525488182902336 29.9390639513731 14.966473460197449 14.698059365153311 9.1403292939066887 13.901182577013968 17.047117561101913 12.535113632678984 34.73406994342804 25.305155575275421 41.718289121985435 16.52483706176281 21853.531155154109 58.933339565992355 20.913519933819771 22.520038053393364 132.48906275629997 73.125921472907066 1621.1246338710189 70.367075517773628 220.62543189525604 51.973209828138351 438.20990467071533 103.82870034873486 128.35671496391296 1209.3755422011018
leaf_count=29426 51 35 49 31 163 123 33 21 41 46 26 17 100 94 129 24 53825 257 38 48 342 233 3995 179 624 113 963 228 368 2653
internal_value=0.000692872 0.000775492 0.000735959 -0.00649933 -0.0113672 -0.00574868 0.013071 0.0215009 0.00604445 0.000819378 0.00460165 -0.0013739 -0.00835823 -0.0164245 0.0119572 0.00330678 0.00080056 0.00233097 0.00271549 -0.00692112 -0.0108195 -0.0227346 0.00335619 0.00531973 0.0014187 -0.00688607 0.00469346 -0.00287065 -0.0108324 0.008258
internal_weight=26430.3 26359.5 26266.6 232.449 186.147 153.622 46.3016 38.8049 24.1068 123.683 109.782 92.7346 72.5743 60.0392 92.868 58.2431 26034.2 4180.66 4121.73 256.954 228.135 95.646 3864.77 2243.65 963.907 272.599 691.309 253.099 149.27 1279.74
internal_count=94275 64849 64645 730 604 441 126 95 74 318 272 246 211 194 204 153 63915 10090 9833 672 623 281 9161 5166 2334 737 1597 634 406 2832
is_linear=0
shrinkage=0.03


Tree=163
num_leaves=31
num_cat=0
split_feature=16 5 6 2 1 8 15 1 4 11 9 11 14 13 9 8 1 6 1 9 5 9 8 5 13 13 15 5 9 1
split_gain=72.3329 14.7361 26.5638 24.3248 22.0826 22.7732 22.2618 20.6849 23.3807 22.2535 21.8228 24.4989 21.2305 29.7145 18.0291 21.2051 17.6818 35.0618 48.2779 31.0805 30.3179 31.6643 27.3476 25.7797 24.7414 42.8493 24.0508 22.1663 20.689 19.1325
threshold=0.099609374708175838 0.019663011120225483 49.726775956284136 0.0095598287702023544 0.051070732558400007 1.4614524257465309 0.18419190210482567 -0.040636895664155841 65.473307917350397 9.8266589227546302 0.22312426493641338 19.833461623533449 -0.11982381350867949 -0.064839479599722985 0.079648625848114898 1.2873238371923819 0.0034532086754196505 73.3636269780189 -0.012692679913887893 0.15517203536867427 0.032561709129534488 0.078844362938513171 1.0309436352302479 0.039838890879744203 0.76401810464532782 -0.21192722012388968 -0.17275947612688933 0.034521243015698359 0.067707820545920325 0.0019979289787300796
decision_type=2 2 2 2 2 2 2 2 2 2 2 2 2 2 2 2 2 2 2 2 2 2 2 2 2 2 2 2 2 2
left_child=-1 4 3 -3 -2 6 14 -4 10 -10 12 -12 13 -9 -6 -16 17 18 28 20 26 23 -21 27 25 -23 -18 -22 -14 -20
right_child=1 2 7 -5 5 -7 -8 8 9 -11 11 -13 16 -15 15 -17 19 -19 29 22 21 24 -24 -25 -26 -27 -28 -29 -30 -31
leaf_value=-0.030070783417058409 0.00060428934909543565 -0.0028102207129485791 0.038243742331994755 -0.035842333650625863 0.0061697022251347815 -0.036915122193979542 0.023271413369713764 -0.0021986754168917912 -0.050856336905514894 0.0075660973442487223 -0.027808688513838491 0.012434596458613001 -0.045134317222896424 -0.052756308323900242 -0.033802377616249615 0.0043446432273864721 -0.028357925783388679 -0.0013982375188380167 0.015756194793713492 -0.053144153038488705 -0.049944908368839872 -0.010100341009466312 0.016735134720562015 0.032506389343187891 0.0163414135360028 -0.050194926058454242 0.0050169100560110971 0.0051021748195399473 -0.0008491252704398367 0.034374054605253945
leaf_weight=68.700045489007607 23964.159905262291 285.14728457480669 16.084529861807823 21.582708761096001 32.66212959587574 25.677130617201328 19.800653129816055 118.74835939705372 13.479841604828836 10.391284063458441 38.177051521837711 21.160805433988571 10.958216235041617 11.473441407084463 40.740685172379017 19.340724155306816 20.005077004432678 181.16488040983677 328.48676143586636 5.1868003606796256 8.5287593752145749 71.85882006585598 178.57955844700336 23.766023024916649 16.138607040047646 36.010946303606033 679.2632617354393 28.867391318082809 71.071292102336884 58.528087675571442
leaf_count=29426 59134 807 27 90 79 106 38 291 52 21 181 55 41 44 149 53 62 432 630 22 31 190 343 33 29 135 1442 62 192 78
internal_value=0.000672151 0.000752283 0.00307157 -0.00513449 0.000535325 -0.0114213 -0.0056049 0.00436373 0.00408164 -0.0254246 0.0044508 -0.0134573 0.00502562 -0.00665315 -0.01177 -0.0215225 0.00591064 0.00981115 0.0141407 0.00353643 0.00120385 -0.00958993 0.0147628 0.0080747 -0.0183023 -0.0234854 0.0040621 -0.00745215 -0.00676513 0.0185718
internal_weight=26425.7 26357 2254.66 306.73 24102.4 138.221 112.544 1947.93 1931.85 23.8711 1907.97 59.3379 1848.64 130.222 92.7435 60.0814 1718.41 650.209 469.044 1068.21 884.439 185.171 183.766 61.1622 124.008 107.87 699.268 37.3962 82.0295 387.015
internal_count=94275 64849 5290 897 59559 425 319 4393 4366 73 4293 236 4057 335 281 202 3722 1373 941 2349 1984 480 365 126 354 325 1504 93 233 708
is_linear=0
shrinkage=0.03


Tree=164
num_leaves=31
num_cat=0
split_feature=16 5 6 3 16 4 9 14 12 12 16 5 14 3 16 16 6 9 4 3 9 4 6 9 3 8 11 0 9 9
split_gain=70.0933 13.886 25.2338 28.8917 29.0475 44.7934 24.6508 29.6972 25.9201 29.974 21.8984 19.1109 29.1752 29.052 24.5526 38.1812 19.4672 18.6982 18.5103 19.8857 37.3722 39.0505 25.1081 23.0568 30.8168 22.0486 28.1706 21.0892 19.9919 30.4806
threshold=0.099609374708175838 0.019663011120225483 43.721523114007255 1.9199999999999735 0.14947853861140983 10.368420643352817 0.056219142978437345 0.040969451308111728 -0.94047799329589787 -0.49899225691572652 0.19123774505907107 0.015647184930269804 0.093416111209245825 0.08699999999999998 0.11608585813665863 0.11801468667731088 69.994864872060774 0.16826729082782668 65.473307917350397 0.015030000000000295 0.063448918266985649 0.93548386945888751 71.461813130309963 0.052067590695199971 0.041999999999999878 1.0730885336129179 2.0364055943637331 0.008188364816021922 0.067707820545920325 0.089302500053424591
decision_type=2 2 2 2 2 2 2 2 2 2 2 2 2 2 2 2 2 2 2 2 2 2 2 2 2 2 2 2 2 2
left_child=-1 11 3 4 5 -3 -6 8 -8 -10 -11 -2 14 16 -13 -16 -14 -17 19 28 22 25 -21 27 -25 26 -22 -24 -4 -30
right_child=1 2 18 -5 6 -7 7 -9 9 10 -12 12 13 -15 15 17 -18 -19 -20 20 21 -23 23 24 -26 -27 -28 -29 29 -31
leaf_value=-0.030068686634791078 0.00069371137086550894 -0.037356078919332604 -0.0011912876888586596 -0.049146571095155682 0.01956169526079914 0.03448326644043298 0.033499248633484524 -0.048336742152124947 -0.048624986469243785 0.030811927589525015 -0.010951107302487195 -0.019258017778366155 -0.027930192261777675 -0.04260530283782598 0.037627185985019615 -0.0010633907217061892 0.0088392378905097508 -0.037745795688209849 -0.021365456309650865 0.013302190045631202 0.0029971996439379991 -0.0081044798297793506 -0.014920802290016017 -0.078236775369046871 0.014224718316479463 0.0073383178458251395 -0.032277030492833404 -0.081200919689138298 0.022326345427453591 0.0066563030669103069
leaf_weight=66.67423127067741 23116.241031765938 40.826129034161568 154.38553643226624 13.6213471442461 51.235718324780464 9.6596875488758069 16.944331228733063 13.017869651317595 13.150943934917448 16.373140349984169 36.467608399689198 68.384417355060577 22.366650834679604 32.569634273648262 22.917938470840454 795.98520921170712 30.81025518476963 12.70585362613201 25.560157269239426 325.95294964313507 59.944650039076805 408.28966725617647 19.355325147509578 3.5364383161067954 39.258837163448334 411.64491503685713 30.869241282343864 5.5621051639318457 154.69074003398418 402.16589547693729
leaf_count=29426 57003 161 353 64 98 16 32 59 59 34 122 216 76 124 33 1987 63 57 76 618 137 1131 49 15 71 941 100 24 254 876
internal_value=0.000652064 0.000729785 0.00298234 -0.00688675 -0.00397472 -0.0236107 0.00276039 -0.00621086 0.000401336 -0.00809704 0.00198951 0.000519266 -0.00357158 -0.0202924 -0.00197851 -0.000557592 -0.00662629 -0.00163973 0.00400394 0.00432564 0.00212533 -0.00121317 0.00984899 -0.00677389 0.00658405 0.00438659 -0.00899313 -0.0297159 0.00836101 0.0110093
internal_weight=26421.2 26354.5 2252.51 211.297 197.675 50.4858 147.19 95.9539 82.936 65.9917 52.8407 24102 985.74 85.7465 899.993 831.609 53.1769 808.691 2041.22 2015.66 1304.41 910.748 393.666 67.7127 42.7953 502.459 90.8139 24.9174 711.242 556.857
internal_count=94275 64849 5290 645 581 177 404 306 247 215 156 59559 2556 263 2293 2077 139 2044 4645 4569 3086 2309 777 159 86 1178 237 73 1483 1130
is_linear=0
shrinkage=0.03


Tree=165
num_leaves=31
num_cat=0
split_feature=11 9 3 7 11 13 9 12 0 9 6 1 12 3 9 12 9 5 3 9 5 1 14 3 6 4 5 14 4 3
split_gain=19.3751 19.4098 19.4666 24.4433 14.4964 41.8135 31.1514 29.3699 28.3206 21.4286 27.2635 34.5688 23.6309 21.6609 22.6046 20.3367 20.0369 23.2591 20.8713 41.4743 34.9165 25.6771 38.9697 25.7884 24.5283 29.503 25.7011 23.8148 23.5786 25.3594
threshold=-31.657689551277418 0.033581999440356801 0.0029050000000001718 -0.74999999999999989 -16.438356164383617 -0.53854707578091898 0.06437801344216719 -0.94047799329589787 0.0054376457591280855 0.054414240567485291 74.407582938388728 0.0088045897841100302 -0.28227557393826458 176.20000000000439 0.020286915444824596 -0.66986743089370304 0.0087269177344521543 -0.0010383166355617322 0.75049999999998829 0.040841619039897852 -0.01127570327485696 0.020361082997276906 0.045595808386109361 0.67000000000004445 25.468759701353481 2.4666662966667672 0.045132434542764888 0.18993739655770875 0.47326997289722089 1.083500000000001
decision_type=2 2 2 2 2 2 2 2 2 2 2 2 2 2 2 2 2 2 2 2 2 2 2 2 2 2 2 2 2 2
left_child=1 2 -1 -4 5 -2 7 -7 9 10 11 13 -11 -9 -15 16 17 -6 21 20 -20 23 -23 -18 25 -21 -26 28 29 -22
right_child=4 -3 3 -5 15 6 -8 8 -10 12 -12 -13 -14 14 -16 -17 18 -19 19 24 27 22 -24 -25 26 -27 -28 -29 -30 -31
leaf_value=0.045278673193741639 -0.015605329082934395 -0.022783737493654966 0.046063778432353687 -0.026041719520970567 -0.036142858402717144 0.013726229264328866 0.010722305780123726 -0.00039908864790593655 0.015337045643886042 -0.02594845525037702 0.013911264609037426 -0.052233968256526812 0.0097865533429793532 0.0045965555998238334 -0.039696095012402927 0.00083289501331510016 -0.0011642287410566379 0.028845666675207417 0.024414661887034696 0.024512661120414517 -0.056294248790375347 0.021706138448734046 -0.021855585598086334 0.018741460992299886 -0.015172446439573392 -0.034821914556629197 0.049284573327644361 -0.046213557217494344 -0.0046747743076598503 0.010904929055017117
leaf_weight=8.3929366210941243 98.177896496141329 62.248636443982832 5.6235476403962847 17.089757450507022 5.7742871856316915 150.58813987497706 498.69492412556428 509.73172173066996 89.005742420325987 63.802457033423707 97.598552169045433 12.679708727286195 22.537819918710738 16.994303282117471 26.60329456999898 19710.003345869132 3618.2599332786631 34.98922902776394 47.284872766933404 30.962851030752063 5.2292094099102533 96.028928371029906 22.887571763712913 59.538799574715085 406.39786504779477 9.9708919972181302 5.6447380457539102 10.911868334631434 506.2794586281525 151.03570987249259
leaf_count=12 432 275 10 69 54 468 1461 1769 234 269 183 93 70 47 128 67776 14957 124 172 74 51 369 123 172 1925 40 10 79 2286 586
internal_value=0.000529014 -0.0131138 0.00623721 -0.00818924 0.000577427 0.00335738 0.00460833 0.0015271 -0.000662581 -0.00256146 -0.000732288 -0.00325732 -0.0166204 -0.002135 -0.0224309 0.000399031 -0.00130744 0.0196398 -0.00147923 -0.00497564 -0.000504918 -0.000398355 0.0133219 -0.000841981 -0.0120891 0.0100596 -0.0142894 -0.00225458 -0.00153059 0.00865619
internal_weight=26401 93.3549 31.1062 22.7133 26307.6 1586.41 1488.24 989.542 838.954 749.948 663.608 566.009 86.3403 553.329 43.5976 24721.2 5011.2 40.7635 4970.43 1173.72 720.741 3796.72 118.917 3677.8 452.976 40.9337 412.043 673.456 662.544 156.265
internal_count=94318 366 91 79 93952 5154 4722 3261 2793 2559 2220 2037 339 1944 175 88798 21022 178 20844 5223 3174 15621 492 15129 2049 114 1935 3002 2923 637
is_linear=0
shrinkage=0.03


Tree=166
num_leaves=31
num_cat=0
split_feature=16 11 9 14 3 5 12 5 9 5 5 5 9 16 2 12 12 15 2 13 3 1 6 5 3 5 15 8 16 14
split_gain=67.4109 18.3602 18.3503 15.9423 14.1334 24.1599 23.3978 37.0214 26.5495 20.0988 32.5736 48.7242 37.128 35.3142 41.4192 33.6077 41.2471 27.9416 26.6215 25.8598 25.5708 24.75 22.6905 22.6332 22.997 22.3453 24.7195 21.1537 23.6331 30.7372
threshold=0.099609374708175838 -31.657689551277418 0.033581999440356801 0.035539361188090084 0.88000000000006662 0.039838890879744203 0.10209168802377554 0.0070560592066732705 0.082790194226277231 0.00096015928689722346 0.0085778979501554675 0.0082244298038063168 0.021796691463682228 0.3185019986948649 0.0062117360063628233 -0.68300603228287204 -0.010876276000787123 0.16498802051700681 -0.0091290043942349967 -0.60421492448542791 2.0100000000000056 0.0017961041290258664 83.16173287749892 0.0073638165476415133 0.97400000000000209 0.0028229845358575686 -0.14194210289878106 0.97940998200614604 0.20872985238839831 0.030211894551820762
decision_type=2 2 2 2 2 2 2 2 2 2 2 2 2 2 2 2 2 2 2 2 2 2 2 2 2 2 2 2 2 2
left_child=-1 2 3 -2 -3 6 8 -8 9 -6 11 12 21 14 18 17 23 19 -12 -14 -15 -11 -22 24 -17 -21 -27 -23 29 -29
right_child=1 4 -4 -5 5 -7 7 -9 -10 10 13 -13 15 20 -16 16 -18 -19 -20 25 22 27 -24 -25 -26 26 -28 28 -30 -31
leaf_value=-0.030066665243971946 0.017975414257766036 0.0010735529052590552 -0.02215846227844585 -0.032820556086953431 0.00075758726503494093 0.023302677008272023 0.0028605973353110548 -0.005015675332727643 -0.0097120510697471605 0.0060157670418793229 -0.051456935622806871 -0.04844194806933224 0.020102264770211108 -0.028624442410195336 -0.029736335772444177 0.025186866823655618 -0.036608323413442959 -0.058822645727633807 0.0020084537748007196 -0.038799415735532521 0.03165498019286242 -0.020212055335684494 -0.011374552182638012 0.013660332167948182 -0.0077595192897287803 -0.040048405772960406 -0.0069998406331883813 0.01547755231765372 0.037448586114051316 -0.062986819041990202
leaf_weight=64.719658466405235 23.790204793214802 18798.544218473136 61.917542584240437 7.257046476006507 1940.1516263782978 38.274043619632721 2659.6874529793859 673.00426000356674 376.22125212848186 287.69502410292625 8.5194284766912443 24.764128237962723 15.306016415357588 9.0558111518621427 42.225047379732132 20.122349560260773 36.272711277008057 15.787228062748907 518.29220077395439 44.661233365535736 66.89476902782917 71.623921640217304 13.20697310566902 60.850000843405724 363.7889046818018 25.841657936573029 96.189541667699814 12.320193603634836 14.545162826776503 7.0727539509534827
leaf_count=29429 45 46261 216 26 4820 78 6066 1694 1254 613 37 93 31 29 143 34 122 65 1258 160 104 207 34 125 947 95 263 23 17 29
internal_value=0.000513173 0.000588328 -0.0127203 0.00610226 0.000635477 -0.00047105 -0.000593943 0.00127006 -0.00211974 -0.00134674 -0.00367303 -0.00683907 -0.00587808 0.00160299 -0.00114762 -0.0101274 -0.00584711 -0.0205375 0.00114383 -0.0172165 0.0191584 0.00145689 0.0245604 -0.00333837 -0.00603267 -0.0206432 -0.0139983 -0.0109677 0.00854178 -0.013139
internal_weight=26398.6 26333.9 92.9648 31.0473 26240.9 7442.37 7404.1 3332.69 4071.41 3695.19 1755.04 1096.84 1072.08 658.194 569.037 678.82 481.034 197.786 526.812 181.998 89.1576 393.257 80.1017 444.761 383.911 166.692 122.031 105.562 33.9381 19.3929
internal_count=94318 64889 287 71 64602 18341 18263 7760 10503 9249 4429 2824 2731 1605 1438 1842 1228 614 1295 549 167 889 138 1106 981 518 358 276 69 52
is_linear=0
shrinkage=0.03


Tree=167
num_leaves=31
num_cat=0
split_feature=11 9 3 8 11 13 9 12 0 9 6 1 12 3 9 9 0 11 12 8 1 1 14 3 5 9 8 3 3 15
split_gain=17.2405 17.3203 18.3389 18.5187 13.7077 39.3922 29.2729 27.7315 26.5686 20.1905 25.7202 32.4748 22.2569 20.3381 21.0957 19.6628 23.4391 19.3496 18.7449 19.0306 23.0203 21.2737 40.5283 22.4453 21.3528 27.832 33.1296 28.3041 30.9812 26.6984
threshold=-31.657689551277418 0.033581999440356801 0.0029050000000001718 0.68284331152624678 -16.438356164383617 -0.53854707578091898 0.06437801344216719 -0.94047799329589787 0.0054376457591280855 0.054414240567485291 74.407582938388728 0.0088045897841100302 -0.28227557393826458 176.20000000000439 0.020286915444824596 0.036299230913337824 0.0051266925097103186 -17.884298904626238 -0.66986743089370304 1.8608848829211784 0.0086399288190357488 0.020361082997276906 0.045595808386109361 0.34000000000001768 0.019663011120225483 0.067203062868960592 0.4888415077034558 468.15000000000151 0.27999999999998521 -0.32432589545883256
decision_type=2 2 2 2 2 2 2 2 2 2 2 2 2 2 2 2 2 2 2 2 2 2 2 2 2 2 2 2 2 2
left_child=1 2 -1 -4 5 15 7 -7 9 10 11 13 -11 -9 -15 16 -2 -14 19 21 -21 24 23 -23 25 -6 -27 28 -28 -30
right_child=4 -3 3 -5 18 6 -8 8 -10 12 -12 -13 17 14 -16 -17 -18 -19 -20 20 -22 22 -24 -25 -26 26 27 -29 29 -31
leaf_value=0.043854127941231787 -0.059834644619788629 -0.02158460466097125 -0.039993584671773642 0.014944244885985716 -0.0010836666995335564 0.013330898138843229 0.010385622564411407 -0.00039703532661778182 0.014851867711956172 -0.025197110791261152 0.013532263369273018 -0.050597734075447251 -0.011930961032806929 0.0043752547434057184 -0.038420303929273959 -0.0079817387105833842 0.0091406123885672454 0.045578423840181591 0.00078642170988419725 0.030891058815629799 -0.028389883750606831 0.023440526567182995 -0.023413000960429267 -0.027267824454419033 0.0048366126087247161 0.025095095097584678 -0.0058022355449099698 0.049947259412069518 0.039110333699411699 -0.022984351866584412
leaf_weight=8.362387297907846 15.636808561743239 61.829977671150118 9.5193953866837564 13.151055815047583 3454.3870586947305 150.47100435034372 498.89132581185549 509.67156220646575 88.885422181454487 63.785817403462715 97.261809512740001 12.700789340073241 14.135794773232194 16.983601453248411 26.608114790404215 76.245261299307458 6.1889874120242885 8.3910793431568873 19706.772617124952 31.298842533957213 7.263774115825071 92.902464940561913 25.113909270963632 8.5818384459707868 405.96963900269475 28.455376997357234 790.95377496350557 7.5902921761153257 6.5017910201568148 150.1150007074466
leaf_count=12 115 275 48 31 14733 468 1461 1769 234 269 183 93 56 47 128 290 27 14 67776 84 41 344 139 58 1504 57 3240 17 15 790
internal_value=0.000497814 -0.0124057 0.00588225 -0.00812433 0.000543372 0.00324713 0.00446106 0.00147216 -0.000656119 -0.00249516 -0.000718911 -0.003168 -0.0161439 -0.00207919 -0.0217469 -0.0151688 -0.0402758 0.00949082 0.00036989 -0.00126882 0.0197247 -0.00143169 0.0107085 0.0191525 -0.00174898 -0.0023514 -0.00680357 -0.00775387 -0.00821607 -0.0204066
internal_weight=26394.6 92.8628 31.0328 22.6705 26301.8 1585.86 1487.79 988.895 838.424 749.539 663.226 565.964 86.3127 553.263 43.5917 98.0711 21.8258 22.5269 24715.9 5009.13 38.5626 4970.57 126.598 101.484 4843.97 4438 983.616 955.161 947.571 156.617
internal_count=94318 366 91 79 93952 5154 4722 3261 2793 2559 2220 2037 339 1944 175 432 142 70 88798 21022 125 20897 541 402 20356 18852 4119 4062 4045 805
is_linear=0
shrinkage=0.03


Tree=168
num_leaves=31
num_cat=0
split_feature=11 3 8 9 4 6 4 6 15 5 12 7 8 11 6 15 8 9 11 9 3 15 8 6 14 6 13 15 8 11
split_gain=16.2703 16.9712 19.8276 21.9151 19.0549 17.265 28.8638 14.4248 13.6208 20.2642 23.6001 19.424 33.8261 30.5954 25.8555 20.974 20.8126 24.4634 20.41 20.403 23.3579 21.6632 21.0477 21.6135 19.9714 19.9205 21.0667 37.0557 20.6051 21.7161
threshold=-31.657689551277418 0.001199999999999986 0.64870283216911839 0.024280022137659934 0.88764044395279484 72.745490981964011 1.1489361084880025 42.727076620360769 -0.014184944955900126 -0.051750064509624188 -0.25882246688701432 -0.74999999999999989 1.2396999871200636 13.673968876928035 50.89156732464491 -0.030607878086921919 1.7950459958334704 0.12964648059896342 10.335272311817279 0.02734746896019687 27.129999999999885 -0.14529211227109581 1.3705979801688806 42.325581395348863 0.057816304024757327 19.607505303982347 -0.36988880232287141 -0.038195812120304179 0.56859726733907934 1.2387948822295549
decision_type=2 2 2 2 2 2 2 2 2 2 2 2 2 2 2 2 2 2 2 2 2 2 2 2 2 2 2 2 2 2
left_child=1 -1 7 -4 -5 6 -6 -3 11 10 -10 12 13 14 25 -16 19 18 -18 20 -14 22 23 -21 -15 -2 27 28 -27 -30
right_child=8 2 3 4 5 -7 -8 -9 9 -11 -12 -13 16 24 15 -17 17 -19 -20 21 -22 -23 -24 -25 -26 26 -28 -29 29 -31
leaf_value=0.013556267548243503 0.012105827780347723 0.0014213048633627439 0.034359428846531287 -0.049824492677384771 0.035347746931817685 0.034017376496790257 -0.03930252816933677 -0.054940126455487688 -0.00090142833976051466 0.0012453060419568463 0.033361229539866893 0.0004486557324643278 0.023912154632837176 -0.010847455143252849 0.011813049107230371 -0.058356098420931965 0.026588424454774235 0.056084203590163563 -0.043767278137647823 -0.034414634065543251 -0.020819987713431007 -0.025702359174739918 0.0016731579986002838 -0.001055713452682193 -0.05838263403145242 0.022680314718655382 0.00011129075187662364 0.018314360560229889 -0.01584360990184823 -0.0021219101537609045
leaf_weight=18.586258532595821 97.576169010484591 5.3335065525025156 8.9997278031660226 11.662744091940111 6.5375133606139633 7.7248726412653914 16.24535055749584 17.484637470101006 34.339833882637322 10595.57120405708 38.242492146790028 12908.844767492148 26.055795494117774 167.90754368796479 188.76594259752892 3.913289990858174 7.7022998044267315 8.6769679428543878 7.1612803280586377 42.104181037400849 17.604141687159427 120.93584594142158 81.853383620618843 29.888892834889702 8.3502570521086437 17.163213669555262 1401.5677300796378 47.231236385996453 283.27162636583671 163.84055337915197
leaf_count=51 208 15 17 72 13 13 95 90 135 36965 77 45983 116 810 991 38 32 18 55 220 93 813 425 208 58 46 4812 137 1078 634
internal_value=0.000482917 -0.0120719 -0.0185098 -0.00813915 -0.0172089 -0.00474034 -0.0178817 -0.0417662 0.000527111 0.00135352 0.017151 -3.69356e-05 -0.00234017 -0.00107226 -0.000110135 0.0103879 -0.0111626 0.0160575 -0.00730899 -0.0131748 0.00587569 -0.0162017 -0.00873339 -0.0205652 -0.0130994 -0.00111616 -0.00179054 -0.00700171 -0.00957715 -0.0108154
internal_weight=26391.1 92.5746 73.9884 51.1702 42.1705 30.5077 22.7829 22.8181 26298.6 10668.2 72.5823 15630.4 2721.57 2379.59 2203.33 192.679 341.983 23.5405 14.8636 318.442 43.6599 274.782 153.846 71.9931 176.258 2010.65 1913.07 511.507 464.275 447.112
internal_count=94318 366 315 210 193 121 108 105 93952 37177 212 56775 10792 8812 7944 1029 1980 105 87 1875 209 1666 853 428 868 6915 6707 1895 1758 1712
is_linear=0
shrinkage=0.03


Tree=169
num_leaves=31
num_cat=0
split_feature=16 11 3 8 4 13 14 3 5 12 5 0 0 5 13 13 12 1 1 0 13 8 13 8 3 5 16 14 4 1
split_gain=65.246 15.4623 16.0723 18.7693 16.9152 28.9703 21.112 13.1451 22.5212 21.8694 34.7737 23.1391 28.901 20.1681 21.1542 25.0608 20.0061 19.6142 24.356 18.9538 39.8114 24.6882 23.4115 22.6239 20.5627 23.0608 29.7256 24.4351 23.8874 19.8736
threshold=0.099609374708175838 -31.657689551277418 0.001199999999999986 0.64870283216911839 0.64285713822115953 -0.18655124144319887 -0.032660431917995912 0.88000000000006662 0.039838890879744203 0.10209168802377554 0.0070560592066732705 -0.0080528680717742978 -0.0076934951979191193 0.0064505061223347065 -0.36476066561162279 -0.39175741861660773 3.2779003812715839 -0.0063143727122112461 -0.0094260993460627534 0.0058810271786104993 -0.21376260523622712 0.84181546863187606 -0.14429459878302373 0.68284331152624678 1.6300000000000099 0.0012814676686774471 0.11700375425489921 0.046844190750399438 0.52688234718476668 0.0047119585217363378
decision_type=2 2 2 2 2 2 2 2 2 2 2 2 2 2 2 2 2 2 2 2 2 2 2 2 2 2 2 2 2 2
left_child=-1 2 -2 -4 -5 6 -6 -3 9 11 -11 13 -13 14 15 17 -12 18 -9 24 21 23 -22 -21 25 28 -27 -28 -14 -29
right_child=1 7 3 4 5 -7 -8 8 -10 10 16 12 19 -15 -16 -17 -18 -19 -20 20 22 -23 -24 -25 -26 26 27 29 -30 -31
leaf_value=-0.030064729221215485 0.013196014069171832 0.0010068597694624496 -0.040741262766666619 -0.040086131186450123 0.041508066441079891 -0.031535616244897251 -0.017372499517941981 -0.012511544820984672 0.022469409274472548 0.0027425831940513408 -0.0064885373364728903 0.024845620252854788 -0.024970924233267373 -0.033208802457419667 -0.021364866032292526 0.033661546914854124 0.011859817919732013 -0.035398236657783966 0.038254536815767008 -0.030269035222177998 0.017876572737978838 -0.017918061676090592 -0.024001921368290238 0.0073171442591719064 -0.00019853223087998266 0.0157119407363846 -0.024292723820950716 0.011124069293875499 0.0020725421354006244 -0.042736278650057434
leaf_weight=62.837293907417916 18.572011083364487 18794.561193309724 22.665745913982391 11.39977106451988 16.144668474793438 14.914718769490717 8.2972592823207361 25.40432138741016 38.276760518550873 2658.5742201507092 614.39065611362457 36.801523856818676 33.374243602156639 35.304722011089325 56.389025509357452 18.147363409399986 58.581881254911423 15.643086418509482 12.786577671766283 17.744108751416206 68.746582582592964 232.89935678243637 14.558210976421831 76.775161877274513 2964.4479536935687 26.15886053442955 144.81824781000614 34.891392901539803 246.599604845047 7.489068701863288
leaf_count=29429 40 46261 86 46 24 62 29 78 78 6066 1577 73 104 133 187 31 117 58 20 57 157 821 52 169 7353 56 451 72 604 27
internal_value=0.000468438 0.00054132 -0.0117364 -0.018043 -0.00790694 0.00141387 0.02152 0.000584375 -0.000483058 -0.000601772 0.00120053 -0.00207744 -0.0016143 -0.0131281 -0.00760546 0.00317343 -0.00489132 -0.00710407 0.00448529 -0.00186601 -0.00795888 -0.0126701 0.010558 0.000261088 -0.00114229 -0.00681335 -0.0142434 -0.0184293 -0.00115117 0.00160639
internal_weight=26388.2 26325.4 91.9942 73.4222 50.7564 39.3566 24.4419 26233.4 7438.8 7400.53 3331.55 4068.98 3905.3 163.675 128.37 71.9813 672.973 53.834 38.1909 3868.5 410.723 327.419 83.3048 94.5193 3457.78 493.331 213.358 187.199 279.974 42.3805
internal_count=94318 64889 287 247 161 115 53 64602 18341 18263 7760 10503 9996 507 374 187 1694 156 98 9923 1256 1047 209 226 8667 1314 606 550 708 99
is_linear=0
shrinkage=0.03


Tree=170
num_leaves=31
num_cat=0
split_feature=16 5 9 8 8 6 6 7 5 8 9 5 15 6 8 9 9 5 8 6 8 3 2 8 5 1 3 4 15 13
split_gain=62.8681 15.2119 17.3188 21.0496 17.8994 19.3017 18.5832 22.1738 15.9512 28.9019 19.5219 44.4821 41.202 29.5951 27.3795 25.7494 39.5679 40.6669 49.1974 45.0491 42.0672 57.4813 39.2658 33.3235 64.4168 29.2179 27.9769 27.0624 30.2407 24.1546
threshold=0.099609374708175838 -0.063005129673424379 0.22312426493641338 2.3140571432668247 0.89416406014995675 90.569935385323291 14.084507042253572 -0.74999999999999989 0.019663011120225483 1.6128561836170705 0.15517203536867427 -0.029575493303887694 -0.12968793194304332 85.12447712056894 1.120259200203199 0.12657912707229704 0.099533449105309271 -0.022724266189096658 0.63738377481367525 30.964736153651547 1.1129772828505498 157.5499999999993 0.010062181135493292 0.90741249453417427 0.0029418326975017722 0.0089808748990932736 0.23145000000000063 0.36251520672323528 -0.21641403858794458 -0.16280677925505638
decision_type=2 2 2 2 2 2 2 2 2 2 2 2 2 2 2 2 2 2 2 2 2 2 2 2 2 2 2 2 2 2
left_child=-1 -2 3 8 -4 6 -6 -8 10 -10 15 12 -12 -13 -14 16 -3 20 -19 26 -18 27 -17 24 25 -21 -20 -22 -29 -28
right_child=1 2 4 -5 5 -7 7 -9 9 -11 11 13 14 -15 -16 22 17 18 19 23 21 -23 -24 -25 -26 -27 29 28 -30 -31
leaf_value=-0.030062792756796242 0.010791126660536981 0.00038238663285880607 0.035047485170042261 0.018594270024137053 0.017034370679353573 0.018043217321496007 0.020760322514562175 -0.02784539936389166 0.003830083820726349 -0.009359757805238015 -0.022418108406006859 -0.024617475182768786 -0.024465186536830441 0.018686138604840301 0.015282332238755032 0.0094285756057761825 0.015186779880970419 0.021412983060874156 -0.027041594992902714 -0.027405859408996456 -0.04231344514183831 0.068268876762233782 -0.012381073302655924 -0.0021399570811568044 -0.060386717985340135 0.01334631074269968 -0.018814453604303685 0.020255498672964046 -0.014816681258166233 0.016432894122129414
leaf_weight=61.043539648060687 126.6121421828866 21733.138736627996 7.2359297946095458 57.234895192086697 11.906858980655668 15.161785796284674 9.421513654291628 81.673465609550476 2004.0046114996076 161.5714226514101 45.481766238808632 126.26119766384363 17.807020641863346 16.004615753889084 125.68586576730013 524.24453834444284 152.39626154303551 46.020662441849709 184.23082749545574 29.420019224286079 22.064296871423721 8.5593531131744367 86.562501974403858 444.33883483707905 27.5348791629076 34.287886962294579 45.230210945010185 29.405757799744606 89.380571231245995 28.538726612925529
leaf_count=29466 280 52990 19 128 29 28 33 382 4535 472 167 512 71 29 315 1292 348 75 685 97 94 7 288 1229 113 72 157 71 319 71
internal_value=0.000346974 0.00041758 0.000367382 0.000420944 -0.0107548 -0.0135595 -0.0182114 -0.0228183 0.00038091 0.002846 0.000156766 -0.00707541 0.00246332 -0.0197459 0.0103498 0.00025877 9.64461e-05 -0.00534804 -0.00874311 -0.0104919 0.00409678 -0.00721487 0.00633775 -0.00553094 -0.0220445 -0.00547285 -0.0207903 -0.0118019 -0.0061345 -0.00517844
internal_weight=26352.5 26291.4 26164.8 26039.4 125.4 118.164 103.002 91.095 25982.2 2165.58 23816.6 331.24 188.975 142.266 143.493 23485.4 22874.5 1141.41 839.602 793.581 301.806 149.41 610.807 535.582 91.2428 63.7079 258 140.851 118.786 73.7689
internal_count=94374 64908 64628 64137 491 472 444 415 64009 5007 59002 1094 553 541 386 57908 56328 3338 2499 2424 839 491 1580 1511 282 169 913 484 390 228
is_linear=0
shrinkage=0.03


Tree=171
num_leaves=31
num_cat=0
split_feature=16 5 11 9 8 8 11 5 8 11 16 1 1 15 9 6 9 5 15 6 8 9 11 9 5 11 8 6 16 8
split_gain=60.9604 14.3397 16.7865 16.3907 19.775 16.8116 22.3464 15.016 27.2104 22.7031 29.2717 22.0606 21.3758 18.6669 19.6565 19.7228 18.4302 42.2132 38.8581 28.0642 25.785 24.2171 59.0263 37.2952 38.3403 55.1379 46.4868 42.7697 32.8905 31.4026
threshold=0.099609374708175838 -0.063005129673424379 -8.5072091850307263 0.22312426493641338 2.3140571432668247 0.89416406014995675 3.9622203352520207 0.019663011120225483 1.6128561836170705 9.3469189419893812 0.21015778709336089 0.01530059262863648 0.023063941394198987 -0.28809158118577777 0.092344846534564554 73.709059500424772 0.15517203536867427 -0.029575493303887694 -0.12968793194304332 85.12447712056894 1.120259200203199 0.12657912707229704 16.034725238394156 0.099533449105309271 -0.022724266189096658 16.372923582108438 0.63738377481367525 30.964736153651547 0.26023227744946492 0.90741249453417427
decision_type=2 2 2 2 2 2 2 2 2 2 2 2 2 2 2 2 2 2 2 2 2 2 2 2 2 2 2 2 2 2
left_child=-1 2 -2 4 7 -5 -7 16 13 10 -10 -11 -13 14 -9 -16 21 18 -18 -19 -20 23 -23 -3 25 28 -26 -28 -25 -29
right_child=1 3 -4 5 -6 6 -8 8 9 11 -12 12 -14 -15 15 -17 17 19 20 -21 -22 22 -24 24 26 -27 27 29 -30 -31
leaf_value=-0.030060933171723585 -0.015094099656729061 0.0003709177739909434 0.015158046967602467 0.033649185321986005 0.018010247132053108 -0.032953035101175927 -0.0045504043850710394 -0.026357356849998289 -0.0026248072534605154 0.012486729957064289 -0.042546704217380875 -0.056895955106277034 -0.0047155164676574773 0.0042450802388040113 0.021133224094446058 -0.039134362658068515 -0.021845255794121273 -0.024061940290865769 -0.023882665137192984 0.018182364447367729 0.014790894838541955 0.0092554946268364156 -0.021807241405796027 0.00015185227697581797 0.020932236233442491 -0.038392578292261004 -0.020258327544308088 -0.021407656806875643 0.021761126411944966 -0.002076106477934533
leaf_weight=59.243039735592902 19.523393675684929 21732.98068652302 106.87534615397453 7.3093677163124076 57.31684909760952 35.926089324057102 81.457419097423553 37.183453395962715 33.045193806290627 55.580685406923294 33.07399095594883 9.1917743086814863 30.545877605676651 1938.7070482075214 21.033595219254497 6.3661631643772116 45.277336157858372 125.31544424593449 17.695810943841934 15.955363273620604 125.96170135587454 549.85082015395164 61.182694911956787 177.73939677327871 45.670639723539352 25.32379923760891 256.8563696295023 91.141341716051102 98.534826554358006 444.26543599367142
leaf_count=29466 69 52990 211 19 128 199 273 123 96 127 134 38 77 4347 43 22 167 512 71 29 315 1371 209 530 75 107 913 282 202 1229
internal_value=0.000336547 0.000405055 0.0104853 0.00035635 0.000408318 -0.0104945 -0.0132432 0.000369482 0.00276172 -0.00908661 -0.0225944 0.000283331 -0.0167854 0.00371653 -0.01215 0.00713043 0.000152022 -0.00688619 0.00238901 -0.0192908 0.0100271 0.000250988 0.00614519 9.35256e-05 -0.00519686 0.0039754 -0.00849823 -0.0101948 0.00785893 -0.00536688
internal_weight=26346.1 26286.9 126.399 26160.5 26035.8 124.693 117.384 25978.5 2164.73 161.438 66.1192 95.3183 39.7377 2003.29 64.5832 27.3998 23813.8 330.206 188.935 141.271 143.658 23483.5 611.034 22872.5 1139.53 301.598 837.934 792.263 276.274 535.407
internal_count=94374 64908 280 64628 64137 491 472 64009 5007 472 230 242 115 4535 188 65 59002 1094 553 541 386 57908 1580 56328 3338 839 2499 2424 732 1511
is_linear=0
shrinkage=0.03


Tree=172
num_leaves=31
num_cat=0
split_feature=16 5 11 9 8 8 11 3 5 8 11 16 1 3 9 1 15 3 3 9 9 3 6 6 15 14 16 1 6 3
split_gain=59.112 13.5241 15.828 15.4949 18.5814 15.7881 21.5754 16.6209 14.1366 25.6358 21.4939 27.9147 20.7635 21.9321 28.2914 20.2654 17.5722 19.2547 31.9866 27.3199 18.5326 23.5574 18.539 17.485 30.523 20.6679 19.3147 30.1647 31.5898 31.7722
threshold=0.099609374708175838 -0.063005129673424379 -8.5072091850307263 0.22312426493641338 2.3140571432668247 0.89416406014995675 3.9622203352520207 0.50049999999999895 0.019663011120225483 1.6128561836170705 9.3469189419893812 0.21015778709336089 0.01530059262863648 0.024049999999999908 0.14083898534907374 0.023063941394198987 -0.28809158118577777 0.0035999999999999648 0.0040000000000002265 0.032635679202612657 0.092344846534564554 0.23145000000000063 73.709059500424772 77.777777777777914 0.29743861918920805 0.20393770314390477 0.44056048413853582 0.0042249796717525054 86.408581481722891 0.045000000000000158
decision_type=2 2 2 2 2 2 2 2 2 2 2 2 2 2 2 2 2 2 2 2 2 2 2 2 2 2 2 2 2 2
left_child=-1 2 -2 4 8 -5 -7 -8 23 16 11 -11 13 -12 -15 -14 20 19 -19 -18 21 -10 -22 -3 25 26 27 -25 29 -29
right_child=1 3 -4 5 -6 6 7 -9 9 10 12 -13 15 14 -16 -17 17 18 -20 -21 22 -23 -24 24 -26 -27 -28 28 -30 -31
leaf_value=-0.030059128762089729 -0.014625071396748976 -7.9561696954567551e-05 0.014743272180976598 0.032334266227295051 0.017447891298737729 -0.032484102763169112 0.00086693580242895574 -0.039196791965668991 -0.043065528256938844 -0.0025471510436858957 0.029561078129974307 -0.041617509799098736 -0.055481056878224598 -0.048759572348083251 0.016216171547644927 -0.0045732788590540857 -0.063813420475464705 -0.0354860093577022 0.0031085388252250013 0.0109414177774098 0.020471107792087797 0.0071062057042101381 -0.037936932799409163 0.0087690557343106327 -0.018349094284043865 -0.035152542092404634 0.012214995723136154 -0.0054903295573759852 -0.012505379952664184 0.0070135784077927843
leaf_weight=57.49554244952742 19.544694148004055 22088.938326001167 106.59000387787819 7.3773471340537062 57.388154029846191 35.359972313046455 70.65389546751976 10.735605061054228 24.206637009978294 33.031292289495468 29.92263588309288 32.802167862653732 9.1440997868776304 9.6672321259975451 16.034414365887642 30.550956830382347 4.4508136063814154 19.574102267622948 1529.2731338441372 384.58851581811905 21.062035575509075 12.917305231094359 6.3700181096792212 496.0153716057539 57.924095451831818 12.167207568883894 227.16336190700531 299.9767287299037 160.35767431557178 468.58837708830833
leaf_count=29466 69 55275 211 19 128 199 223 50 93 96 50 134 38 43 34 77 18 65 3507 757 43 30 22 1000 159 39 430 713 407 979
internal_value=0.000326441 0.000392913 0.0101926 0.000345655 0.000396076 -0.0102286 -0.0129181 -0.00441763 0.000358402 0.00268018 -0.00883094 -0.0220143 0.000274338 0.0121025 -0.00822334 -0.0163003 0.00360657 0.0041195 0.00262079 0.0100862 -0.0117909 -0.0256082 0.00690813 0.000147434 0.00305889 0.00380399 0.00409089 0.00279574 -0.000393815 0.00213321
internal_weight=26339.9 26282.4 126.135 26156.2 26032.1 124.127 116.749 81.3895 25974.7 2163.6 161.153 65.8335 95.3193 55.6243 25.7016 39.6951 2002.44 1937.89 1548.85 389.039 64.556 37.1239 27.4321 23811.1 1722.19 1664.27 1652.1 1424.94 928.923 768.565
internal_count=94374 64908 280 64628 64137 491 472 273 64009 5007 472 230 242 127 77 115 4535 4347 3572 775 188 123 65 59002 3727 3568 3529 3099 2099 1692
is_linear=0
shrinkage=0.03


Tree=173
num_leaves=31
num_cat=0
split_feature=16 8 8 1 11 6 11 9 13 16 16 13 9 13 13 13 4 11 9 9 16 1 4 3 8 1 14 8 12 13
split_gain=57.3211 12.0858 40.8553 35.1998 29.2975 33.2421 31.1761 22.491 19.2565 32.0423 18.07 27.6314 17.3017 16.7879 26.1306 23.8097 29.109 21.1679 21.7093 21.4832 26.915 29.6898 20.8272 27.9559 20.1455 24.4064 22.5294 19.5511 19.1581 41.779
threshold=0.099609374708175838 0.73077073477783017 0.7161654683222124 -0.028003837727248234 21.011259811925857 82.306110142344735 -28.211146844058863 0.1450595690508665 -0.71765314531065261 0.13046797017534964 0.26023227744946492 -0.14429459878302373 0.037300913351421099 0.76401810464532782 1.0457230890787848 -0.26398997397949159 3.3582709792868175 6.4630080104170053 0.02237123409142858 0.082790194226277231 0.24731562034822993 0.010172203481375043 1.9999971428611849 8.3349999999999245 0.63738377481367525 0.0012076383314357788 0.069037329091934427 0.51283230772526311 3.14602506932416 -0.19449610757829014
decision_type=2 2 2 2 2 2 2 2 2 2 2 2 2 2 2 2 2 2 2 2 2 2 2 2 2 2 2 2 2 2
left_child=-1 2 3 -2 5 7 -7 8 9 -5 11 -6 -8 15 -15 16 -10 19 22 20 27 -22 23 -19 25 -16 -27 -17 29 -20
right_child=1 -3 -4 4 10 6 12 -9 13 -11 -12 -13 -14 14 24 17 -18 18 28 -21 21 -23 -24 -25 -26 26 -28 -29 -30 -31
leaf_value=-0.030057377892444011 -0.026588580516368632 0.00010152309994516859 0.0098565840697572935 0.012201606505060835 0.0085029752966317412 -0.066209916446083275 -0.0096189496300223172 -0.025915502202207803 -0.00077650472553228455 -0.046963503980101448 -0.053358067400642528 -0.056437198077720199 0.021729387558838707 -0.02891183357139214 -0.0011944719957652117 -0.0057545406077732404 -0.059488285933339567 -0.043959147446819981 -0.044741414316405485 0.017275730318886972 -0.0015734617362694579 -0.03857776626447814 -0.040914298885431036 0.016791129173174209 0.0059499246229902268 -0.04813972720044267 0.018192186275383163 0.0073753946472091148 0.036163295998012532 0.0054975056558787018
leaf_weight=55.799493568367325 41.872560203075409 22103.078274037689 505.56857825815678 14.421290025115011 20.023124344646931 4.0976325869560233 18.166767150163651 28.192838542163372 1404.102304443717 19.214819669723511 12.975453734397886 8.358367286622526 124.00329719483852 39.034266993403435 52.566381737589836 112.84468656778336 7.6414542645215979 10.413301244378092 17.762374892830849 123.71614283323288 224.05866407603025 21.375650316476822 25.772516563534737 19.742441527545452 116.62626744806767 23.786538258194927 5.715736895799636 1068.755110040307 12.806078672409056 92.374120555818081
leaf_count=29466 133 55470 1009 31 46 17 46 101 3261 70 52 44 192 120 124 321 31 36 61 222 527 74 87 36 247 86 11 2226 15 212
internal_value=0.000316674 0.000381169 0.0018613 0.000760023 0.00107562 0.00136506 0.0153723 0.000769642 0.00099009 -0.0215968 -0.0240301 -0.0106219 0.0177236 0.00121492 -0.00647173 0.00179663 -0.0010943 0.00415625 -0.0056158 0.0052834 0.00424373 -0.00479628 -0.0211114 -0.004187 -0.0020633 -0.0134507 -0.0352887 0.00612146 0.00143338 -0.00260483
internal_weight=26334.9 26279.1 4175.99 3670.42 3628.55 3587.19 146.268 3440.92 3412.73 33.6361 41.3569 28.3815 142.17 3379.09 237.729 3141.36 1411.74 1729.62 178.871 1550.75 1427.03 245.434 55.9283 30.1557 198.695 82.0687 29.5023 1181.6 122.943 110.136
internal_count=94374 64908 9438 8429 8296 8154 255 7899 7798 101 142 90 238 7697 588 7109 3292 3817 447 3370 3148 601 159 72 468 221 97 2547 288 273
is_linear=0
shrinkage=0.03


Tree=174
num_leaves=31
num_cat=0
split_feature=16 5 11 8 11 9 8 8 11 3 9 5 8 11 16 9 1 9 9 5 15 6 8 9 11 9 5 11 8 11
split_gain=55.5858 12.8802 15.07 26.9453 21.5679 14.5999 17.4812 14.9577 20.8249 15.821 14.1535 13.3748 24.1566 20.3411 26.6456 20.1555 19.8302 17.437 17.2641 40.1213 36.6561 26.2671 24.323 22.6074 55.6292 35.3736 36.5092 52.1134 42.9358 40.6446
threshold=0.099609374708175838 -0.063005129673424379 21.011259811925857 2.3140571432668247 -10.230948353769628 0.22312426493641338 2.3140571432668247 0.89416406014995675 3.9622203352520207 0.50049999999999895 0.13657850357205037 0.019663011120225483 1.6128561836170705 9.3469189419893812 0.21015778709336089 0.11653879241195345 0.0160219664017941 0.093451856523897883 0.15517203536867427 -0.029575493303887694 -0.12968793194304332 85.12447712056894 1.0309436352302479 0.12657912707229704 16.034725238394156 0.099533449105309271 -0.022724266189096658 16.372923582108438 0.63738377481367525 -19.040559233770534
decision_type=2 2 2 2 2 2 2 2 2 2 2 2 2 2 2 2 2 2 2 2 2 2 2 2 2 2 2 2 2 2
left_child=-1 2 3 4 -2 6 11 -7 -9 -10 -6 18 -13 14 -14 17 -17 -15 23 20 -20 -21 -22 25 -25 -3 27 -27 -28 -30
right_child=1 5 -4 -5 10 7 -8 8 9 -11 -12 12 13 15 -16 16 -18 -19 19 21 22 -23 -24 24 -26 26 28 -29 29 -31
leaf_value=-0.030055678952625335 -0.020555268806581477 0.0003442519826766845 0.031759550259724163 -0.033948774832708382 -0.0015677696670346438 0.031282515372691784 0.016902914446439442 -0.032027439590119534 0.00083773956547313175 -0.038425765872519502 0.02692314254890836 0.0034939478983442296 -0.0024747737156963906 0.0017774367885466185 -0.040735150103310476 0.020723857094261569 -0.010402721259918158 -0.054319306581243051 -0.021277166624336367 -0.023492435513815337 -0.031923621523197256 0.017504304757936882 0.013386546408545866 0.0089356086044596068 -0.021258979034774757 0.0076233093896871064 0.020170647469768613 -0.037536336849047121 0.017687628903466746 -0.011607944290361515
leaf_weight=54.153384075732902 15.92678990960121 21730.14721390605 23.236557126045227 13.828913122415541 22.869298458099365 7.4359198734164229 57.449962928891182 34.800073686987162 70.665701732039452 10.625017136335371 50.005087107419968 2001.1477594971657 33.018252432346344 9.877407521009447 32.514111258089542 42.948253661394119 32.255070939660072 10.072530835866926 45.06349191814661 124.30657158792019 11.598337657749651 15.860149189829825 132.18224795907736 550.06759288907051 61.004794463515282 276.44290310889482 45.068988829851151 25.084910348057747 45.206612527370453 745.71499779820442
leaf_count=29466 62 52990 36 52 53 19 128 199 223 50 77 4535 96 26 134 85 89 42 167 512 52 29 334 1371 209 732 75 107 97 2327
internal_value=0.000307232 0.000369808 0.00994361 0.00500425 0.0110704 0.000323727 0.000372562 -0.0099656 -0.0126077 -0.00429416 0.0179822 0.000335993 0.00259533 -0.00859594 -0.0214578 0.000262067 0.00737352 -0.0265453 0.000130837 -0.00669359 0.00233197 -0.0188536 0.00973151 0.000226469 0.00592121 7.42931e-05 -0.00508276 0.00386636 -0.00831056 -0.0099335
internal_weight=26330.6 26276.4 125.867 102.63 88.8012 26150.6 26027 123.527 116.091 81.2907 72.8744 25969.6 2161.83 160.686 65.5324 95.1533 75.2033 19.9499 23807.7 329.011 188.844 140.167 143.781 23478.7 611.072 22867.7 1137.52 301.528 835.991 790.922
internal_count=94374 64908 280 244 192 64628 64137 491 472 273 130 64009 5007 472 230 242 174 68 59002 1094 553 541 386 57908 1580 56328 3338 839 2499 2424
is_linear=0
shrinkage=0.03


Tree=175
num_leaves=31
num_cat=0
split_feature=16 1 16 6 6 5 11 16 4 9 11 5 9 8 15 12 9 9 6 16 14 15 1 12 9 5 8 12 12 8
split_gain=53.9209 18.5429 32.6449 38.7857 31.3995 27.0674 41.6434 25.5216 23.0635 25.3713 22.2469 36.3025 24.3822 27.1705 22.4613 22.1085 21.3977 21.0645 20.7988 26.3807 25.314 22.6334 21.8249 32.1144 20.4369 28.2637 20.6571 20.321 19.8083 20.3518
threshold=0.099609374708175838 0.010582251926958277 0.37117013023397821 68.092975916961834 22.727272727272716 0.011272868288446198 17.543859649122876 0.14947853861140983 3.5714234693948739 0.042693258181680599 -8.5072091850307263 -0.020534541163931972 0.046235237910603168 0.78733746026029838 0.064768351930593271 -0.095694188387551032 0.069190496221895034 0.028044225537243315 70.585089489189258 0.47607378873594641 0.065956781889270538 0.24783543743674558 -0.022157752535945759 1.1493674361949806 0.010553737308122294 -0.0038903169540055521 1.946074217491047 -1.0606618506830383 2.4050978171123103 0.52998045767908752
decision_type=2 2 2 2 2 2 2 2 2 2 2 2 2 2 2 2 2 2 2 2 2 2 2 2 2 2 2 2 2 2
left_child=-1 18 3 4 -3 10 -7 8 9 17 11 -6 15 14 16 -13 -14 -5 19 24 21 27 23 -21 25 -2 -26 -20 29 -9
right_child=1 2 -4 7 5 6 -8 28 -10 -11 -12 12 13 -15 -16 -17 -18 -19 20 22 -22 -23 -24 -25 26 -27 -28 -29 -30 -31
leaf_value=-0.030054067105740372 -0.030724562154734049 -0.040983777760806167 0.0045866318699437636 -0.00090058767725921475 -0.015462203180948111 -0.01006364121812082 0.016120410978654305 -0.043830416606451865 -0.044812718929523404 -0.0035738441413376695 0.00060018727773270171 0.0098891172143706803 0.028872109539844062 0.026737148140406525 -0.043830289530893095 -0.02734327163753426 -0.025922989623131502 -0.059129362637470768 -0.011807227924311324 0.022273667270166147 0.0080984297524524049 -0.024688713958016157 -0.033382730408897422 -0.02410970949667722 0.00019023167875289635 0.010052656562826201 0.0093479096537342644 0.0024619993177219719 0.0029272820516315651 -0.0056949830693755234
leaf_weight=52.588910541613586 16.115759655833244 16.609128385782242 733.66408479213715 8.6042854711413401 43.950752176344395 381.7758117467165 63.801351055502892 12.707572661340235 24.530542530119419 74.288757435977459 1807.9818605482578 50.982171356678009 19.35485498607159 132.53046448528767 8.8790852725505811 19.978315010666847 9.5929584056138975 15.967886865139006 93.57621993124485 24.097729235887527 688.47877111285925 29.196886911988258 37.256570503115654 30.35982459038496 17533.572473943233 301.50142280757427 224.52674866467714 2239.4633496701717 262.79330240935087 1417.9736685529351
leaf_count=29465 54 77 1604 20 153 1054 122 50 91 192 4746 107 30 278 32 61 31 62 273 61 1436 86 153 110 43796 616 539 5037 570 3590
internal_value=0.000293174 0.000353801 -0.00126931 -0.00225192 0.000130562 0.000399534 -0.0063144 -0.00560291 -0.0187752 -0.0123144 0.00182869 0.0096147 0.0141819 0.0203364 -0.0020894 -0.000593342 0.0107137 -0.0387398 0.000744388 0.000359494 0.00303648 0.00156117 -0.0156895 -0.00358484 0.000440925 0.00798364 0.000306018 0.00188967 -0.00464314 -0.00603371
internal_weight=26376.7 26324.1 5105.97 4372.3 2555.44 2538.83 445.577 1816.87 123.391 98.8609 2093.25 285.269 241.318 170.357 37.8269 70.9605 28.9478 24.5722 21218.1 18167.4 3050.72 2362.24 91.7141 54.4576 18075.7 317.617 17758.1 2333.04 1693.47 1430.68
internal_count=94496 65031 12870 11266 6691 6614 1176 4575 365 274 5438 692 539 371 93 168 61 82 52161 45329 6832 5396 324 171 45005 670 44335 5310 4210 3640
is_linear=0
shrinkage=0.03


Tree=176
num_leaves=31
num_cat=0
split_feature=16 1 16 6 3 6 12 6 11 9 4 4 16 11 14 8 14 11 14 13 16 4 6 4 15 8 4 13 0 3
split_gain=52.2911 17.448 30.8777 45.2086 33.7008 28.3456 26.0232 22.9936 21.8598 24.772 25.632 28.3628 25.2542 22.0487 22.1512 21.6272 21.8507 21.5352 21.1417 20.9266 25.8592 21.4521 20.7339 21.5044 22.492 20.5329 20.5174 21.07 20.2672 22.8024
threshold=0.099609374708175838 0.010582251926958277 0.34127055110962273 68.092975916961834 35.259999999999998 22.727272727272716 2.4050978171123103 59.816368106779073 -8.5072091850307263 0.033340708735570768 6.764516341229224 22.028809056627637 0.16666666629873303 12.278891851728615 -0.08067899621254894 1.4847894243702215 0.14310652739714641 19.833461623533449 0.1268798187691593 -0.46974223168948498 0.24365345087394788 2.5041758199922959 61.31342454494105 0.52688234718476668 0.071233577683905494 0.62569383888174512 1.1489361084880025 -0.47423546537211503 0.02968648056697221 1.4799999999999971
decision_type=2 2 2 2 2 2 2 2 2 2 2 2 2 2 2 2 2 2 2 2 2 2 2 2 2 2 2 2 2 2
left_child=-1 -2 3 5 6 -3 -5 -4 22 19 17 13 -13 14 -12 -9 -17 28 -6 25 21 -21 23 24 -7 -10 27 -19 29 -11
right_child=1 2 7 4 18 8 -8 15 9 10 11 12 -14 -15 -16 16 -18 26 -20 20 -22 -23 -24 -25 -26 -27 -28 -29 -30 -31
leaf_value=-0.030052466363725345 0.00072212080458934104 -0.040220069667825604 -0.023299250466426901 -0.0069558544072577146 -0.034495913544160928 0.0107231888093861 0.0045544544964460304 0.0059827633704434037 -0.062130058157390561 -0.0030786899317466381 -0.012405054525247114 0.0034724198802685382 -0.040385003463847893 -0.014239095420320449 0.023877296941627355 -0.010210487443440316 0.032291779522057779 -0.016903645140135485 0.001419366182301805 -0.0055952265008787456 0.020980688917727728 0.011593104979171449 -0.0037543406629272002 0.017105291339006148 -0.028165953574515571 0.021793184696286834 -0.0089516790630186447 0.018585763907126702 -0.027485954919568737 -0.015584941826924381
leaf_weight=51.037350703263655 21216.212997406721 15.593945518136023 28.179692491889 1290.1187029369175 59.029517710208893 35.425548866391182 204.84735131263733 854.42073500156403 2.7129606157541266 1117.6481672152877 17.548372358083725 34.960070736706257 17.849742233753204 21.027215927839279 110.54283003509045 130.21247682720423 11.879592865705488 17.741859897971153 19.665304198861122 237.41743334382772 57.302288144826889 90.16926683485508 105.87064728140831 185.60762399435043 21.5132667273283 79.828111886978149 55.33276578783989 99.454539149999619 35.640084505081177 148.66323439776897
leaf_count=29465 52161 73 105 3331 198 83 436 1794 11 3095 55 90 67 64 228 373 17 55 46 586 96 178 288 403 75 141 155 199 131 497
internal_value=0.00028438 0.000343202 -0.0012312 -0.00240011 -0.00638592 0.000100958 -0.00537866 0.00342475 0.000353245 -0.000779421 -0.00248226 0.00754179 -0.0113514 0.0142328 0.0189066 0.00418046 -0.00665709 -0.00385504 -0.0255209 0.00532771 0.00238817 -0.000864084 0.00732264 0.0121577 -0.00397035 0.0190348 0.00610456 0.0132132 -0.00517485 -0.00454691
internal_weight=26373.5 26322.4 5106.2 4081.51 1573.66 2507.85 1494.97 1024.69 2492.26 2143.84 1676.41 201.928 52.8098 149.118 128.091 996.513 142.092 1474.48 78.6948 467.43 384.889 327.587 348.417 242.546 56.9388 82.5411 172.529 117.196 1301.95 1266.31
internal_count=94496 65031 12870 10581 4011 6570 3767 2289 6497 5648 4636 504 157 347 283 2184 390 4132 244 1012 860 764 849 561 158 152 409 254 3723 3592
is_linear=0
shrinkage=0.03


Tree=177
num_leaves=31
num_cat=0
split_feature=16 9 5 4 1 16 3 8 13 16 3 9 14 9 11 5 11 0 16 15 9 5 4 4 9 4 8 5 11 14
split_gain=50.7116 17.01 27.4072 18.3192 14.3977 29.4078 30.9141 21.7255 30.6289 36.122 23.783 20.9371 20.7622 26.684 19.9392 18.5933 20.2632 25.1226 33.0506 25.8857 17.6962 29.4911 37.0156 25.2475 27.0964 22.4762 23.8635 28.5346 36.1601 30.1234
threshold=0.099609374708175838 0.010553737308122294 -0.0038903169540055521 0.48076916913213014 0.010582251926958277 0.37117013023397821 67.265000000001478 1.6344059853575812 0.52166814372702797 0.21311772499310516 0.043449999999999996 0.028540622691819884 0.0080135205694592555 0.044281252970624532 -3.3047216306782476 -0.041455098547742313 -2.2367239887135288 0.02968648056697221 0.173733750508583 0.011447858041327336 0.033340708735570768 -0.0056663815486811481 2.841523767792149 20.330269140908118 0.096959070711686038 8.3689922179352418 1.402761495427338 0.011272868288446198 16.729375428435027 0.15857677478586393
decision_type=2 2 2 2 2 2 2 2 2 2 2 2 2 2 2 2 2 2 2 2 2 2 2 2 2 2 2 2 2 2
left_child=-1 2 -2 -4 15 6 7 20 -9 10 -10 -7 13 -13 -15 16 -3 18 19 -18 21 22 -6 25 -25 26 27 -22 29 -29
right_child=1 4 3 -5 5 11 -8 8 9 -11 -12 12 -14 14 -16 -17 17 -19 -20 -21 23 -23 -24 24 -26 -27 -28 28 -30 -31
leaf_value=-0.030050913105116071 -0.030556903054033455 0.017328272693618776 0.020224275723617336 0.0043931659848809321 -0.023013507372649969 0.026737377039861263 -0.015623426242687572 -0.018307842958021937 -0.0051546260935741552 -0.052371244955861873 0.049917753101612554 -0.04864968142137957 0.0073193986090522405 -0.027385321110446923 0.0013438284936019387 0.00048100143836631021 -0.048627849565417311 0.035443067537589405 0.0039464732380195371 0.015734610191122416 -0.0011913421817339356 0.0061885408059422862 0.022292330736668402 -0.0088246334004688492 -0.045643958199917505 0.0082785263602551985 0.0055951614171887987 -0.010013607727293945 0.0059229210836996976 -0.052768440873770729
leaf_weight=49.531490471097641 16.58151239156723 122.41730899363756 92.809131525456905 225.92401381582022 69.064462587237358 35.862643927335739 147.3134348616004 139.6191428527236 12.070317775011064 6.2658383399248114 16.992879673838615 11.20545934140682 428.98843851685524 23.993301518261433 231.74462726712227 20547.182710200548 20.639945805072788 18.473724856972694 166.0694217979908 7.7301830202341071 2026.6089405752718 527.66095073521137 21.215661987662315 100.36271751672029 21.917165704071522 197.21881408989429 319.95502576231956 611.8252061009407 137.79439616203308 15.199640363454817
leaf_count=29465 56 261 164 506 213 51 434 502 35 27 23 39 894 81 536 50657 83 28 403 16 5281 1099 38 267 90 464 819 1617 288 59
internal_value=0.000275847 0.000332918 0.00704663 0.00900289 0.000246284 -0.00118224 -0.00211409 -0.00164292 -0.0119935 0.0129604 0.0270455 0.00438378 0.00323186 -0.00333697 -0.00135154 0.00059536 0.00760262 0.00201072 -0.00116569 -0.0310906 -0.00119567 0.00347765 -0.0123667 -0.00203739 -0.015424 -0.00154264 -0.00216517 -0.00305467 -0.00799208 -0.01105
internal_weight=26370.2 26320.7 335.315 318.733 25985.4 5102.88 4371.08 4223.77 174.948 35.329 29.0632 731.794 695.932 266.943 255.738 20882.5 335.331 212.913 194.44 28.3701 4048.82 617.941 90.2801 3430.88 122.28 3308.6 3111.38 2791.43 764.819 627.025
internal_count=94496 65031 726 670 64305 12857 11256 10822 587 85 58 1601 1550 656 617 51448 791 530 502 99 10235 1350 251 8885 357 8528 8064 7245 1964 1676
is_linear=0
shrinkage=0.03


Tree=178
num_leaves=31
num_cat=0
split_feature=16 9 5 6 14 5 1 14 11 16 4 1 16 6 5 6 5 11 13 3 3 11 3 16 5 6 16 14 9 9
split_gain=49.1809 16.028 25.8329 18.6871 23.3166 16.3834 15.7288 17.1431 17.6548 15.5138 16.9603 13.5489 27.9932 41.9056 31.7495 29.1548 27.8965 27.6383 28.5234 32.375 25.543 25.0329 24.9568 24.9063 23.0576 21.9059 24.4764 23.277 24.7131 21.8721
threshold=0.099609374708175838 0.010553737308122294 -0.0038903169540055521 62.628491951395752 -0.024928100451350282 0.0053059690171966935 0.0035607123650922561 0.11434916906863024 5.7476122462859616 0.23504288704815404 0.41334883609064282 0.010582251926958277 0.34127055110962273 66.305590648398393 0.012007528143368938 22.727272727272716 -0.024805971187049695 17.543859649122876 -0.45408644224161565 0.00029999999999998089 35.259999999999998 -8.5072091850307263 27.129999999999885 0.14100366683315582 -0.020534541163931972 70.585089489189258 0.47607378873594641 0.065956781889270538 0.01642188579465868 0.044281252970624532
decision_type=2 2 2 2 2 2 2 2 2 2 2 2 2 2 2 2 2 2 2 2 2 2 2 2 2 2 2 2 2 2
left_child=-1 2 -2 6 -5 9 7 -4 -9 10 -6 25 13 14 15 -13 -14 18 23 -20 22 24 -15 -16 -17 26 -3 -27 -29 -26
right_child=1 11 3 4 5 -7 -8 8 -10 -11 -12 12 16 20 17 21 -18 -19 19 -21 -22 -23 -24 -25 29 27 -28 28 -30 -31
leaf_value=-0.030049405922537284 -0.029700747208434308 0.00025672796385978745 0.011415990560131102 -0.057791861489128883 0.0046704279208555832 0.03374621204302089 0.028946332052479134 -0.035068134460764643 0.021379839815796144 0.016407262602044489 -0.053727509303412309 -0.03945022367098476 -0.046887361033341513 -0.0052614901065257793 -0.026130478900281348 -0.010569479744838845 0.0037816017545622923 0.013385096350283777 0.035862954431570719 -0.018501758050899316 -0.021198117259957822 0.00092079422096463825 0.025532666752476792 0.018854124365072347 -0.0010709303869660181 0.001522998853070574 -0.015303681334616848 -0.030289993488585441 0.0086870318258170445 0.020200419141005205
leaf_weight=48.069988285540603 16.548202842473984 17758.089653305709 208.15450283139944 7.351410172879695 7.9880013018846574 9.9274975433945638 40.768870279192924 14.918493181467058 7.4903803020715705 11.557517595589159 10.180146917700766 15.176458068192003 9.8746941015124303 1706.5217549093068 14.878377541899679 38.4235949665308 1012.3751709461212 46.895721524953842 10.313522726297377 223.53731106221676 90.329638227820396 1641.7978324070573 24.019527122378349 43.355394825339317 59.108978122472763 2353.4694100171328 91.448916658759117 14.970399782061575 664.121836386621 164.80562275648117
leaf_count=29465 56 44335 408 36 20 14 62 50 12 25 43 72 50 4320 50 127 2235 93 14 679 272 4329 39 85 140 5372 324 45 1372 352
internal_value=0.000267588 0.000322961 0.00684423 0.00874396 -0.00871948 0.000378182 0.0117693 0.00873196 -0.0161999 -0.0107658 -0.0280517 0.000238913 -0.0011471 -0.00225959 0.00047078 0.00196569 0.00329215 -0.00799341 -0.0114258 -0.0161041 -0.00564586 0.00229578 -0.00483407 0.00736083 0.0109009 0.00057751 0.000177007 0.00293485 0.00782779 0.0145852
internal_weight=26366.5 26318.4 334.885 318.337 47.0046 39.6532 271.332 230.563 22.4089 29.7257 18.1681 25983.5 5101.41 4079.16 2258.29 1919.31 1022.25 338.98 292.085 233.851 1820.87 1904.14 1730.54 58.2338 262.338 20882.1 17849.5 3032.56 679.092 223.915
internal_count=94496 65031 726 670 138 102 532 470 62 88 63 64305 12857 10572 5941 5020 2285 921 828 693 4631 4948 4359 135 619 51448 44659 6789 1417 492
is_linear=0
shrinkage=0.03


Tree=179
num_leaves=31
num_cat=0
split_feature=16 9 5 8 9 6 1 11 8 14 13 16 12 15 14 6 8 13 13 11 8 0 13 4 5 9 5 1 13 14
split_gain=47.6973 15.7047 32.5687 37.2396 31.9056 16.5945 16.8231 15.7018 14.9815 20.8757 21.5853 19.7388 19.5001 28.1379 16.7989 14.9762 30.5742 32.2132 35.9852 26.5996 21.89 24.0695 29.5474 21.387 21.0162 27.7423 31.2372 18.4195 16.9819 24.3157
threshold=0.099609374708175838 0.020916798229557443 -0.005246354751939443 1.402761495427338 0.01306424016521792 62.857142857142797 0.0079642682279940109 10.000000000000078 1.1629366210392387 -0.203547676094115 -0.2659957006917561 0.19515048604320759 1.464946952326025 -0.077119153151758837 0.060374702778107053 36.922142934279108 0.51283230772526311 -0.41535776496423699 0.13207660498747717 17.948717948717889 0.4888415077034558 -0.001201118126079481 0.033714140130563848 1.9032257450572583 0.00055016889940232765 0.01250391822573913 0.0066052779947033307 -0.0002305760081504071 -0.29918813859490884 -0.11816630163855313
decision_type=2 2 2 2 2 2 2 2 2 2 2 2 2 2 2 2 2 2 2 2 2 2 2 2 2 2 2 2 2 2
left_child=-1 2 4 8 -2 -6 -7 -5 15 -10 14 12 13 -12 -11 19 17 -17 27 20 -4 23 24 28 -23 -26 -27 -19 29 -22
right_child=1 -3 3 7 5 6 -8 -9 9 10 11 -13 -14 -15 -16 16 -18 18 -20 -21 21 22 -24 -25 25 26 -28 -29 -30 -31
leaf_value=-0.030047943405572895 -0.0468896390998539 7.6625996996880526e-05 0.021187847846919301 -0.044201573005964938 -0.0021912157124247991 -0.056418349469792919 0.00198198686068641 -0.0063323922771926664 -0.062983268627714417 0.031755084233922114 0.0029264145556196952 0.019151132516526264 0.018957400375228552 -0.055217575173693294 -0.00071968857500027093 0.018703070491510113 0.0054786918019440606 -0.012499372076379418 0.020536856458608251 -0.038240618162445651 -0.027174890339417328 -0.045799192447247825 0.0033737400902022021 -0.029973634172346351 0.023277240607199472 -0.055776360373433073 0.02399958406528626 -0.047954439866205671 0.016385015528227714 0.0087557281777473177
leaf_weight=46.65154173981864 18.226847738027573 23830.885642915964 37.517684280872345 19.754872873425484 162.38875938951969 10.755896821618082 7.5593230277299872 19.662067770957947 3.2188971489667884 66.447862029075623 16.13979198038578 37.332349479198456 13.843968093395231 13.978250220417978 18.279977560043335 22.582532733678818 1641.7578998357058 22.202790819108486 13.876110792160032 17.593255281448364 25.374214977025986 29.815414175391197 50.092123106122017 15.389265492558478 12.949930205941198 15.070715785026552 6.2491522431373587 32.478233531117439 83.740059122443199 51.064819023013115
leaf_count=29465 71 59505 72 80 398 44 19 53 13 94 37 64 23 53 41 44 3452 66 25 57 76 105 109 47 21 57 10 145 148 102
internal_value=0.000259571 0.000313298 0.00258265 0.00359563 -0.00906007 -0.00524436 -0.0323145 -0.0253116 0.00410272 0.0126858 0.0141529 0.00310955 -0.0105129 -0.0240591 0.0247487 0.0034036 0.00453981 -0.0123729 -0.0226092 -0.00230582 -0.000374014 -0.00316595 -0.013888 0.00380694 -0.0273807 -0.0113562 -0.0323929 -0.0335582 0.00705242 -0.00317157
internal_weight=26362.9 26316.2 2485.34 2286.41 198.931 180.704 18.3152 39.4169 2247 169.241 166.022 81.2944 43.962 30.118 84.7278 2077.75 1732.9 91.1397 68.5571 344.857 327.263 289.746 114.177 175.568 64.0852 34.2698 21.3199 54.681 160.179 76.439
internal_count=94496 65031 5526 4994 532 461 63 133 4861 325 312 177 113 90 135 4536 3732 280 236 804 747 675 302 373 193 88 67 211 326 178
is_linear=0
shrinkage=0.03


Tree=180
num_leaves=31
num_cat=0
split_feature=16 3 4 8 8 3 8 13 15 9 9 9 13 0 13 3 8 0 8 7 0 8 12 1 8 15 1 12 3 5
split_gain=45.3655 13.1596 28.3505 21.6265 25.7288 20.8312 26.3449 27.675 21.6911 27.5082 26.5921 23.5183 22.8041 20.2766 33.1286 31.1659 28.404 33.7293 29.9845 26.6528 24.8497 31.8254 24.2202 23.28 22.5644 21.338 26.1897 23.6054 20.6494 20.4787
threshold=0.099609374708175838 0.3099999999999597 0.12875627155963301 0.63155102729462398 0.52998045767908752 0.50049999999999895 1.7520895555846578 3.4754727136234056 -0.14023322320639883 0.057729758098732452 0.0495679411947893 0.087240698916695017 -0.23496979415308986 -0.0097755994944472274 0.099212253669096168 0.011800000000000479 0.876041203498645 -0.020035541834385825 0.77862666530090208 -0.74999999999999989 -0.010596707064432274 1.2491219385526904 -1.1245482519208656 -0.0029973636850094128 0.68727627063138796 0.034192633635523002 -0.017645287090682801 0.69603469836654785 0.01400000000000068 0.0027029239216158013
decision_type=2 2 2 2 2 2 2 2 2 2 2 2 2 2 2 2 2 2 2 2 2 2 2 2 2 2 2 2 2 2
left_child=-1 2 3 4 -2 6 7 8 9 10 -3 -10 -11 14 15 16 18 -18 29 25 -21 -22 -17 24 -24 26 27 -19 -26 -4
right_child=1 5 13 -5 -6 -7 -8 -9 11 12 -12 -13 -14 -15 -16 22 17 19 -20 20 21 -23 23 -25 28 -27 -28 -29 -30 -31
leaf_value=-0.030046519294313071 0.010859920085435727 -0.0019379135359464349 -0.0074219981828060411 0.0083374423620095079 -0.051591533547286392 -0.0003488965557999381 0.029183388451983375 -0.058215600934344622 -0.0060632614656716327 0.0015816538921531609 -0.037937851150616743 -0.022393420108817948 0.028274418638963798 0.00070359709958366914 -0.046469107996358908 0.034398607151620207 -0.014841574854933639 0.028527933705091015 -0.030425375089476518 0.020283872534109942 0.0093529661615531518 -0.054937585492964978 -0.027181809835797297 -0.015687223039505632 -0.034279104867036975 0.040923455316281339 -0.046408523408780607 -0.025697975713070077 -0.0020303750889946095 0.033463369349286676
leaf_weight=44.99884150060825 11.676480442285539 135.30292582511902 39.85127580165863 553.36106431484222 12.078875333070753 8420.5800499096513 19.580567963421345 9.0427914410829526 470.39726592600346 72.208452209830284 21.38557143509388 95.483381882309914 47.921872511506081 14853.603644218296 15.588596127927302 13.625166490674017 49.04702016711235 14.617001205682756 39.23974646627903 205.74698111414909 28.701931789517403 9.135490268468855 35.536208614706993 179.19153889268637 18.282443881034851 7.0570224821567527 15.700129359960554 14.286930009722708 792.17114904522896 15.24312651157379
leaf_count=29288 26 327 101 1233 45 20801 42 37 1224 185 76 333 93 36667 67 26 148 30 124 401 63 39 111 542 64 9 62 47 2049 22
internal_value=4.96254e-05 0.000101285 0.000599328 0.00713418 -0.0208947 -0.000805821 -0.0052216 -0.00601253 -0.00545236 0.00142925 -0.00685135 -0.00881872 0.0122298 0.000368615 -0.00296402 -0.00250499 0.00420045 0.00819653 -0.0103841 0.0120237 0.0161747 -0.00616938 -0.0053363 -0.00586439 -0.00378379 -0.00754871 -0.0152177 0.0017246 -0.00275785 0.00388987
internal_weight=26260.6 26215.6 16923.7 577.116 23.7554 9291.9 871.323 851.742 842.699 276.819 156.688 565.881 120.13 16346.6 1493.02 1477.43 438.627 344.293 94.3341 295.245 243.584 37.8374 1038.81 1025.18 845.99 51.6611 44.6041 28.9039 810.454 55.0944
internal_count=94282 64994 41876 1304 71 23118 2317 2275 2238 681 403 1557 278 40572 3905 3838 1046 799 247 651 503 102 2792 2766 2224 148 139 77 2113 123
is_linear=0
shrinkage=0.03


Tree=181
num_leaves=31
num_cat=0
split_feature=16 4 13 8 13 3 12 12 7 14 6 0 16 8 8 12 1 6 6 5 3 14 14 5 8 6 12 12 1 8
split_gain=44.016 12.8328 26.0177 19.6328 17.628 21.5461 21.2691 25.0304 23.496 21.1301 27.6215 21.5327 20.525 15.9555 19.046 32.7356 17.5739 18.4397 37.8296 35.1497 22.1976 21.2727 22.3019 21.2376 25.3961 20.5773 20.2039 19.1654 16.6489 16.3249
threshold=0.099609374708175838 6.166664868056424 -0.19056528033879752 0.8702796562213243 0.89062049397205278 0.00015500000000000239 0.33846878365630567 -0.37971033595474174 1.0000000180025095e-35 0.049280839039196875 71.461813130309963 0.0017688374661264385 0.23663289337328705 0.92055351374678973 0.91019182131506204 -0.8086313091411037 -0.029304925570076242 37.784784127716691 39.671928473808528 -0.016013537596299508 47.335000000000043 0.076910554624664659 -0.011306151729758939 -0.022110337506983175 1.7950459958334704 32.566907693532073 1.6326075603609775 2.4852955943205015 -0.0075712212117461921 1.1825366146137448
decision_type=2 2 2 2 2 2 2 2 2 2 2 2 2 2 2 2 2 2 2 2 2 2 2 2 2 2 2 2 2 2
left_child=-1 4 -3 -4 5 -2 7 8 -6 10 -8 -12 -9 14 -5 -16 -15 19 -19 23 21 22 26 25 -25 -18 -21 -28 -23 -24
right_child=1 2 3 13 6 -7 9 12 -10 -11 11 -13 -14 16 15 -17 17 18 -20 20 -22 28 29 24 -26 -27 27 -29 -30 -31
leaf_value=-0.030045142371426501 0.021040158429657708 -0.044509432875054211 0.0014678568421818109 -0.0062365566559901657 0.033746459883784115 0.000233182906032429 0.014579179139490668 -0.04394122056213192 -0.013940802021837046 0.0356383129652501 -0.0029123307262836364 -0.069325585158972858 -0.0032264122257218831 -0.018541260534369622 0.013148845290208665 -0.042381063449063207 -0.0090807018933271762 -0.031044981035567833 -0.0027178033521375834 0.0075969018730869305 -0.031298131955826938 -0.0043633616371640408 -0.011740241431648148 -0.032063191214687557 0.026267729999274361 0.020149046947928288 0.046286848245168627 0.0010715745051573802 0.036071776584937959 0.0098300899830644044
leaf_weight=43.670895863790065 44.88170599937439 12.6432798653841 1352.8646990135312 220.90649196505547 22.328830644488335 22244.992646671832 121.01752499490976 18.016567513346672 15.935073763132094 33.234780892729759 14.76180610060692 6.2556287646293631 29.210636340081692 57.397272378206253 13.181151255965231 34.726460576057434 82.522222951054573 43.831005662679672 1326.9189614355564 195.77749782800674 13.079781621694563 11.983260780572889 85.709816440939903 48.529153347015381 7.7968122959136954 29.39806966483593 25.686217769980431 12.563794970512388 38.961544953286648 49.998337119817734
leaf_count=29288 83 48 3112 584 37 54899 245 66 46 45 34 26 76 220 30 125 276 164 3470 512 47 34 262 197 18 70 34 32 65 137
internal_value=4.81017e-05 9.8233e-05 -0.00154834 -0.0013996 0.0003658 0.000275079 0.00812069 -0.00414715 0.013887 0.0141046 0.00906587 -0.0226796 -0.0187586 -0.003087 -0.00995529 -0.0271027 -0.00217756 -0.00170146 -0.00362359 0.00267518 0.00718988 0.00838655 0.0058824 -0.00896431 -0.0239888 -0.00140293 0.0114931 0.0314352 0.0265606 -0.00379318
internal_weight=26258.8 26215.1 3664.48 3651.83 22550.6 22289.9 260.761 85.4911 38.2639 175.27 142.035 21.0174 47.2272 2298.97 268.814 47.9076 2030.15 1972.76 1370.75 602.007 433.76 420.68 369.736 168.246 56.326 111.92 234.028 38.25 50.9448 135.708
internal_count=94282 64994 9437 9389 55557 54982 575 225 83 350 305 60 142 6277 739 155 5538 5318 3634 1684 1123 1076 977 561 215 346 578 66 99 399
is_linear=0
shrinkage=0.03


Tree=182
num_leaves=31
num_cat=0
split_feature=16 11 14 14 16 9 13 2 12 13 9 6 12 12 14 12 2 13 16 13 2 3 1 15 9 15 11 7 5 12
split_gain=42.7069 15.9721 23.5596 28.5023 29.0022 25.1735 21.6766 28.0467 21.5141 26.8009 19.7773 21.0926 19.2711 18.4345 16.3998 31.8519 20.0402 17.792 17.1293 17.1112 18.6949 16.6528 17.6354 25.2773 21.5755 30.3369 28.6596 30.0473 30.3583 24.1288
threshold=0.099609374708175838 -13.844896707951557 0.13091552987906196 0.14310652739714641 0.12519620000603046 0.037807533892747075 -0.66093955186495312 0.0053208255658246896 -0.25882246688701432 -0.19827898989924245 0.16826729082782668 88.196861982089771 0.97550022789698188 -0.72061381269967184 0.078641242415783838 -0.65751861306528625 0.0079869635655516642 -0.33503283589533855 0.12622357313429969 4.5856214600769807 8.4240201018143937e-05 0.00025999999999998946 0.017266266567690706 0.058627036480018206 0.067707820545920325 0.034192633635523002 -22.037249405368701 1.0000000180025095e-35 0.0020423189581493775 -0.9214068423180467
decision_type=2 2 2 2 2 2 2 2 2 2 2 2 2 2 2 2 2 2 2 2 2 2 2 2 2 2 2 2 2 2
left_child=-1 2 6 4 -4 -5 7 -2 9 -7 11 12 14 -12 19 18 17 -17 -16 21 -21 -8 24 -24 26 -26 -23 28 -28 -27
right_child=1 -3 3 5 -6 8 10 -9 -10 -11 13 -13 -14 -15 15 16 -18 -19 -20 20 -22 22 23 -25 25 29 27 -29 -30 -31
leaf_value=-0.030043806254725698 -0.035302823998093244 -0.00014520781650835681 0.008279799383710533 0.010800836692900037 -0.058762625032247356 -0.045471430476615594 0.015565600092537392 0.011714612222739377 0.015659433842116835 0.0010864419364437824 0.0085661529062192321 0.026859835394242349 0.020986980143078642 -0.038092333610692246 -0.031903405975529903 -0.0089736407759212801 0.039677338998037881 0.019581451597099325 0.0025666866600044936 -0.041886654388019702 0.014858043335176074 -0.0078053751299214458 -0.035490427196805299 0.0074374909666714067 0.010821712371608096 0.016516560117927237 -0.0097858281381594889 0.0071834912893603423 0.0069642063448835953 -0.021463055473255419
leaf_weight=42.382082165277097 29.127309426665306 23713.045145101845 8.5368164032697695 59.470146715641022 18.16288161277771 27.482652984559532 83.00454492866993 18.780857756733894 14.151031598448752 18.698874175548557 12.495163567364214 35.288012430071831 55.21751195192337 19.536933586001396 15.260797441005705 25.259671911597252 33.354696094989777 88.241282224655151 86.610632255673409 15.897537022829058 7.7837896198034278 301.67979498207569 26.908540219068527 22.809717029333115 415.0373252555728 21.373003743588924 256.10286705195904 576.35009409487247 157.1359319537878 50.927707463502884
leaf_count=29288 106 58995 19 123 75 111 165 43 30 47 43 51 95 102 51 68 49 163 211 57 16 784 100 56 964 49 683 1226 346 166
internal_value=4.66193e-05 9.52692e-05 0.00237562 -0.00929713 -0.0373268 -0.00305031 0.00310202 -0.0168711 -0.0167035 -0.0266202 0.00351693 0.00384663 0.00348392 -0.0198917 0.00304134 0.0102927 0.0192342 0.0132265 -0.00259709 0.00210925 -0.0232353 0.00242326 0.00182661 -0.015796 0.00231922 0.00769765 0.000289351 0.00275706 -0.00341655 -0.0102358
internal_weight=26256.1 26213.7 2500.69 146.502 26.6997 119.803 2354.18 47.9082 60.3326 46.1815 2306.28 2274.24 2238.96 32.0321 2183.74 248.727 146.856 113.501 101.871 1935.01 23.6813 1911.33 1828.32 49.7183 1778.61 487.338 1291.27 989.589 413.239 72.3007
internal_count=94282 64994 5999 405 94 311 5594 149 188 158 5445 5300 5249 145 5154 542 280 231 262 4612 73 4539 4374 156 4218 1179 3039 2255 1029 215
is_linear=0
shrinkage=0.03


Tree=183
num_leaves=31
num_cat=0
split_feature=16 11 12 11 15 16 15 16 6 14 14 14 3 3 5 12 15 1 1 5 12 15 16 14 12 12 13 13 13 0
split_gain=41.437 15.208 21.8161 21.9168 23.2527 35.9678 38.591 33.258 29.859 24.1331 21.9782 21.6395 15.5682 28.1784 26.9205 13.8553 24.6564 22.7657 24.127 21.8014 13.2855 20.3889 19.759 17.3168 13.1887 29.5259 27.6583 24.8182 22.7631 19.4001
threshold=0.099609374708175838 -15.243249476455416 0.97550022789698188 -24.487076457424862 -0.05904780827690357 0.30894308859365022 0.22977115785836225 0.1294117640715117 74.056288951659909 -0.064771031058306214 -0.12732565450497271 0.057816304024757327 194.89999999999785 157.5499999999993 -0.0011542355333580678 -0.29811598459392485 -0.15474030571768138 -0.0026706529528506824 0.0034532086754196505 -0.011731680582251372 -1.1868084470768936 -0.065125811927797636 0.17019099537546106 -0.0025544374112419044 -0.59119395119972273 -0.56666193909248974 -0.24252894554351162 2.4263964971946272 -0.24252894554351162 -0.0024143029448394633
decision_type=2 2 2 2 2 2 2 2 2 2 2 2 2 2 2 2 2 2 2 2 2 2 2 2 2 2 2 2 2 2
left_child=-1 2 3 4 7 6 8 9 11 -2 -9 -6 13 20 -14 16 19 -18 -19 -12 21 22 23 -5 27 26 -26 28 29 -22
right_child=1 -3 -4 12 5 -7 -8 10 -10 -11 15 -13 14 -15 -16 -17 17 18 -20 -21 24 -23 -24 -25 25 -27 -28 -29 -30 -31
leaf_value=-0.030042509755626817 -0.055389246088380223 -0.00011870589718217833 0.022356894463216315 -0.053575553635551026 -0.012242439884502165 -0.056269904617886772 0.029274237414837576 -0.013910485094513017 0.010732717103633311 -0.0043883629936113172 -0.056197343149350376 -0.040414331418815279 0.006085458713764029 0.034563684236591029 -0.032241483403877676 0.027259931555562483 -0.01303598822399956 0.037693393816985034 -0.0063135458584602693 -0.00067258908621082106 0.011113180880279645 -0.034211604766689656 0.022981817323154401 0.01481090932282347 -0.060634222820478652 0.0026513151435475619 -0.0048421468637651144 -0.025865055440204197 0.012711996376372174 -0.0031470194566682107
leaf_weight=41.131250555161387 13.678319483995436 24151.029880009592 48.938013643026352 7.7298901081085187 83.797966554760933 15.038892611861227 21.959478214383125 34.8829685151577 35.916290283203125 21.43697415292263 8.298009514808653 34.700703606009483 38.224548920989037 27.192090436816216 29.012249141931534 41.555387921631336 17.684195339679718 41.878748655319214 15.312153220176695 27.311275444924831 139.64609144628048 20.733551993966103 19.600435793399811 5.8579912185668945 12.911809913814066 631.89237978309393 21.008596181869507 20.234998166561127 401.99124141782522 222.92565173283219
leaf_count=29288 57 60064 82 33 248 63 40 99 76 57 35 134 85 39 96 71 55 61 43 70 302 76 37 12 54 1463 55 64 845 578
internal_value=4.51935e-05 9.24057e-05 0.00256581 0.00208453 -0.00407231 -0.0117349 -0.00793749 0.00253337 -0.0132294 -0.0242545 0.00756575 -0.0204922 0.00367654 0.00429674 -0.0104524 0.0124931 0.00693901 0.0167125 0.0259111 -0.0136115 0.00374972 -0.0108721 0.00370861 -0.0240929 0.00429324 0.0011876 -0.0260794 0.00692802 0.00779592 0.00234536
internal_weight=26253.5 26212.4 2061.35 2012.41 413.451 191.413 176.374 222.038 154.415 35.1153 186.923 118.499 1598.96 1531.72 67.2368 152.04 110.484 74.8751 57.1909 35.6093 1504.53 53.9219 33.1883 13.5879 1450.61 665.813 33.9204 784.798 764.563 362.572
internal_count=94282 64994 4930 4848 1109 561 498 548 458 114 434 382 3739 3558 181 335 264 159 104 105 3519 158 82 45 3361 1572 109 1789 1725 880
is_linear=0
shrinkage=0.03


end of trees

feature_importances:
atr_ratio=660
bb_width=559
ema_diff=537
rsi_14=477
volatility_slope=431
efficiency_ratio=430
vol_z=420
body_size=371
ret_3=350
whale_z=255
cvd_slope=245
wick_ratio=229
flow_imbalance=208
ret_1=194
trend_strength=89
ttm_squeeze=37
log_ret=28

parameters:
[boosting: gbdt]
[objective: binary]
[metric: auc]
[tree_learner: serial]
[device_type: cpu]
[data_sample_strategy: bagging]
[data: ]
[valid: ]
[num_iterations: 1000]
[learning_rate: 0.03]
[num_leaves: 31]
[num_threads: 4]
[seed: 0]
[deterministic: 0]
[force_col_wise: 0]
[force_row_wise: 0]
[histogram_pool_size: -1]
[max_depth: -1]
[min_data_in_leaf: 20]
[min_sum_hessian_in_leaf: 0.001]
[bagging_fraction: 0.8]
[pos_bagging_fraction: 1]
[neg_bagging_fraction: 1]
[bagging_freq: 5]
[bagging_seed: 3]
[bagging_by_query: 0]
[feature_fraction: 0.9]
[feature_fraction_bynode: 1]
[feature_fraction_seed: 2]
[extra_trees: 0]
[extra_seed: 6]
[early_stopping_round: 0]
[early_stopping_min_delta: 0]
[first_metric_only: 0]
[max_delta_step: 0]
[lambda_l1: 0]
[lambda_l2: 0]
[linear_lambda: 0]
[min_gain_to_split: 0]
[drop_rate: 0.1]
[max_drop: 50]
[skip_drop: 0.5]
[xgboost_dart_mode: 0]
[uniform_drop: 0]
[drop_seed: 4]
[top_rate: 0.2]
[other_rate: 0.1]
[min_data_per_group: 100]
[max_cat_threshold: 32]
[cat_l2: 10]
[cat_smooth: 10]
[max_cat_to_onehot: 4]
[top_k: 20]
[monotone_constraints: ]
[monotone_constraints_method: basic]
[monotone_penalty: 0]
[feature_contri: ]
[forcedsplits_filename: ]
[refit_decay_rate: 0.9]
[cegb_tradeoff: 1]
[cegb_penalty_split: 0]
[cegb_penalty_feature_lazy: ]
[cegb_penalty_feature_coupled: ]
[path_smooth: 0]
[interaction_constraints: ]
[verbosity: -1]
[saved_feature_importance_type: 0]
[use_quantized_grad: 0]
[num_grad_quant_bins: 4]
[quant_train_renew_leaf: 0]
[stochastic_rounding: 1]
[linear_tree: 0]
[max_bin: 255]
[max_bin_by_feature: ]
[min_data_in_bin: 3]
[bin_construct_sample_cnt: 200000]
[data_random_seed: 1]
[is_enable_sparse: 1]
[enable_bundle: 1]
[use_missing: 1]
[zero_as_missing: 0]
[feature_pre_filter: 1]
[pre_partition: 0]
[two_round: 0]
[header: 0]
[label_column: ]
[weight_column: ]
[group_column: ]
[ignore_column: ]
[categorical_feature: ]
[forcedbins_filename: ]
[precise_float_parser: 0]
[parser_config_file: ]
[objective_seed: 5]
[num_class: 1]
[is_unbalance: 0]
[scale_pos_weight: 5]
[sigmoid: 1]
[boost_from_average: 1]
[reg_sqrt: 0]
[alpha: 0.9]
[fair_c: 1]
[poisson_max_delta_step: 0.7]
[tweedie_variance_power: 1.5]
[lambdarank_truncation_level: 30]
[lambdarank_norm: 1]
[label_gain: ]
[lambdarank_position_bias_regularization: 0]
[eval_at: ]
[multi_error_top_k: 1]
[auc_mu_weights: ]
[num_machines: 1]
[local_listen_port: 12400]
[time_out: 120]
[machine_list_filename: ]
[machines: ]
[gpu_platform_id: -1]
[gpu_device_id: -1]
[gpu_use_dp: 0]
[num_gpu: 1]

end of parameters

pandas_categorical:[]
